GeneID,NumberOfLiterature,PubMedIDs,GeneSymbol,Alias,Xref,Chromosome,Cytoband,FullName,GeneType,Description
7249,3,"15624760,28409891,15072102,",TSC2,LAM|PPP1R160|TSC4,MIM:191092|HGNC:HGNC:12363|Ensembl:ENSG00000103197|Vega:OTTHUMG00000128745,16,16p13.3,TSC complex subunit 2,protein-coding,"tuberin|protein phosphatase 1, regulatory subunit 160|tuberous sclerosis 2 protein"
5979,2,"22031517,20205103,",RET,CDHF12|CDHR16|HSCR1|MEN2A|MEN2B|MTC1|PTC|RET-ELE1|RET51,MIM:164761|HGNC:HGNC:9967|Ensembl:ENSG00000165731|Vega:OTTHUMG00000018024,10,10q11.21,ret proto-oncogene,protein-coding,"proto-oncogene tyrosine-protein kinase receptor Ret|CUX1/RET fusion|RET receptor tyrosine kinase|RET transforming sequence|cadherin family member 12|cadherin-related family member 16|hydroxyaryl-protein kinase|proto-oncogene c-Ret|rearranged during transfection|receptor tyrosine kinase|ret proto-oncogene (multiple endocrine neoplasia and medullary thyroid carcinoma 1, Hirschsprung disease)"
3596,1,"26516307,",IL13,IL-13|P600,MIM:147683|HGNC:HGNC:5973|Ensembl:ENSG00000169194|Vega:OTTHUMG00000059723,5,5q31.1,interleukin 13,protein-coding,interleukin-13
3074,1,"16710745,",HEXB,ENC-1AS|HEL-248|HEL-S-111,MIM:606873|HGNC:HGNC:4879|Ensembl:ENSG00000049860|Vega:OTTHUMG00000102057,5,5q13.3,hexosaminidase subunit beta,protein-coding,beta-hexosaminidase subunit beta|HCC-7|N-acetyl-beta-glucosaminidase subunit beta|beta-N-acetylhexosaminidase subunit beta|beta-hexosaminidase beta-subunit|cervical cancer proto-oncogene 7 protein|epididymis luminal protein 248|epididymis secretory protein Li 111|hexosaminidase B (beta polypeptide)|hexosaminidase subunit B
4869,5,"20533335,17922009,17488663,17690253,12555065,",NPM1,B23|NPM,MIM:164040|HGNC:HGNC:7910|Ensembl:ENSG00000181163|Vega:OTTHUMG00000130465,5,5q35.1,nucleophosmin 1,protein-coding,"nucleophosmin|nucleolar protein NO38|nucleophosmin (nucleolar phosphoprotein B23, numatrin)|nucleophosmin/nucleoplasmin family, member 1|testicular tissue protein Li 128"
8350,6,"29809131,27694758,27135271,29727696,28183840,26517431,",HIST1H3A,H3/A|H3FA,MIM:602810|HGNC:HGNC:4766|Ensembl:ENSG00000275714|Vega:OTTHUMG00000014418,6,6p22.2,histone cluster 1 H3 family member a,protein-coding,"histone H3.1|H3 histone family, member A|histone 1, H3a|histone H3/a|histone cluster 1, H3a"
1050,1,"27591677,",CEBPA,C/EBP-alpha|CEBP,MIM:116897|HGNC:HGNC:1833|Ensembl:ENSG00000245848|Vega:OTTHUMG00000161461,19,19q13.11,CCAAT/enhancer binding protein alpha,protein-coding,"CCAAT/enhancer-binding protein alpha|CCAAT/enhancer binding protein (C/EBP), alpha"
6361,1,"18395252,",CCL17,A-152E5.3|ABCD-2|SCYA17|TARC,MIM:601520|HGNC:HGNC:10615|Ensembl:ENSG00000102970|Vega:OTTHUMG00000133468,16,16q21,C-C motif chemokine ligand 17,protein-coding,"C-C motif chemokine 17|CC chemokine TARC|T cell-directed CC chemokine|chemokine (C-C motif) ligand 17|small inducible cytokine subfamily A (Cys-Cys), member 17|small-inducible cytokine A17|thymus and activation-regulated chemokine"
63827,1,"28695888,",BCAN,BEHAB|CSPG7,MIM:600347|HGNC:HGNC:23059|Ensembl:ENSG00000132692|Vega:OTTHUMG00000033322,1,1q23.1,brevican,protein-coding,brevican core protein|brain-enriched hyaluronan-binding protein|chondroitin sulfate proteoglycan 7|chondroitin sulfate proteoglycan BEHAB
1387,2,"29551561,24115570,",CREBBP,CBP|KAT3A|RSTS|RSTS1,MIM:600140|HGNC:HGNC:2348|Ensembl:ENSG00000005339|Vega:OTTHUMG00000129431,16,16p13.3,CREB binding protein,protein-coding,CREB-binding protein
1031,3,"27588406,17099725,16260494,",CDKN2C,INK4C|p18|p18-INK4C,MIM:603369|HGNC:HGNC:1789|Ensembl:ENSG00000123080|Vega:OTTHUMG00000008046,1,1p32.3,cyclin dependent kinase inhibitor 2C,protein-coding,"cyclin-dependent kinase 4 inhibitor C|CDK6 inhibitor p18|cyclin-dependent inhibitor|cyclin-dependent kinase 6 inhibitor p18|cyclin-dependent kinase inhibitor 2C (p18, inhibits CDK4)|p18-INK6"
4361,1,"28819025,",MRE11,ATLD|HNGS1|MRE11A|MRE11B,MIM:600814|HGNC:HGNC:7230|Ensembl:ENSG00000020922|Vega:OTTHUMG00000167780,11,11q21,"MRE11 homolog, double strand break repair nuclease",protein-coding,"double-strand break repair protein MRE11|double-strand break repair protein MRE11A|AT-like disease|DNA recombination and repair protein|MRE11 double strand break repair nuclease A|MRE11 homolog 1|MRE11 homolog A, double strand break repair nuclease|MRE11 homolog, double strand break repair nuclease A|MRE11 meiotic recombination 11 homolog A|MRE11 meiotic recombination 11-like protein A|endo/exonuclease Mre11|meiotic recombination 11 homolog 1|meiotic recombination 11 homolog A"
10411,1,"28216156,",RAPGEF3,CAMP-GEFI|EPAC|EPAC1|HSU79275|bcm910,MIM:606057|HGNC:HGNC:16629|Ensembl:ENSG00000079337|Vega:OTTHUMG00000133667,12,12q13.11,Rap guanine nucleotide exchange factor 3,protein-coding,rap guanine nucleotide exchange factor 3|9330170P05Rik|EPAC 1|Rap guanine nucleotide exchange factor (GEF) 3|Rap1 guanine-nucleotide-exchange factor directly activated by cAMP|cAMP-regulated guanine nucleotide exchange factor I|exchange factor directly activated by cAMP 1|exchange protein directly activated by cAMP 1
3588,1,"28982901,",IL10RB,CDW210B|CRF2-4|CRFB4|D21S58|D21S66|IL-10R2,MIM:123889|HGNC:HGNC:5965|Ensembl:ENSG00000243646|Vega:OTTHUMG00000065128,21,21q22.11,interleukin 10 receptor subunit beta,protein-coding,"interleukin-10 receptor subunit beta|IL-10 receptor subunit beta|IL-10R subunit 2|IL-10R subunit beta|IL-10RB|cytokine receptor class-II CRF2-4|cytokine receptor class-II member 4|cytokine receptor family 2 member 4|cytokine receptor family II, member 4|interleukin 10 receptor, beta|interleukin-10 receptor subunit 2"
578,1,"28337703,",BAK1,BAK|BAK-LIKE|BCL2L7|CDN1,MIM:600516|HGNC:HGNC:949|Ensembl:ENSG00000030110|Vega:OTTHUMG00000014530,6,6p21.31,BCL2 antagonist/killer 1,protein-coding,bcl-2 homologous antagonist/killer|BCL2-like 7 protein|apoptosis regulator BAK|bcl-2-like protein 7|bcl2-L-7|pro-apoptotic protein BAK
79618,1,"30257388,",HMBOX1,HNF1LA|HOT1|PBHNF,HGNC:HGNC:26137|Ensembl:ENSG00000147421|Vega:OTTHUMG00000172138,8,8p21.1-p12,homeobox containing 1,protein-coding,homeobox-containing protein 1|homeobox telomere-binding protein 1|homeobox-containing protein PBHNF
2067,3,"17151930,26264164,25192052,",ERCC1,COFS4|RAD10|UV20,MIM:126380|HGNC:HGNC:3433|Ensembl:ENSG00000012061|Vega:OTTHUMG00000182121,19,19q13.32,"ERCC excision repair 1, endonuclease non-catalytic subunit",protein-coding,"DNA excision repair protein ERCC-1|excision repair cross-complementation group 1|excision repair cross-complementing rodent repair deficiency, complementation group 1 (includes overlapping antisense sequence)"
4893,3,"21209378,26597176,17712732,",NRAS,ALPS4|CMNS|N-ras|NCMS|NRAS1|NS6,MIM:164790|HGNC:HGNC:7989|Ensembl:ENSG00000213281|Vega:OTTHUMG00000012059,1,1p13.2,"NRAS proto-oncogene, GTPase",protein-coding,GTPase NRas|N-ras protein part 4|neuroblastoma RAS viral (v-ras) oncogene homolog|neuroblastoma RAS viral oncogene homolog|transforming protein N-Ras|v-ras neuroblastoma RAS viral oncogene homolog
7704,1,"24764561,",ZBTB16,PLZF|ZNF145,MIM:176797|HGNC:HGNC:12930|Ensembl:ENSG00000109906|Vega:OTTHUMG00000168243,11,11q23.2,zinc finger and BTB domain containing 16,protein-coding,"zinc finger and BTB domain-containing protein 16|promyelocytic leukaemia zinc finger|zinc finger protein 145 (Kruppel-like, expressed in promyelocytic leukemia)|zinc finger protein PLZF"
8929,1,"28464318,",PHOX2B,NBLST2|NBPhox|PMX2B,MIM:603851|HGNC:HGNC:9143|Ensembl:ENSG00000109132|Vega:OTTHUMG00000099379,4,4p13,paired like homeobox 2b,protein-coding,paired mesoderm homeobox protein 2B|PHOX2B homeodomain protein|neuroblastoma Phox|neuroblastoma paired-type homeobox protein|paired mesoderm homeobox 2b|paired-like homeobox 2B
1630,1,"27096627,",DCC,CRC18|CRCR1|HGPPS2|IGDCC1|MRMV1|NTN1R1,MIM:120470|HGNC:HGNC:2701|Ensembl:ENSG00000187323|Vega:OTTHUMG00000132698,18,18q21.2,DCC netrin 1 receptor,protein-coding,netrin receptor DCC|colorectal cancer suppressor|deleted in colorectal carcinoma|immunoglobulin superfamily DCC subclass member 1|putative colorectal tumor suppressor|tumor suppressor protein DCC
978,1,"27979915,",CDA,CDD,MIM:123920|HGNC:HGNC:1712|Ensembl:ENSG00000158825|Vega:OTTHUMG00000002845,1,1p36.12,cytidine deaminase,protein-coding,cytidine deaminase|cytidine aminohydrolase|cytosine nucleoside deaminase|small cytidine deaminase
4774,2,"24305710,24167280,",NFIA,BRMUTD|CTF|NF-I/A|NF1-A|NFI-A|NFI-L,MIM:600727|HGNC:HGNC:7784|Ensembl:ENSG00000162599|Vega:OTTHUMG00000008618,1,1p31.3,nuclear factor I A,protein-coding,nuclear factor 1 A-type|CCAAT-box-binding transcription factor|TGGCA-binding protein
8743,6,"28337703,12604406,16607283,27849590,18341587,23579274,",TNFSF10,APO2L|Apo-2L|CD253|TL2|TNLG6A|TRAIL,MIM:603598|HGNC:HGNC:11925|Ensembl:ENSG00000121858|Vega:OTTHUMG00000156917,3,3q26.31,TNF superfamily member 10,protein-coding,"tumor necrosis factor ligand superfamily member 10|Apo-2 ligand|TNF-related apoptosis inducing ligand TRAIL|chemokine tumor necrosis factor ligand superfamily member 10|tumor necrosis factor (ligand) family, member 10|tumor necrosis factor (ligand) superfamily, member 10|tumor necrosis factor apoptosis-inducing ligand splice variant delta|tumor necrosis factor ligand 6A|tumor necrosis factor superfamily member 10"
3741,1,"12850541,",KCNA5,ATFB7|HCK1|HK2|HPCN1|KV1.5|PCN1,MIM:176267|HGNC:HGNC:6224|Ensembl:ENSG00000130037|Vega:OTTHUMG00000168232,12,12p13.32,potassium voltage-gated channel subfamily A member 5,protein-coding,"potassium voltage-gated channel subfamily A member 5|cardiac potassium channel|insulinoma and islet potassium channel|potassium channel 1|potassium channel, voltage gated shaker related subfamily A, member 5|potassium voltage-gated channel, shaker-related subfamily, member 5|voltage-gated potassium channel HK2|voltage-gated potassium channel protein Kv1.5|voltage-gated potassium channel subunit Kv1.5"
1244,1,"19885582,",ABCC2,ABC30|CMOAT|DJS|MRP2|cMRP,MIM:601107|HGNC:HGNC:53|Ensembl:ENSG00000023839|Vega:OTTHUMG00000018895,10,10q24.2,ATP binding cassette subfamily C member 2,protein-coding,"canalicular multispecific organic anion transporter 1|ATP-binding cassette, sub-family C (CFTR/MRP), member 2|canalicular multidrug resistance protein|multidrug resistance-associated protein 2"
4171,2,"20661220,20174894,",MCM2,BM28|CCNL1|CDCL1|D3S3194|DFNA70|MITOTIN|cdc19,MIM:116945|HGNC:HGNC:6944|Ensembl:ENSG00000073111|Vega:OTTHUMG00000159637,3,3q21.3,minichromosome maintenance complex component 2,protein-coding,DNA replication licensing factor MCM2|cell devision cycle-like 1|cyclin-like 1|minichromosome maintenance deficient 2 (mitotin)|minichromosome maintenance protein 2 homolog|nuclear protein BM28
80142,1,"19347995,",PTGES2,C9orf15|GBF-1|GBF1|PGES2|mPGES-2,MIM:608152|HGNC:HGNC:17822|Ensembl:ENSG00000148334|Vega:OTTHUMG00000020730,9,9q34.11,prostaglandin E synthase 2,protein-coding,prostaglandin E synthase 2|GATE-binding factor 1|gamma-interferon-activated transcriptional element-binding factor 1|mPGE synthase-2|membrane-associated prostaglandin E synthase 2|microsomal prostaglandin E synthase-2|prostaglandin-H(2) E-isomerase
6657,12,"27230973,21919124,22937156,24094324,25956343,23667531,23596255,24954133,25696994,21518820,22070920,22069467,",SOX2,ANOP3|MCOPS3,MIM:184429|HGNC:HGNC:11195|Ensembl:ENSG00000181449|Vega:OTTHUMG00000158222,3,3q26.33,SRY-box 2,protein-coding,transcription factor SOX-2|SRY (sex determining region Y)-box 2|SRY-related HMG-box gene 2|sex determining region Y-box 2|transcription factor SOX2
10401,3,"28035384,28035977,15138572,",PIAS3,ZMIZ5,MIM:605987|HGNC:HGNC:16861|Ensembl:ENSG00000131788|Vega:OTTHUMG00000013750,1,1q21.1,protein inhibitor of activated STAT 3,protein-coding,"E3 SUMO-protein ligase PIAS3|protein inhibitor of activated STAT protein 3|zinc finger, MIZ-type containing 5"
5335,2,"25304611,24706664,",PLCG1,NCKAP3|PLC-II|PLC1|PLC148|PLCgamma1,MIM:172420|HGNC:HGNC:9065|Ensembl:ENSG00000124181|Vega:OTTHUMG00000033082,20,20q12,phospholipase C gamma 1,protein-coding,"1-phosphatidylinositol 4,5-bisphosphate phosphodiesterase gamma-1|1-phosphatidyl-D-myo-inositol-4,5-bisphosphate|PLC-148|PLC-gamma-1|inositoltrisphosphohydrolase|monophosphatidylinositol phosphodiesterase|phosphatidylinositol phospholipase C|phosphoinositidase C|phosphoinositide phospholipase C|phosphoinositide phospholipase C-gamma-1|phospholipase C, gamma 1 (formerly subtype 148)|phospholipase C-148|phospholipase C-II|triphosphoinositide phosphodiesterase"
1969,3,"17332925,23686814,18172271,",EPHA2,ARCC2|CTPA|CTPP1|CTRCT6|ECK,MIM:176946|HGNC:HGNC:3386|Ensembl:ENSG00000142627|Vega:OTTHUMG00000009527,1,1p36.13,EPH receptor A2,protein-coding,ephrin type-A receptor 2|epithelial cell receptor protein tyrosine kinase|soluble EPHA2 variant 1|tyrosine-protein kinase receptor ECK
1233,2,"29030090,15328188,",CCR4,CC-CKR-4|CD194|CKR4|CMKBR4|ChemR13|HGCN:14099|K5-5,MIM:604836|HGNC:HGNC:1605|Ensembl:ENSG00000183813|Vega:OTTHUMG00000130752,3,3p22.3,C-C motif chemokine receptor 4,protein-coding,C-C chemokine receptor type 4|C-C CKR-4|CCR-4|chemokine (C-C motif) receptor 4|chemokine (C-C) receptor 4
8473,1,"24580054,",OGT,HINCUT-1|HRNT1|MRX106|O-GLCNAC|OGT1,MIM:300255|HGNC:HGNC:8127|Ensembl:ENSG00000147162|Vega:OTTHUMG00000033316,X,Xq13.1,O-linked N-acetylglucosamine (GlcNAc) transferase,protein-coding,UDP-N-acetylglucosamine--peptide N-acetylglucosaminyltransferase 110 kDa subunit|O-GlcNAc transferase p110 subunit|O-GlcNAc transferase subunit p110|O-linked N-acetylglucosamine (GlcNAc) transferase (UDP-N-acetylglucosamine:polypeptide-N-acetylglucosaminyl transferase)|O-linked N-acetylglucosamine transferase 110 kDa subunit|UDP-N-acetylglucosamine:polypeptide-N-acetylglucosaminyl transferase|uridinediphospho-N-acetylglucosamine:polypeptide beta-N-acetylglucosaminyl transferase
3065,3,"21143702,24036913,28276480,",HDAC1,GON-10|HD1|RPD3|RPD3L1,MIM:601241|HGNC:HGNC:4852|Ensembl:ENSG00000116478|Vega:OTTHUMG00000007529,1,1p35.2-p35.1,histone deacetylase 1,protein-coding,"histone deacetylase 1|reduced potassium dependency, yeast homolog-like 1"
27113,2,"18573879,23243310,",BBC3,JFY-1|JFY1|PUMA,MIM:605854|HGNC:HGNC:17868|Ensembl:ENSG00000105327|Vega:OTTHUMG00000183489,19,19q13.32,BCL2 binding component 3,protein-coding,bcl-2-binding component 3|p53 up-regulated modulator of apoptosis|p53-upregulated modulator of apoptosis
2932,5,"19882709,17016438,28042322,28650469,28208230,",GSK3B,-,MIM:605004|HGNC:HGNC:4617|Ensembl:ENSG00000082701|Vega:OTTHUMG00000133765,3,3q13.33,glycogen synthase kinase 3 beta,protein-coding,glycogen synthase kinase-3 beta|GSK-3 beta|GSK3beta isoform|serine/threonine-protein kinase GSK3B
22876,1,"25476455,",INPP5F,MSTP007|MSTPO47|SAC2|hSAC2,MIM:609389|HGNC:HGNC:17054|Ensembl:ENSG00000198825|Vega:OTTHUMG00000019158,10,10q26.11,inositol polyphosphate-5-phosphatase F,protein-coding,phosphatidylinositide phosphatase SAC2|Sac domain-containing inositol phosphatase 2|sac domain-containing phosphoinositide 4-phosphatase 2|sac domain-containing phosphoinositide 5-phosphatase 2
2073,2,"23534771,26264164,",ERCC5,COFS3|ERCC5-201|ERCM2|UVDR|XPG|XPGC,MIM:133530|HGNC:HGNC:3437|Ensembl:ENSG00000134899|Vega:OTTHUMG00000017310,13,13q33.1,"ERCC excision repair 5, endonuclease",protein-coding,"DNA repair protein complementing XP-G cells|DNA excision repair protein ERCC-5|XPG-complementing protein|excision repair cross-complementation group 5|excision repair cross-complementing rodent repair deficiency, complementation group 5|xeroderma pigmentosum, complementation group G"
861,2,"19020999,21493867,",RUNX1,AML1|AML1-EVI-1|AMLCR1|CBF2alpha|CBFA2|EVI-1|PEBP2aB|PEBP2alpha,MIM:151385|HGNC:HGNC:10471|Ensembl:ENSG00000159216|Vega:OTTHUMG00000086299,21,21q22.12,runt related transcription factor 1,protein-coding,"runt-related transcription factor 1|AML1-EVI-1 fusion protein|CBF-alpha-2|PEA2-alpha B|PEBP2-alpha B|RUNX1/ZNF687 fusion|SL3-3 enhancer factor 1 alpha B subunit|SL3/AKV core-binding factor alpha B subunit|acute myeloid leukemia 1 protein|core-binding factor, runt domain, alpha subunit 2|oncogene AML-1|polyomavirus enhancer-binding protein 2 alpha B subunit"
4086,1,"19513897,",SMAD1,BSP-1|BSP1|JV4-1|JV41|MADH1|MADR1,MIM:601595|HGNC:HGNC:6767|Ensembl:ENSG00000170365|Vega:OTTHUMG00000161592,4,4q31.21,SMAD family member 1,protein-coding,"mothers against decapentaplegic homolog 1|MAD, mothers against decapentaplegic homolog 1|Mad-related protein 1|SMAD, mothers against DPP homolog 1|TGF-beta signaling protein 1|mothers against DPP homolog 1|transforming growth factor-beta signaling protein 1"
10633,2,"21264544,21631628,",RASL10A,RRP22,MIM:602220|HGNC:HGNC:16954|Ensembl:ENSG00000100276|Vega:OTTHUMG00000151106,22,22q12.2,RAS like family 10 member A,protein-coding,ras-like protein family member 10A|ras-like protein RRP22|ras-related protein on chromosome 22
101,2,"21983884,22959284,",ADAM8,CD156|CD156a|MS2,MIM:602267|HGNC:HGNC:215|Ensembl:ENSG00000151651|Vega:OTTHUMG00000019309,10,10q26.3,ADAM metallopeptidase domain 8,protein-coding,disintegrin and metalloproteinase domain-containing protein 8|a disintegrin and metalloproteinase domain 8|cell surface antigen MS2|human leukocyte differentiation antigen
27250,2,"22986533,18793349,",PDCD4,H731,MIM:608610|HGNC:HGNC:8763|Ensembl:ENSG00000150593|Vega:OTTHUMG00000019048,10,10q25.2,programmed cell death 4,protein-coding,programmed cell death protein 4|neoplastic transformation inhibitor protein|nuclear antigen H731|programmed cell death 4 (neoplastic transformation inhibitor)|protein 197/15a
64344,1,"23485455,",HIF3A,HIF-3A|HIF3-alpha-1|IPAS|MOP7|PASD7|bHLHe17,MIM:609976|HGNC:HGNC:15825|Ensembl:ENSG00000124440|Vega:OTTHUMG00000141296,19,19q13.32,hypoxia inducible factor 3 alpha subunit,protein-coding,hypoxia-inducible factor 3-alpha|PAS domain-containing protein 7|basic-helix-loop-helix-PAS protein MOP7|class E basic helix-loop-helix protein 17|inhibitory PAS domain protein|member of PAS protein 7
63967,1,"25216549,",CLSPN,-,MIM:605434|HGNC:HGNC:19715|Ensembl:ENSG00000092853|Vega:OTTHUMG00000004168,1,1p34.3,claspin,protein-coding,claspin|claspin homolog
57007,1,"24970694,",ACKR3,CMKOR1|CXC-R7|CXCR-7|CXCR7|GPR159|RDC-1|RDC1,MIM:610376|HGNC:HGNC:23692|Ensembl:ENSG00000144476|Vega:OTTHUMG00000133295,2,2q37.3,atypical chemokine receptor 3,protein-coding,atypical chemokine receptor 3|C-X-C chemokine receptor type 7|G protein-coupled receptor|G-protein coupled receptor 159|G-protein coupled receptor RDC1 homolog|chemokine (C-X-C motif) receptor 7|chemokine orphan receptor 1
5428,1,"20643228,",POLG,MDP1|MIRAS|MTDPS4A|MTDPS4B|PEO|POLG1|POLGA|SANDO|SCAE,MIM:174763|HGNC:HGNC:9179|Ensembl:ENSG00000140521|Vega:OTTHUMG00000149646,15,15q26.1,"DNA polymerase gamma, catalytic subunit",protein-coding,"DNA polymerase subunit gamma-1|PolG-alpha|mitochondrial DNA polymerase catalytic subunit|polymerase (DNA directed), gamma|polymerase (DNA) gamma, catalytic subunit|truncated mitochondrial DNA polymerase gamma catalytic subunit"
917,1,"23348211,",CD3G,CD3-GAMMA|IMD17|T3G,MIM:186740|HGNC:HGNC:1675|Ensembl:ENSG00000160654|Vega:OTTHUMG00000166971,11,11q23.3,CD3g molecule,protein-coding,"T-cell surface glycoprotein CD3 gamma chain|CD3g antigen, gamma polypeptide (TiT3 complex)|CD3g molecule, epsilon (CD3-TCR complex)|CD3g molecule, gamma (CD3-TCR complex)|T-cell antigen receptor complex, gamma subunit of T3|T-cell receptor T3 gamma chain"
6091,1,"16636676,",ROBO1,DUTT1|SAX3,MIM:602430|HGNC:HGNC:10249|Ensembl:ENSG00000169855|Vega:OTTHUMG00000158843,3,3p12.3,roundabout guidance receptor 1,protein-coding,"roundabout homolog 1|deleted in U twenty twenty|roundabout, axon guidance receptor, homolog 1"
7082,1,"21334421,",TJP1,ZO-1,MIM:601009|HGNC:HGNC:11827|Ensembl:ENSG00000104067|Vega:OTTHUMG00000137397,15,15q13.1,tight junction protein 1,protein-coding,tight junction protein ZO-1|zona occludens 1|zonula occludens 1 protein
6649,1,"18682580,",SOD3,EC-SOD,MIM:185490|HGNC:HGNC:11181|Ensembl:ENSG00000109610|Vega:OTTHUMG00000128565,4,4p15.2,superoxide dismutase 3,protein-coding,"extracellular superoxide dismutase [Cu-Zn]|superoxide dismutase 3, extracellular|testicular tissue protein Li 175"
2290,1,"17522785,",FOXG1,BF1|BF2|FHKL3|FKH2|FKHL1|FKHL2|FKHL3|FKHL4|FOXG1A|FOXG1B|FOXG1C|HBF-1|HBF-2|HBF-3|HBF-G2|HBF2|HFK1|HFK2|HFK3|KHL2|QIN,MIM:164874|HGNC:HGNC:3811|Ensembl:ENSG00000176165|Vega:OTTHUMG00000140187,14,14q12,forkhead box G1,protein-coding,forkhead box protein G1|brain factor 1|brain factor 2|forkhead-like 1|forkhead-like 2|forkhead-like 3|forkhead-like 4|oncogene QIN
5880,2,"15812594,18217210,",RAC2,EN-7|Gx|HSPC022|p21-Rac2,MIM:602049|HGNC:HGNC:9802|Ensembl:ENSG00000128340|Vega:OTTHUMG00000150540,22,22q13.1,"ras-related C3 botulinum toxin substrate 2 (rho family, small GTP binding protein Rac2)",protein-coding,"ras-related C3 botulinum toxin substrate 2|Ras-related C3 botulinum toxin substrate 3 (rho family, small GTP-binding protein Rac2)|small G protein"
7337,1,"22689861,",UBE3A,ANCR|AS|E6-AP|EPVE6AP|HPVE6A,MIM:601623|HGNC:HGNC:12496|Ensembl:ENSG00000114062|Vega:OTTHUMG00000171548,15,15q11.2,ubiquitin protein ligase E3A,protein-coding,ubiquitin-protein ligase E3A|CTCL tumor antigen se37-2|E6AP ubiquitin-protein ligase|HECT-type ubiquitin transferase E3A|human papilloma virus E6-associated protein|human papillomavirus E6-associated protein|oncogenic protein-associated protein E6-AP|renal carcinoma antigen NY-REN-54
1816,1,"28613975,",DRD5,DBDR|DRD1B|DRD1L2,MIM:126453|HGNC:HGNC:3026|Ensembl:ENSG00000169676|Vega:OTTHUMG00000128489,4,4p16.1,dopamine receptor D5,protein-coding,D(1B) dopamine receptor|D1beta dopamine receptor|d(5) dopamine receptor|dopamine D5 receptor|dopamine receptor D1B
23533,1,"17486067,",PIK3R5,F730038I15Rik|FOAP-2|P101-PI3K|p101,MIM:611317|HGNC:HGNC:30035|Ensembl:ENSG00000141506|Vega:OTTHUMG00000108197,17,17p13.1,phosphoinositide-3-kinase regulatory subunit 5,protein-coding,"phosphoinositide 3-kinase regulatory subunit 5|PI3-kinase p101 subunit|phosphatidylinositol 4,5-bisphosphate 3-kinase regulatory subunit|protein FOAP-2|ptdIns-3-kinase p101"
706,2,"16868661,26551696,",TSPO,BPBS|BZRP|DBI|IBP|MBR|PBR|PBS|PKBS|PTBR|mDRC|pk18,MIM:109610|HGNC:HGNC:1158|Ensembl:ENSG00000100300|Vega:OTTHUMG00000150573,22,22q13.2,translocator protein,protein-coding,translocator protein|benzodiazepine peripheral binding site|mitochondrial benzodiazepine receptor|peripheral-type benzodiazepine receptor
79679,1,"27001312,",VTCN1,B7-H4|B7H4|B7S1|B7X|B7h.5|PRO1291|VCTN1,MIM:608162|HGNC:HGNC:28873|Ensembl:ENSG00000134258|Vega:OTTHUMG00000012118,1,1p13.1-p12,V-set domain containing T-cell activation inhibitor 1,protein-coding,"V-set domain-containing T-cell activation inhibitor 1|B7 family member, H4|B7 homolog 4|B7 superfamily member 1|T cell costimulatory molecule B7x|immune costimulatory protein B7-H4"
56666,1,"16989724,",PANX2,PX2|hPANX2,MIM:608421|HGNC:HGNC:8600|Ensembl:ENSG00000073150|Vega:OTTHUMG00000044649,22,22q13.33,pannexin 2,protein-coding,pannexin-2
9961,1,"12919388,",MVP,LRP|VAULT1,MIM:605088|HGNC:HGNC:7531|Ensembl:ENSG00000013364|Vega:OTTHUMG00000048227,16,16p11.2,major vault protein,protein-coding,major vault protein|lung resistance-related protein|testicular secretory protein Li 30
57379,7,"16541139,12873980,18066064,29335468,17878393,23408445,17251349,",AICDA,AID|ARP2|CDA2|HEL-S-284|HIGM2,MIM:605257|HGNC:HGNC:13203|Ensembl:ENSG00000111732|Vega:OTTHUMG00000168676,12,12p13.31,activation induced cytidine deaminase,protein-coding,single-stranded DNA cytosine deaminase|cytidine aminohydrolase|epididymis secretory protein Li 284|integrated into Burkitt's lymphoma cell line Ramos
7345,2,"21504384,28472177,",UCHL1,HEL-117|HEL-S-53|NDGOA|PARK5|PGP 9.5|PGP9.5|PGP95|SPG79|Uch-L1,MIM:191342|HGNC:HGNC:12513|Ensembl:ENSG00000154277|Vega:OTTHUMG00000099377,4,4p13,ubiquitin C-terminal hydrolase L1,protein-coding,ubiquitin carboxyl-terminal hydrolase isozyme L1|epididymis luminal protein 117|epididymis secretory protein Li 53|neuron cytoplasmic protein 9.5|ubiquitin carboxyl-terminal esterase L1 (ubiquitin thiolesterase)|ubiquitin thioesterase L1|ubiquitin thiolesterase
285,4,"15743799,18991494,16354539,12174896,",ANGPT2,AGPT2|ANG2,MIM:601922|HGNC:HGNC:485|Ensembl:ENSG00000091879|Vega:OTTHUMG00000090365,8,8p23.1,angiopoietin 2,protein-coding,angiopoietin-2|ANG-2|Tie2-ligand|angiopoietin-2B|angiopoietin-2a
4602,3,"23910958,26810070,21046410,",MYB,Cmyb|c-myb|c-myb_CDS|efg,MIM:189990|HGNC:HGNC:7545|Ensembl:ENSG00000118513|Vega:OTTHUMG00000015629,6,6q23.3,"MYB proto-oncogene, transcription factor",protein-coding,transcriptional activator Myb|oncogene AMV|proto-oncogene c-Myb|v-myb avian myeloblastosis viral oncogene homolog
3824,1,"20654155,",KLRD1,CD94,MIM:602894|HGNC:HGNC:6378|Ensembl:ENSG00000134539|Vega:OTTHUMG00000168419,12,12p13.2,killer cell lectin like receptor D1,protein-coding,"natural killer cells antigen CD94|CD94 antigen|KP43|NK cell receptor|killer cell lectin-like receptor subfamily D, member 1"
3574,1,"20360400,",IL7,IL-7,MIM:146660|HGNC:HGNC:6023|Ensembl:ENSG00000104432|Vega:OTTHUMG00000164620,8,8q21.13,interleukin 7,protein-coding,interleukin-7
29998,1,"15834925,",BICRA,GLTSCR1,MIM:605690|HGNC:HGNC:4332|Ensembl:ENSG00000063169|Vega:OTTHUMG00000183263,19,19q13.33,BRD4 interacting chromatin remodeling complex associated protein,protein-coding,BRD4-interacting chromatin-remodeling complex-associated protein|glioma tumor suppressor candidate region gene 1 protein|BRD4 interacting chromatin remodelling complex associated protein
2194,1,"20511185,",FASN,FAS|OA-519|SDR27X1,MIM:600212|HGNC:HGNC:3594|Ensembl:ENSG00000169710|Vega:OTTHUMG00000178527,17,17q25.3,fatty acid synthase,protein-coding,"fatty acid synthase|short chain dehydrogenase/reductase family 27X, member 1"
1903,2,"24903384,19748727,",S1PR3,EDG-3|EDG3|LPB3|S1P3,MIM:601965|HGNC:HGNC:3167|Ensembl:ENSG00000213694|Vega:OTTHUMG00000020173,9,9q22.1,sphingosine-1-phosphate receptor 3,protein-coding,"sphingosine 1-phosphate receptor 3|G protein-coupled receptor, endothelial differentiation gene-3|S1P receptor 3|S1P receptor EDG3|S1P receptor Edg-3|endothelial differentiation G-protein coupled receptor 3|endothelial differentiation, sphingolipid G-protein-coupled receptor, 3|sphingosine 1-phosphate receptor Edg-3"
51742,1,"27451434,",ARID4B,BCAA|BRCAA1|RBBP1L1|RBP1L1|SAP180,MIM:609696|HGNC:HGNC:15550|Ensembl:ENSG00000054267|Vega:OTTHUMG00000039621,1,1q42.3,AT-rich interaction domain 4B,protein-coding,AT-rich interactive domain-containing protein 4B|180 kDa Sin3-associated polypeptide|ARID domain-containing protein 4B|AT rich interactive domain 4B (RBP1-like)|Rb-binding protein homolog|SIN3A-associated protein 180|breast cancer-associated antigen 1|breast cancer-associated antigen BRCAA1|breast carcinoma-associated antigen|histone deacetylase complex subunit SAP180|retinoblastoma-binding protein 1-like 1|sin3-associated polypeptide p180
8487,1,"19806322,",GEMIN2,SIP1|SIP1-delta,MIM:602595|HGNC:HGNC:10884|Ensembl:ENSG00000092208|Vega:OTTHUMG00000028816,14,14q21.1,gem nuclear organelle associated protein 2,protein-coding,gem-associated protein 2|SMN interacting protein 1-delta|component of gems 2|gemin-2|survival of motor neuron protein interacting protein 1
5873,1,"24587032,",RAB27A,GS2|HsT18676|RAB27|RAM,MIM:603868|HGNC:HGNC:9766|Ensembl:ENSG00000069974|Vega:OTTHUMG00000131959,15,15q21.3,"RAB27A, member RAS oncogene family",protein-coding,ras-related protein Rab-27A|GTP-binding protein Ram|mutant Ras-related protein Rab-27A|rab-27
4261,1,"26049756,",CIITA,C2TA|CIITAIV|MHC2TA|NLRA,MIM:600005|HGNC:HGNC:7067|Ensembl:ENSG00000179583|Vega:OTTHUMG00000129753,16,16p13.13,class II major histocompatibility complex transactivator,protein-coding,"MHC class II transactivator|MHC class II transactivator type I|MHC class II transactivator type III|NLR family, acid domain containing|nucleotide-binding oligomerization domain, leucine rich repeat and acid domain containing"
10181,1,"28061901,",RBM5,G15|H37|LUCA15|RMB5,MIM:606884|HGNC:HGNC:9902|Ensembl:ENSG00000003756|Vega:OTTHUMG00000156785,3,3p21.31,RNA binding motif protein 5,protein-coding,RNA-binding protein 5|putative tumor suppressor LUCA15|renal carcinoma antigen NY-REN-9
55750,1,"27574811,",AGK,CATC5|CTRCT38|MTDPS10|MULK,MIM:610345|HGNC:HGNC:21869|Ensembl:ENSG00000006530|Vega:OTTHUMG00000157499,7,7q34,acylglycerol kinase,protein-coding,"acylglycerol kinase, mitochondrial|hAGK|hsMuLK|multi-substrate lipid kinase|multiple substrate lipid kinase"
1859,1,"23635774,",DYRK1A,DYRK|DYRK1|HP86|MNB|MNBH|MRD7,MIM:600855|HGNC:HGNC:3091|Ensembl:ENSG00000157540|Vega:OTTHUMG00000086657,21,21q22.13,dual specificity tyrosine phosphorylation regulated kinase 1A,protein-coding,dual specificity tyrosine-phosphorylation-regulated kinase 1A|MNB/DYRK protein kinase|dual specificity YAK1-related kinase|dual specificity tyrosine-(Y)-phosphorylation regulated kinase 1A|mnb protein kinase homolog hp86|protein kinase minibrain homolog|serine/threonine kinase MNB|serine/threonine-specific protein kinase
10919,2,"28483947,23481705,",EHMT2,BAT8|C6orf30|G9A|GAT8|KMT1C|NG36,MIM:604599|HGNC:HGNC:14129|Ensembl:ENSG00000204371|Vega:OTTHUMG00000031180,6,6p21.33,euchromatic histone lysine methyltransferase 2,protein-coding,"histone-lysine N-methyltransferase EHMT2|G9A histone methyltransferase|H3-K9-HMTase 3|HLA-B associated transcript 8|ankyrin repeat-containing protein|euchromatic histone-lysine N-methyltransferase 2|histone H3-K9 methyltransferase 3|histone-lysine N-methyltransferase, H3 lysine-9 specific 3|lysine N-methyltransferase 1C"
84289,1,"28925404,",ING5,p28ING5,MIM:608525|HGNC:HGNC:19421|Ensembl:ENSG00000168395|Vega:OTTHUMG00000151501,2,2q37.3,inhibitor of growth family member 5,protein-coding,inhibitor of growth protein 5
98,1,"26928270,",ACYP2,ACYM|ACYP,MIM:102595|HGNC:HGNC:180|Ensembl:ENSG00000170634|Vega:OTTHUMG00000129287,2,2p16.2,acylphosphatase 2,protein-coding,"acylphosphatase-2|acylphosphatase 2, muscle type|acylphosphatase, muscle type isozyme|acylphosphate phosphohydrolase 2|testicular tissue protein Li 11"
27347,1,"19717643,",STK39,DCHT|PASK|SPAK,MIM:607648|HGNC:HGNC:17717|Ensembl:ENSG00000198648|Vega:OTTHUMG00000133745,2,2q24.3,serine/threonine kinase 39,protein-coding,"STE20/SPS1-related proline-alanine-rich protein kinase|STE20/SPS1 homolog|Ste20-like protein kinase|proline-alanine-rich STE20-related kinase|serine threonine kinase 39 (STE20/SPS1 homolog, yeast)|serine/threonine-protein kinase 39|small intestine SPAK-like kinase|ste-20-related kinase"
1278,2,"17653508,18664619,",COL1A2,OI4,MIM:120160|HGNC:HGNC:2198|Ensembl:ENSG00000164692|Vega:OTTHUMG00000148675,7,7q21.3,collagen type I alpha 2 chain,protein-coding,"collagen alpha-2(I) chain|alpha 2 type I procollagen|alpha 2(I) procollagen|alpha 2(I)-collagen|alpha-2 type I collagen|collagen I, alpha-2 polypeptide|collagen of skin, tendon and bone, alpha-2 chain|collagen, type I, alpha 2|type I procollagen"
1000,5,"22275437,23240619,28851312,25386667,16377805,",CDH2,CD325|CDHN|CDw325|NCAD,MIM:114020|HGNC:HGNC:1759|Ensembl:ENSG00000170558|Vega:OTTHUMG00000059940,18,18q12.1,cadherin 2,protein-coding,"cadherin-2|N-cadherin 1|cadherin 2, type 1, N-cadherin (neuronal)|calcium-dependent adhesion protein, neuronal|neural cadherin"
2045,2,"22036564,26345456,",EPHA7,EHK-3|EHK3|EK11|HEK11,MIM:602190|HGNC:HGNC:3390|Ensembl:ENSG00000135333|Vega:OTTHUMG00000015228,6,6q16.1,EPH receptor A7,protein-coding,ephrin type-A receptor 7|EPH homology kinase 3|EPH-like kinase 11|Eph homology kinase-3|receptor protein-tyrosine kinase HEK11|tyrosine-protein kinase receptor EHK-3
43,1,"12466963,",ACHE,ACEE|ARACHE|N-ACHE|YT,MIM:100740|HGNC:HGNC:108|Ensembl:ENSG00000087085|Vega:OTTHUMG00000157033,7,7q22.1,acetylcholinesterase (Cartwright blood group),protein-coding,acetylcholinesterase|Yt blood group|acetylcholinesterase (Yt blood group)|apoptosis-related acetylcholinesterase
2033,2,"25996283,27956703,",EP300,KAT3B|RSTS2|p300,MIM:602700|HGNC:HGNC:3373|Ensembl:ENSG00000100393|Vega:OTTHUMG00000150937,22,22q13.2,E1A binding protein p300,protein-coding,"histone acetyltransferase p300|E1A-associated protein p300|E1A-binding protein, 300kD|p300 HAT"
10963,1,"25042352,",STIP1,HEL-S-94n|HOP|IEF-SSP-3521|P60|STI1|STI1L,MIM:605063|HGNC:HGNC:11387|Ensembl:ENSG00000168439|Vega:OTTHUMG00000167789,11,11q13.1,stress induced phosphoprotein 1,protein-coding,stress-induced-phosphoprotein 1|Hsp70/Hsp90-organizing protein|NY-REN-11 antigen|epididymis secretory sperm binding protein Li 94n|hsc70/Hsp90-organizing protein|renal carcinoma antigen NY-REN-11|transformation-sensitive protein IEF SSP 3521
3732,1,"27764516,",CD82,4F9|C33|GR15|IA4|KAI1|R2|SAR2|ST6|TSPAN27,MIM:600623|HGNC:HGNC:6210|Ensembl:ENSG00000085117|Vega:OTTHUMG00000166472,11,11p11.2,CD82 molecule,protein-coding,"CD82 antigen|C33 antigen|inducible membrane protein R2|kangai 1 (suppression of tumorigenicity 6, prostate; CD82 antigen (R2 leukocyte antigen, antigen detected by monoclonal and antibody IA4))|metastasis suppressor Kangai-1|tetraspanin-27|tspan-27"
943,3,"22472952,28521633,27521276,",TNFRSF8,CD30|D1S166E|Ki-1,MIM:153243|HGNC:HGNC:11923|Ensembl:ENSG00000120949|Vega:OTTHUMG00000001827,1,1p36.22,TNF receptor superfamily member 8,protein-coding,tumor necrosis factor receptor superfamily member 8|CD30L receptor|Ki-1 antigen|cytokine receptor CD30|lymphocyte activation antigen CD30
8493,7,"22325093,21695702,16314645,22379189,24880341,24632620,22037313,",PPM1D,IDDGIP|PP2C-DELTA|WIP1,MIM:605100|HGNC:HGNC:9277|Ensembl:ENSG00000170836|Vega:OTTHUMG00000180052,17,17q23.2,"protein phosphatase, Mg2+/Mn2+ dependent 1D",protein-coding,"protein phosphatase 1D|protein phosphatase 1D magnesium-dependent, delta isoform|protein phosphatase 2C delta isoform|protein phosphatase Wip1|wild-type p53-induced phosphatase 1"
9232,26,"26894859,19840458,17652795,19837943,19407503,29622689,26445238,17507465,24879625,12626748,22522436,23267136,12727994,30961403,15281346,26516926,27524416,25023895,26320179,12590639,17975001,16809406,20116377,29432944,12213878,29575197,",PTTG1,EAP1|HPTTG|PTTG|TUTR1,MIM:604147|HGNC:HGNC:9690|Ensembl:ENSG00000164611|Vega:OTTHUMG00000130328,5,5q33.3,pituitary tumor-transforming 1,protein-coding,securin|ESP1-associated protein 1|pituitary tumor-transforming gene 1 protein|tumor-transforming protein 1
2676,1,"22031517,",GFRA3,GDNFR3,MIM:605710|HGNC:HGNC:4245|Ensembl:ENSG00000146013|Vega:OTTHUMG00000129200,5,5q31.2,GDNF family receptor alpha 3,protein-coding,GDNF family receptor alpha-3|GDNF receptor alpha-3|GDNFR-alpha-3|GFR-alpha-3|GPI-linked receptor|glial cell line-derived neurotrophic factor receptor alpha-3
347734,1,"24576181,",SLC35B2,PAPST1|SLL|UGTrel4,MIM:610788|HGNC:HGNC:16872|Ensembl:ENSG00000157593|Vega:OTTHUMG00000014760,6,6p21.1,solute carrier family 35 member B2,protein-coding,"adenosine 3'-phospho 5'-phosphosulfate transporter 1|3'-phosphoadenosine 5'-phosphosulfate transporter|PAPS transporter 1|putative MAPK-activating protein PM15|putative NF-kappa-B-activating protein 48|solute carrier family 35 (adenosine 3'-phospho 5'-phosphosulfate transporter), member B2|solute carrier family 35 member B2 variant 2"
2870,1,"23497290,",GRK6,GPRK6,MIM:600869|HGNC:HGNC:4545|Ensembl:ENSG00000198055|Vega:OTTHUMG00000163401,5,5q35.3,G protein-coupled receptor kinase 6,protein-coding,G protein-coupled receptor kinase 6
3925,2,"19569914,18593927,",STMN1,C1orf215|LAP18|Lag|OP18|PP17|PP19|PR22|SMN,MIM:151442|HGNC:HGNC:6510|Ensembl:ENSG00000117632|Vega:OTTHUMG00000007389,1,1p36.11,stathmin 1,protein-coding,stathmin|leukemia-associated phosphoprotein p18|metablastin|oncoprotein 18|phosphoprotein 19|phosphoprotein p19|prosolin|stathmin 1/oncoprotein 18|testicular tissue protein Li 189|transmembrane protein C1orf215
246,1,"20382140,",ALOX15,12-LOX|15-LOX-1|15LOX-1,MIM:152392|HGNC:HGNC:433|Ensembl:ENSG00000161905|Vega:OTTHUMG00000090746,17,17p13.2,arachidonate 15-lipoxygenase,protein-coding,"arachidonate 15-lipoxygenase|12/15-lipoxygenase|15-LOX|15-lipooxygenase-1|arachidonate 12-lipoxygenase, leukocyte-type|arachidonate omega-6 lipoxygenase"
11063,1,"30358229,",SOX30,-,MIM:606698|HGNC:HGNC:30635|Ensembl:ENSG00000039600|Vega:OTTHUMG00000130247,5,5q33.3,SRY-box 30,protein-coding,transcription factor SOX-30|SRY (sex determining region Y)-box 30|Sox30 protein type II
8763,1,"24756834,",CD164,DFNA66|MGC-24|MGC-24v|MUC-24|endolyn,MIM:603356|HGNC:HGNC:1632|Ensembl:ENSG00000135535|Vega:OTTHUMG00000015339,6,6q21,CD164 molecule,protein-coding,"sialomucin core protein 24|CD164 antigen, sialomucin|multi-glycosylated core protein 24"
999,9,"23240619,15696778,23029385,25333347,19703993,29625497,21459793,12049819,16377805,",CDH1,Arc-1|CD324|CDHE|ECAD|LCAM|UVO,MIM:192090|HGNC:HGNC:1748|Ensembl:ENSG00000039068|Vega:OTTHUMG00000137561,16,16q22.1,cadherin 1,protein-coding,"cadherin-1|CAM 120/80|E-cadherin 1|cadherin 1, E-cadherin (epithelial)|cadherin 1, type 1, E-cadherin (epithelial)|calcium-dependent adhesion protein, epithelial|cell-CAM 120/80|epithelial cadherin|uvomorulin"
8577,1,"12743596,",TMEFF1,C9orf2|CT120.1|H7365|TR-1,MIM:603421|HGNC:HGNC:11866|Ensembl:ENSG00000241697|Vega:OTTHUMG00000020367,9,9q31.1,transmembrane protein with EGF like and two follistatin like domains 1,protein-coding,"tomoregulin-1|cancer/testis antigen family 120, member 1|transmembrane protein with EGF-like and one follistatin-like domain"
9112,2,"27323185,25977170,",MTA1,-,MIM:603526|HGNC:HGNC:7410|Ensembl:ENSG00000182979|Vega:OTTHUMG00000150362,14,14q32.33,metastasis associated 1,protein-coding,metastasis-associated protein MTA1|metastasis associated gene 1 protein
4102,1,"21347689,",MAGEA3,CT1.3|HIP8|HYPD|MAGE3|MAGEA6,MIM:300174|HGNC:HGNC:6801|Ensembl:ENSG00000221867|Vega:OTTHUMG00000022640,X,Xq28,MAGE family member A3,protein-coding,"melanoma-associated antigen 3|MAGE-3 antigen|antigen MZ2-D|cancer/testis antigen 1.3|cancer/testis antigen family 1, member 3|melanoma antigen family A, 3|melanoma antigen family A3"
4323,6,"18267120,25640948,22327326,15743799,29654697,20809186,",MMP14,MMP-14|MMP-X1|MT-MMP|MT-MMP 1|MT1-MMP|MT1MMP|MTMMP1|WNCHRS,MIM:600754|HGNC:HGNC:7160|Ensembl:ENSG00000157227|Vega:OTTHUMG00000028704,14,14q11.2,matrix metallopeptidase 14,protein-coding,matrix metalloproteinase-14|matrix metallopeptidase 14 (membrane-inserted)|membrane type 1 metalloprotease|membrane-type-1 matrix metalloproteinase
30851,1,"23028987,",TAX1BP3,TIP-1|TIP1,MIM:616484|HGNC:HGNC:30684|Ensembl:ENSG00000213977|Vega:OTTHUMG00000090701,17,17p13.2,Tax1 binding protein 3,protein-coding,tax1-binding protein 3|Tax interaction protein 1|Tax1 (human T-cell leukemia virus type I) binding protein 3|glutaminase-interacting protein 3|tax-interacting protein 1
253260,2,"18089801,27789731,",RICTOR,AVO3|PIA|hAVO3,MIM:609022|HGNC:HGNC:28611|Ensembl:ENSG00000164327|Vega:OTTHUMG00000162037,5,5p13.1,RPTOR independent companion of MTOR complex 2,protein-coding,rapamycin-insensitive companion of mTOR|AVO3 homolog|TORC2-specific protein AVO3|pianissimo
5970,5,"25388523,19309400,24562983,25915824,18095109,",RELA,NFKB3|p65,MIM:164014|HGNC:HGNC:9955|Ensembl:ENSG00000173039|Vega:OTTHUMG00000166566,11,11q13.1,"RELA proto-oncogene, NF-kB subunit",protein-coding,transcription factor p65|NF-kappa-B p65delta3|NF-kappa-B transcription factor p65|nuclear factor NF-kappa-B p65 subunit|nuclear factor of kappa light polypeptide gene enhancer in B-cells 3|v-rel avian reticuloendotheliosis viral oncogene homolog A|v-rel reticuloendotheliosis viral oncogene homolog A
4094,1,"19687312,",MAF,AYGRP|CCA4|CTRCT21|c-MAF,MIM:177075|HGNC:HGNC:6776|Ensembl:ENSG00000178573|Vega:OTTHUMG00000137621,16,16q23.2,MAF bZIP transcription factor,protein-coding,transcription factor Maf|Avian musculoaponeurotic fibrosarcoma (MAF) protooncogene|T lymphocyte c-maf long form|c-maf proto-oncogene|proto-oncogene c-Maf|v-maf avian musculoaponeurotic fibrosarcoma oncogene homolog
57670,4,"22157620,22591444,26083571,25794445,",KIAA1549,-,MIM:613344|HGNC:HGNC:22219|Ensembl:ENSG00000122778|Vega:OTTHUMG00000157214,7,7q34,KIAA1549,protein-coding,UPF0606 protein KIAA1549
5378,1,"11999575,",PMS1,HNPCC3|MLH2|PMSL1|hPMS1,MIM:600258|HGNC:HGNC:9121|Ensembl:ENSG00000064933|Vega:OTTHUMG00000132664,2,2q32.2,"PMS1 homolog 1, mismatch repair system component",protein-coding,PMS1 protein homolog 1|DNA mismatch repair protein PMS1|PMS1 postmeiotic segregation increased 1|human homolog of yeast mutL|mismatch repair gene PMSL1|rhabdomyosarcoma antigen MU-RMS-40.10B|rhabdomyosarcoma antigen MU-RMS-40.10E
8085,2,"29861161,27566587,",KMT2D,AAD10|ALR|CAGL114|KABUK1|KMS|MLL2|MLL4|TNRC21,MIM:602113|HGNC:HGNC:7133|Ensembl:ENSG00000167548|Vega:OTTHUMG00000166524,12,12q13.12,lysine methyltransferase 2D,protein-coding,histone-lysine N-methyltransferase 2D|ALL1-related protein|Kabuki make-up syndrome|Kabuki mental retardation syndrome|histone-lysine N-methyltransferase MLL2|lysine (K)-specific methyltransferase 2D|lysine N-methyltransferase 2D|myeloid/lymphoid or mixed-lineage leukemia 2|trinucleotide repeat containing 21
2849,1,"19787267,",GPR26,-,MIM:604847|HGNC:HGNC:4481|Ensembl:ENSG00000154478|Vega:OTTHUMG00000019204,10,10q26.13,G protein-coupled receptor 26,protein-coding,G-protein coupled receptor 26
438,1,"26510398,",ASMT,ASMTY|HIOMT|HIOMTY,MIM:300015|MIM:402500|HGNC:HGNC:750|Ensembl:ENSG00000196433|Vega:OTTHUMG00000021065,X|Y,Xp22.33 and Yp11.2,acetylserotonin O-methyltransferase,protein-coding,acetylserotonin O-methyltransferase|acetylserotonin N-methyltransferase|acetylserotonin methyltransferase (Y chromosome)|hydroxyindole O-methyltransferase
87,1,"20156433,",ACTN1,BDPLT15,MIM:102575|HGNC:HGNC:163|Ensembl:ENSG00000072110|Vega:OTTHUMG00000171386,14,14q24.1|14q22-q24,actinin alpha 1,protein-coding,alpha-actinin-1|F-actin cross-linking protein|actinin 1 smooth muscle|alpha-actinin cytoskeletal isoform|non-muscle alpha-actinin-1
1022,1,"28134252,",CDK7,CAK|CAK1|CDKN7|HCAK|MO15|STK1|p39MO15,MIM:601955|HGNC:HGNC:1778|Ensembl:ENSG00000134058|Vega:OTTHUMG00000099358,5,5q13.2,cyclin dependent kinase 7,protein-coding,"cyclin-dependent kinase 7|39 KDa protein kinase|CDK-activating kinase 1|TFIIH basal transcription factor complex kinase subunit|cell division protein kinase 7|cyclin-dependent kinase 7 (MO15 homolog, Xenopus laevis, cdk-activating kinase)|homolog of Xenopus MO15 Cdk-activating kinase|kinase subunit of CAK|serine/threonine kinase stk1|serine/threonine protein kinase 1|serine/threonine protein kinase MO15"
10014,1,"21508384,",HDAC5,HD5|NY-CO-9,MIM:605315|HGNC:HGNC:14068|Ensembl:ENSG00000108840|Vega:OTTHUMG00000181806,17,17q21.31,histone deacetylase 5,protein-coding,histone deacetylase 5|antigen NY-CO-9
260425,1,"26248734,",MAGI3,MAGI-3|dJ730K3.2,MIM:615943|HGNC:HGNC:29647|Ensembl:ENSG00000081026|Vega:OTTHUMG00000011737,1,1p13.2,"membrane associated guanylate kinase, WW and PDZ domain containing 3",protein-coding,"membrane-associated guanylate kinase, WW and PDZ domain-containing protein 3|membrane-associated guanylate kinase inverted 3|membrane-associated guanylate kinase-related 3"
6392,15,"22170724,21945342,11897817,24813157,17227803,18840642,28924001,19289533,20505258,19075037,19802898,20236688,28099933,24973967,20205103,",SDHD,CBT1|CII-4|CWS3|PGL|PGL1|QPs3|SDH4|cybS,MIM:602690|HGNC:HGNC:10683|Ensembl:ENSG00000204370|Ensembl:ENSG00000255292|Vega:OTTHUMG00000166997,11,11q23.1,succinate dehydrogenase complex subunit D,protein-coding,"succinate dehydrogenase [ubiquinone] cytochrome b small subunit, mitochondrial|succinate dehydrogenase complex subunit D integral membrane protein|succinate-ubiquinone oxidoreductase cytochrome b small subunit|succinate-ubiquinone reductase membrane anchor subunit"
953,1,"23737488,",ENTPD1,ATPDase|CD39|NTPDase-1|SPG64,MIM:601752|HGNC:HGNC:3363|Ensembl:ENSG00000138185|Vega:OTTHUMG00000018818,10,10q24.1,ectonucleoside triphosphate diphosphohydrolase 1,protein-coding,ectonucleoside triphosphate diphosphohydrolase 1|CD39 antigen|ecto-ATP diphosphohydrolase 1|ecto-ATPDase 1|ecto-ATPase 1|ecto-apyrase|lymphoid cell activation antigen
4830,2,"14558955,16891807,",NME1,AWD|GAAD|NB|NBS|NDKA|NDPK-A|NDPKA|NM23|NM23-H1,MIM:156490|HGNC:HGNC:7849|Ensembl:ENSG00000239672|Vega:OTTHUMG00000137474,17,17q21.33,NME/NM23 nucleoside diphosphate kinase 1,protein-coding,"nucleoside diphosphate kinase A|NDP kinase A|granzyme A-activated DNase|metastasis inhibition factor nm23|non-metastatic cells 1, protein (NM23A) expressed in|tumor metastatic process-associated protein"
4486,1,"19519771,",MST1R,CD136|CDw136|NPCA3|PTK8|RON,MIM:600168|HGNC:HGNC:7381|Ensembl:ENSG00000164078|Vega:OTTHUMG00000156709,3,3p21.31,macrophage stimulating 1 receptor,protein-coding,macrophage-stimulating protein receptor|MSP receptor|PTK8 protein tyrosine kinase 8|c-met-related tyrosine kinase|p185-Ron
23603,1,"20690162,",CORO1C,HCRNN4,MIM:605269|HGNC:HGNC:2254|Ensembl:ENSG00000110880|Vega:OTTHUMG00000169381,12,12q24.11,coronin 1C,protein-coding,"coronin-1C|coronin, actin binding protein, 1C|coronin-3"
3912,2,"16146715,18474427,",LAMB1,CLM|LIS5,MIM:150240|HGNC:HGNC:6486|Ensembl:ENSG00000091136|Vega:OTTHUMG00000149966,7,7q31.1,laminin subunit beta 1,protein-coding,"laminin subunit beta-1|laminin B1 chain|laminin, beta 1"
200894,1,"29378965,",ARL13B,ARL2L1|JBTS8,MIM:608922|HGNC:HGNC:25419|Ensembl:ENSG00000169379|Vega:OTTHUMG00000159012,3,3q11.1-q11.2,ADP ribosylation factor like GTPase 13B,protein-coding,ADP-ribosylation factor-like protein 13B|ADP-ribosylation factor-like 13B|ADP-ribosylation factor-like 2-like 1|ARL2-like protein 1
5443,1,"18057378,",POMC,ACTH|CLIP|LPH|MSH|NPP|POC,MIM:176830|HGNC:HGNC:9201|Ensembl:ENSG00000115138|Vega:OTTHUMG00000094764,2,2p23.3,proopiomelanocortin,protein-coding,pro-opiomelanocortin|adrenocorticotropic hormone|adrenocorticotropin|alpha-MSH|alpha-melanocyte-stimulating hormone|beta-LPH|beta-MSH|beta-endorphin|beta-melanocyte-stimulating hormone|corticotropin-like intermediary peptide|corticotropin-lipotropin|gamma-LPH|gamma-MSH|lipotropin beta|lipotropin gamma|melanotropin alpha|melanotropin beta|melanotropin gamma|met-enkephalin|opiomelanocortin prepropeptide|pro-ACTH-endorphin|proopiomelanocortin preproprotein
8328,2,"23910958,25043047,",GFI1B,BDPLT17|ZNF163B,MIM:604383|HGNC:HGNC:4238|Ensembl:ENSG00000165702|Vega:OTTHUMG00000020848,9,9q34.13,growth factor independent 1B transcriptional repressor,protein-coding,"zinc finger protein Gfi-1b|growth factor independent 1B (potential regulator of CDKN1A, translocated in CML)|growth factor independent 1B transcription repressor"
6198,2,"27900644,21424608,",RPS6KB1,PS6K|S6K|S6K-beta-1|S6K1|STK14A|p70 S6KA|p70(S6K)-alpha|p70-S6K|p70-alpha,MIM:608938|HGNC:HGNC:10436|Ensembl:ENSG00000108443|Vega:OTTHUMG00000150642,17,17q23.1,ribosomal protein S6 kinase B1,protein-coding,"ribosomal protein S6 kinase beta-1|p70 S6 kinase, alpha|ribosomal protein S6 kinase I|ribosomal protein S6 kinase, 70kDa, polypeptide 1|serine/threonine kinase 14 alpha|serine/threonine-protein kinase 14A"
4137,2,"23358800,17951083,",MAPT,DDPAC|FTDP-17|MAPTL|MSTD|MTBT1|MTBT2|PPND|PPP1R103|TAU,MIM:157140|HGNC:HGNC:6893|Ensembl:ENSG00000186868|Vega:OTTHUMG00000168833,17,17q21.31,microtubule associated protein tau,protein-coding,"microtubule-associated protein tau|G protein beta1/gamma2 subunit-interacting factor 1|PHF-tau|neurofibrillary tangle protein|paired helical filament-tau|protein phosphatase 1, regulatory subunit 103"
8091,3,"19136928,24935062,29432944,",HMGA2,BABL|HMGI-C|HMGIC|LIPO|STQTL9,MIM:600698|HGNC:HGNC:5009|Ensembl:ENSG00000149948|Vega:OTTHUMG00000168936,12,12q14.3,high mobility group AT-hook 2,protein-coding,high mobility group protein HMGI-C|high-mobility group (nonhistone chromosomal) protein isoform I-C
6457,1,"21722156,",SH3GL3,CNSA3|EEN-B2|HsT19371|SH3D2C|SH3P13,MIM:603362|HGNC:HGNC:10832|Ensembl:ENSG00000140600|Vega:OTTHUMG00000147361,15,15q25.2,"SH3 domain containing GRB2 like 3, endophilin A3",protein-coding,endophilin-A3|SH3 domain containing GRB2 like endophilin A3|SH3 domain protein 2C|SH3 domain-containing GRB2-like protein 3|SH3-domain GRB2-like 3|endophilin-3
80381,1,"30027617,",CD276,4Ig-B7-H3|B7-H3|B7H3|B7RP-2,MIM:605715|HGNC:HGNC:19137|Ensembl:ENSG00000103855|Vega:OTTHUMG00000137585,15,15q24.1,CD276 molecule,protein-coding,CD276 antigen|B7 homolog 3|costimulatory molecule
7186,2,"18312353,16304992,",TRAF2,MGC:45012|TRAP|TRAP3,MIM:601895|HGNC:HGNC:12032|Ensembl:ENSG00000127191|Vega:OTTHUMG00000020952,9,9q34.3,TNF receptor associated factor 2,protein-coding,TNF receptor-associated factor 2|E3 ubiquitin-protein ligase TRAF2|RING-type E3 ubiquitin transferase TRAF2|tumor necrosis factor type 2 receptor associated protein 3
5324,1,"28012286,",PLAG1,PSA|SGPA|ZNF912,MIM:603026|HGNC:HGNC:9045|Ensembl:ENSG00000181690|Vega:OTTHUMG00000164310,8,8q12.1,PLAG1 zinc finger,protein-coding,zinc finger protein PLAG1|COL1A2/PLAG1 fusion|HAS2/PLAG1 fusion|pleiomorphic adenoma gene 1
638,1,"12874789,",BIK,BIP1|BP4|NBK,MIM:603392|HGNC:HGNC:1051|Ensembl:ENSG00000100290|Vega:OTTHUMG00000150703,22,22q13.2,BCL2 interacting killer,protein-coding,bcl-2-interacting killer|BCL2-interacting killer (apoptosis-inducing)|apoptosis inducer NBK|apoptosis-inducing NBK|natural born killer
83605,1,"22782892,",CCM2,C7orf22|OSM|PP10187,MIM:607929|HGNC:HGNC:21708|Ensembl:ENSG00000136280|Vega:OTTHUMG00000129246,7,7p13,CCM2 scaffolding protein,protein-coding,cerebral cavernous malformations 2 protein|cerebral cavernous malformation 2|malcavernin|osmosensing scaffold for MEKK3
2798,1,"18980792,",GNRHR,GNRHR1|GRHR|HH7|LHRHR|LRHR,MIM:138850|HGNC:HGNC:4421|Ensembl:ENSG00000109163|Vega:OTTHUMG00000129302,4,4q13.2,gonadotropin releasing hormone receptor,protein-coding,gonadotropin-releasing hormone receptor|gnRH receptor|gnRH-R|gonadotropin-releasing hormone (type 1) receptor 1|leutinizing hormone releasing horomone receptor|leutinizing-releasing hormone receptor|luliberin receptor|type I GnRH receptor
57369,1,"26226778,",GJD2,CX36|GJA9,MIM:607058|HGNC:HGNC:19154|Ensembl:ENSG00000159248|Vega:OTTHUMG00000129674,15,15q14,gap junction protein delta 2,protein-coding,"gap junction delta-2 protein|connexin-36|gap junction alpha-9 protein|gap junction protein, delta 2, 36kDa"
6750,1,"18310290,",SST,SMST,MIM:182450|HGNC:HGNC:11329|Ensembl:ENSG00000157005|Vega:OTTHUMG00000156462,3,3q27.3,somatostatin,protein-coding,somatostatin|growth hormone release-inhibiting factor|prepro-somatostatin|somatostatin-14|somatostatin-28
116,2,"18036580,21143927,",ADCYAP1,PACAP,MIM:102980|HGNC:HGNC:241|Ensembl:ENSG00000141433|Vega:OTTHUMG00000131479,18,18p11.32,adenylate cyclase activating polypeptide 1,protein-coding,pituitary adenylate cyclase-activating polypeptide|adenylate cyclase activating polypeptide 1 (pituitary)|prepro-PACAP
2047,1,"25879388,",EPHB1,ELK|EPHT2|Hek6|NET,MIM:600600|HGNC:HGNC:3392|Ensembl:ENSG00000154928|Vega:OTTHUMG00000159804,3,3q22.2,EPH receptor B1,protein-coding,ephrin type-B receptor 1|EK6|EPH-like kinase 6|eph tyrosine kinase 2|neuronally-expressed EPH-related tyrosine kinase|soluble EPHB1 variant 1|tyrosine-protein kinase receptor EPH-2
89958,1,"24927751,",SAPCD2,C9orf140|p42.3,MIM:612057|HGNC:HGNC:28055|Ensembl:ENSG00000186193|Vega:OTTHUMG00000020961,9,9q34.3,suppressor APC domain containing 2,protein-coding,suppressor APC domain-containing protein 2|2010317E24Rik|TS/MDEP|protein C9orf140|tumor specificity and mitosis phase-dependent expression protein
140809,1,"29441509,",SRXN1,C20orf139|Npn3|SRX|SRX1,MIM:617583|HGNC:HGNC:16132|Ensembl:ENSG00000271303|Vega:OTTHUMG00000031644,20,20p13,sulfiredoxin 1,protein-coding,sulfiredoxin-1
2146,22,"26892683,22287205,22194861,24403021,28329683,26096306,22696229,25046371,23538750,27993893,28263309,30632221,29858685,24857928,23361872,24634383,27282353,29035367,30112706,28862715,27311868,25263318,",EZH2,ENX-1|ENX1|EZH2b|KMT6|KMT6A|WVS|WVS2,MIM:601573|HGNC:HGNC:3527|Ensembl:ENSG00000106462|Vega:OTTHUMG00000158973,7,7q36.1,enhancer of zeste 2 polycomb repressive complex 2 subunit,protein-coding,histone-lysine N-methyltransferase EZH2|enhancer of zeste homolog 2|lysine N-methyltransferase 6
56998,3,"12182422,20809334,26317904,",CTNNBIP1,ICAT,MIM:607758|HGNC:HGNC:16913|Ensembl:ENSG00000178585|Vega:OTTHUMG00000001796,1,1p36.22,catenin beta interacting protein 1,protein-coding,beta-catenin-interacting protein 1|beta-catenin-interacting protein ICAT|inhibitor of beta-catenin and Tcf-4
11235,1,"19506228,",PDCD10,CCM3|TFAR15,MIM:609118|HGNC:HGNC:8761|Ensembl:ENSG00000114209|Vega:OTTHUMG00000158415,3,3q26.1,programmed cell death 10,protein-coding,programmed cell death protein 10|TF-1 cell apoptosis-related protein 15|apoptosis-related protein 15|cerebral cavernous malformations 3 protein
3696,2,"20956944,21859829,",ITGB8,-,MIM:604160|HGNC:HGNC:6163|Ensembl:ENSG00000105855|Vega:OTTHUMG00000023594,7,7p21.1,integrin subunit beta 8,protein-coding,integrin beta-8
10075,2,"24960692,22754359,",HUWE1,ARF-BP1|HECTH9|HSPC272|Ib772|LASU1|MULE|URE-B1|UREB1,MIM:300697|HGNC:HGNC:30892|Ensembl:ENSG00000086758|Vega:OTTHUMG00000021617,X,Xp11.22,"HECT, UBA and WWE domain containing 1, E3 ubiquitin protein ligase",protein-coding,E3 ubiquitin-protein ligase HUWE1|ARF-binding protein 1|BJ-HCC-24 tumor antigen|HECT domain protein LASU1|HECT-type E3 ubiquitin transferase HUWE1|Mcl-1 ubiquitin ligase E3|URE-binding protein 1|homologous to E6AP carboxyl terminus homologous protein 9|large structure of UREB1|upstream regulatory element-binding protein 1
5806,2,"30942197,27278519,",PTX3,TNFAIP5|TSG-14,MIM:602492|HGNC:HGNC:9692|Ensembl:ENSG00000163661|Vega:OTTHUMG00000158750,3,3q25.32,pentraxin 3,protein-coding,pentraxin-related protein PTX3|TNF alpha-induced protein 5|long pentraxin 3|tumor necrosis factor alpha-induced protein 5|tumor necrosis factor-inducible gene 14 protein|tumor necrosis factor-inducible protein TSG-14
2690,2,"17671221,22702213,",GHR,GHBP|GHIP,MIM:600946|HGNC:HGNC:4263|Ensembl:ENSG00000112964|Vega:OTTHUMG00000094791,5,5p13.1-p12,growth hormone receptor,protein-coding,growth hormone receptor|GH receptor|growth hormone binding protein|serum binding protein|somatotropin receptor
1471,1,"15832773,",CST3,ARMD11|HEL-S-2,MIM:604312|HGNC:HGNC:2475|Ensembl:ENSG00000101439|Vega:OTTHUMG00000032080,20,20p11.21,cystatin C,protein-coding,cystatin-C|bA218C14.4 (cystatin C)|cystatin 3|epididymis secretory protein Li 2|gamma-trace|neuroendocrine basic polypeptide|post-gamma-globulin
581,4,"27494852,24227720,16949642,22710714,",BAX,BCL2L4,MIM:600040|HGNC:HGNC:959|Ensembl:ENSG00000087088|Vega:OTTHUMG00000160476,19,19q13.33,"BCL2 associated X, apoptosis regulator",protein-coding,apoptosis regulator BAX|BCL2 associated X protein|BCL2-associated X protein omega|Baxdelta2G9|Baxdelta2G9omega|Baxdelta2omega|bcl-2-like protein 4|bcl2-L-4
5742,1,"20382140,",PTGS1,COX1|COX3|PCOX1|PES-1|PGG/HS|PGHS-1|PGHS1|PHS1|PTGHS,MIM:176805|HGNC:HGNC:9604|Ensembl:ENSG00000095303|Vega:OTTHUMG00000020605,9,9q33.2,prostaglandin-endoperoxide synthase 1,protein-coding,prostaglandin G/H synthase 1|PGH synthase 1|cyclooxygenase-1|prostaglandin H2 synthase 1|prostaglandin-endoperoxide synthase 1 (prostaglandin G/H synthase and cyclooxygenase)
3485,3,"18953566,17970029,17285230,",IGFBP2,IBP2|IGF-BP53,MIM:146731|HGNC:HGNC:5471|Ensembl:ENSG00000115457|Vega:OTTHUMG00000155341,2,2q35,insulin like growth factor binding protein 2,protein-coding,"insulin-like growth factor-binding protein 2|IGF-binding protein 2|insulin-like growth factor binding protein 2, 36kDa"
7424,4,"26093087,19701853,17926187,19347725,",VEGFC,Flt4-L|LMPH1D|VRP,MIM:601528|HGNC:HGNC:12682|Ensembl:ENSG00000150630|Vega:OTTHUMG00000160734,4,4q34.3,vascular endothelial growth factor C,protein-coding,vascular endothelial growth factor C|FLT4 ligand DHM|vascular endothelial growth factor-related protein
2078,1,"20308673,",ERG,erg-3|p55,MIM:165080|HGNC:HGNC:3446|Ensembl:ENSG00000157554|Vega:OTTHUMG00000090767,21,21q22.2,"ERG, ETS transcription factor",protein-coding,transcriptional regulator ERG|TMPRSS2/ERG fusion|erythroblast transformation-specific transcription factor ERG variant 10|ets-related|transcriptional regulator ERG (transforming protein ERG)|v-ets avian erythroblastosis virus E26 oncogene homolog|v-ets avian erythroblastosis virus E26 oncogene related|v-ets erythroblastosis virus E26 oncogene homolog|v-ets erythroblastosis virus E26 oncogene like
3004,1,"12506019,",GZMM,LMET1|MET1,MIM:600311|HGNC:HGNC:4712|Ensembl:ENSG00000197540|Vega:OTTHUMG00000180559,19,19p13.3,granzyme M,protein-coding,granzyme M|HU-Met-1|Met-1 serine protease|lymphocyte met-ase 1|met-ase|natural killer cell granular protease
5295,2,"29677490,20433747,",PIK3R1,AGM7|GRB1|IMD36|p85|p85-ALPHA,MIM:171833|HGNC:HGNC:8979|Ensembl:ENSG00000145675|Vega:OTTHUMG00000131251,5,5q13.1,phosphoinositide-3-kinase regulatory subunit 1,protein-coding,"phosphatidylinositol 3-kinase regulatory subunit alpha|PI3-kinase subunit p85-alpha|PI3K regulatory subunit alpha|phosphatidylinositol 3-kinase 85 kDa regulatory subunit alpha|phosphatidylinositol 3-kinase, regulatory subunit, polypeptide 1 (p85 alpha)|phosphatidylinositol 3-kinase-associated p-85 alpha|phosphoinositide-3-kinase regulatory subunit alpha|phosphoinositide-3-kinase, regulatory subunit 1 (alpha)|ptdIns-3-kinase regulatory subunit alpha"
3939,2,"24366912,19021062,",LDHA,GSD11|HEL-S-133P|LDHM|PIG19,MIM:150000|HGNC:HGNC:6535|Ensembl:ENSG00000134333|Vega:OTTHUMG00000167721,11,11p15.1,lactate dehydrogenase A,protein-coding,L-lactate dehydrogenase A chain|LDH muscle subunit|LDH-A|LDH-M|cell proliferation-inducing gene 19 protein|epididymis secretory sperm binding protein Li 133P|lactate dehydrogenase M|proliferation-inducing gene 19|renal carcinoma antigen NY-REN-59
415116,1,"21646687,",PIM3,pim-3,MIM:610580|HGNC:HGNC:19310|Ensembl:ENSG00000198355|Vega:OTTHUMG00000150290,22,22q13.33,"Pim-3 proto-oncogene, serine/threonine kinase",protein-coding,serine/threonine-protein kinase pim-3|pim-3 oncogene|serine/threonine kinase Pim-3
8842,20,"25967234,26757925,23991844,18096722,21931765,30717708,20564348,18985161,25589004,22748652,18679414,19369008,22664874,22652175,18568776,21486962,28137267,24129546,21082235,18172261,",PROM1,AC133|CD133|CORD12|MCDR2|MSTP061|PROML1|RP41|STGD4,MIM:604365|HGNC:HGNC:9454|Ensembl:ENSG00000007062|Vega:OTTHUMG00000160180,4,4p15.32,prominin 1,protein-coding,prominin-1|antigen AC133|hProminin|hematopoietic stem cell antigen|prominin-like protein 1
2302,1,"26690880,",FOXJ1,FKHL13|HFH-4|HFH4,MIM:602291|HGNC:HGNC:3816|Ensembl:ENSG00000129654|Vega:OTTHUMG00000180120,17,17q25.1,forkhead box J1,protein-coding,forkhead box protein J1|fork head homologue 4|forkhead transcription factor HFH-4|forkhead-like 13|forkhead-related protein FKHL13|hepatocyte nuclear factor 3 forkhead homolog 4
5730,1,"21271676,",PTGDS,L-PGDS|LPGDS|PDS|PGD2|PGDS|PGDS2,MIM:176803|HGNC:HGNC:9592|Ensembl:ENSG00000107317|Ensembl:ENSG00000284341|Vega:OTTHUMG00000020957,9,9q34.3,prostaglandin D2 synthase,protein-coding,prostaglandin-H2 D-isomerase|PGD2 synthase|beta-trace protein|cerebrin-28|glutathione-independent PGD synthase|glutathione-independent PGD synthetase|lipocalin-type prostaglandin D synthase|prostaglandin D synthase|prostaglandin D2 synthase 21kDa (brain)|testis tissue sperm-binding protein Li 63n
160728,1,"15867356,",SLC5A8,AIT|SMCT|SMCT1,MIM:608044|HGNC:HGNC:19119|Ensembl:ENSG00000256870|Vega:OTTHUMG00000170499,12,12q23.1-q23.2,solute carrier family 5 member 8,protein-coding,"sodium-coupled monocarboxylate transporter 1|apical iodide transporter|electrogenic sodium monocarboxylate cotransporter|sodium iodide-related cotransporter|solute carrier family 5 (iodide transporter), member 8|solute carrier family 5 (sodium/monocarboxylate cotransporter), member 8"
8013,1,"28249906,",NR4A3,CHN|CSMF|MINOR|NOR1|TEC,MIM:600542|HGNC:HGNC:7982|Ensembl:ENSG00000119508|Vega:OTTHUMG00000021030,9,9q31.1,nuclear receptor subfamily 4 group A member 3,protein-coding,"nuclear receptor subfamily 4 group A member 3|chondrosarcoma, extraskeletal myxoid, fused to EWS|mitogen-induced nuclear orphan receptor|neuron-derived orphan receptor 1|nuclear hormone receptor NOR-1|translocated in extraskeletal chondrosarcoma"
6776,2,"17922009,12048235,",STAT5A,MGF|STAT5,MIM:601511|HGNC:HGNC:11366|Ensembl:ENSG00000126561|Vega:OTTHUMG00000150725,17,17q21.2,signal transducer and activator of transcription 5A,protein-coding,signal transducer and activator of transcription 5A
3685,1,"18394009,",ITGAV,CD51|MSK8|VNRA|VTNR,MIM:193210|HGNC:HGNC:6150|Ensembl:ENSG00000138448|Vega:OTTHUMG00000132635,2,2q32.1,integrin subunit alpha V,protein-coding,"integrin alpha-V|antigen identified by monoclonal antibody L230|integrin alphaVbeta3|integrin, alpha V (vitronectin receptor, alpha polypeptide, antigen CD51)|vitronectin receptor subunit alpha"
652,2,"23590708,19407504,",BMP4,BMP2B|BMP2B1|MCOPS6|OFC11|ZYME,MIM:112262|HGNC:HGNC:1071|Ensembl:ENSG00000125378|Vega:OTTHUMG00000140303,14,14q22.2,bone morphogenetic protein 4,protein-coding,bone morphogenetic protein 4|bone morphogenetic protein 2B
10991,1,"15094455,",SLC38A3,G17|NAT1|SN1|SNAT3,MIM:604437|HGNC:HGNC:18044|Ensembl:ENSG00000188338|Vega:OTTHUMG00000156764,3,3p21.31,solute carrier family 38 member 3,protein-coding,sodium-coupled neutral amino acid transporter 3|N-system amino acid transporter 1|Na(+)-coupled neutral amino acid transporter 3|system N amino acid transporter 1|system N1 Na+ and H+-coupled glutamine transporter
3605,2,"20515574,15305382,",IL17A,CTLA-8|CTLA8|IL-17|IL-17A|IL17,MIM:603149|HGNC:HGNC:5981|Ensembl:ENSG00000112115|Vega:OTTHUMG00000014840,6,6p12.2,interleukin 17A,protein-coding,interleukin-17A|cytotoxic T-lymphocyte-associated antigen 8|cytotoxic T-lymphocyte-associated protein 8|interleukin 17 (cytotoxic T-lymphocyte-associated serine esterase 8)
6693,1,"25682152,",SPN,CD43|GALGP|GPL115|LSN,MIM:182160|HGNC:HGNC:11249|Ensembl:ENSG00000197471|Vega:OTTHUMG00000097765,16,16p11.2,sialophorin,protein-coding,"leukosialin|galactoglycoprotein|leukocyte sialoglycoprotein|sialophorin (gpL115, leukosialin, CD43)"
1436,1,"24056773,",CSF1R,C-FMS|CD115|CSF-1R|CSFR|FIM2|FMS|HDLS|M-CSF-R,MIM:164770|HGNC:HGNC:2433|Ensembl:ENSG00000182578|Vega:OTTHUMG00000130050,5,5q32,colony stimulating factor 1 receptor,protein-coding,macrophage colony-stimulating factor 1 receptor|CD115 antigen|CSF-1 receptor|FMS proto-oncogene|McDonough feline sarcoma viral (v-fms) oncogene homolog|macrophage colony stimulating factor I receptor|proto-oncogene c-Fms
5753,1,"16651629,",PTK6,BRK,MIM:602004|HGNC:HGNC:9617|Ensembl:ENSG00000101213|Vega:OTTHUMG00000033039,20,20q13.33,protein tyrosine kinase 6,protein-coding,protein-tyrosine kinase 6|PTK6 protein tyrosine kinase 6|breast tumor kinase|protein-tyrosine kinase BRK|tyrosine-protein kinase BRK
2736,2,"30554998,15806168,",GLI2,CJS|HPE9|PHS2|THP1|THP2,MIM:165230|HGNC:HGNC:4318|Ensembl:ENSG00000074047|Vega:OTTHUMG00000153741,2,2q14.2,GLI family zinc finger 2,protein-coding,zinc finger protein GLI2|GLI family zinc finger protein 2|GLI-Kruppel family member GLI2|glioma-associated oncogene family zinc finger 2|oncogene GLI2|tax helper protein 1|tax helper protein 2|tax-responsive element-2 holding protein|tax-responsive element-25-bp sequence binding protein
2034,6,"17285230,27130043,29601261,23533246,28302031,19021062,",EPAS1,ECYT4|HIF2A|HLF|MOP2|PASD2|bHLHe73,MIM:603349|HGNC:HGNC:3374|Ensembl:ENSG00000116016|Vega:OTTHUMG00000128818,2,2p21,endothelial PAS domain protein 1,protein-coding,endothelial PAS domain-containing protein 1|EPAS-1|HIF-1-alpha-like factor|HIF-1alpha-like factor|HIF-2-alpha|HIF2-alpha|PAS domain-containing protein 2|basic-helix-loop-helix-PAS protein MOP2|class E basic helix-loop-helix protein 73|hypoxia-inducible factor 2 alpha|member of PAS protein 2
81559,1,"23178488,",TRIM11,BIA1|RNF92,MIM:607868|HGNC:HGNC:16281|Ensembl:ENSG00000154370|Vega:OTTHUMG00000039773,1,1q42.13,tripartite motif containing 11,protein-coding,E3 ubiquitin-protein ligase TRIM11|RING finger protein 92|RING-type E3 ubiquitin transferase TRIM11|tripartite motif-containing protein 11
57447,4,"21872476,26976975,20607352,18709645,",NDRG2,SYLD,MIM:605272|HGNC:HGNC:14460|Ensembl:ENSG00000165795|Vega:OTTHUMG00000029619,14,14q11.2,NDRG family member 2,protein-coding,protein NDRG2|N-myc downstream regulator 2|N-myc downstream-regulated gene 2 protein|NDR1-related protein NDR2|cytoplasmic protein Ndr1|syld709613 protein
9122,2,"23258846,27144334,",SLC16A4,MCT4|MCT5,MIM:603878|HGNC:HGNC:10925|Ensembl:ENSG00000168679|Vega:OTTHUMG00000011285,1,1p13.3,solute carrier family 16 member 4,protein-coding,"monocarboxylate transporter 5|MCT 4|MCT 5|monocarboxylate transporter 4|solute carrier family 16 (monocarboxylic acid transporters), member 4|solute carrier family 16, member 4 (monocarboxylic acid transporter 5)"
50848,1,"28677106,",F11R,CD321|JAM|JAM1|JAMA|JCAM|KAT|PAM-1,MIM:605721|HGNC:HGNC:14685|Ensembl:ENSG00000158769|Vega:OTTHUMG00000028602,1,1q23.3,F11 receptor,protein-coding,junctional adhesion molecule A|junctional adhesion molecule 1|platelet F11 receptor|platelet adhesion molecule 1
29937,1,"30953468,",NENF,CIR2|SCIRP10|SPUF,MIM:611874|HGNC:HGNC:30384|Ensembl:ENSG00000117691|Vega:OTTHUMG00000036744,1,1q32.3,neudesin neurotrophic factor,protein-coding,neudesin|SCIRP10-related protein|Spinal cord injury related protein 10|cell growth-inhibiting protein 47|cell immortalization-related protein 2|neuron-derived neurotrophic factor|secreted protein of unknown function
8358,2,"29063957,24242757,",HIST1H3B,H3/l|H3FL,MIM:602819|HGNC:HGNC:4776|Ensembl:ENSG00000274267|Vega:OTTHUMG00000014415,6,6p22.2,histone cluster 1 H3 family member b,protein-coding,"histone H3.1|H3 histone family, member L|histone 1, H3b|histone H3/l|histone cluster 1, H3b"
27044,1,"28160566,",SND1,TDRD11|Tudor-SN|p100,MIM:602181|HGNC:HGNC:30646|Ensembl:ENSG00000197157|Vega:OTTHUMG00000157560,7,7q32.1,staphylococcal nuclease and tudor domain containing 1,protein-coding,staphylococcal nuclease domain-containing protein 1|EBNA2 coactivator p100|testis tissue sperm-binding protein Li 82P|tudor domain-containing protein 11
1026,3,"18374497,18981426,16462758,",CDKN1A,CAP20|CDKN1|CIP1|MDA-6|P21|SDI1|WAF1|p21CIP1,MIM:116899|HGNC:HGNC:1784|Ensembl:ENSG00000124762|Vega:OTTHUMG00000014603,6,6p21.2,cyclin dependent kinase inhibitor 1A,protein-coding,"cyclin-dependent kinase inhibitor 1|CDK-interacting protein 1|CDK-interaction protein 1|DNA synthesis inhibitor|cyclin-dependent kinase inhibitor 1A (p21, Cip1)|melanoma differentiation associated protein 6|wild-type p53-activated fragment 1"
366,1,"24086629,",AQP9,AQP-9|HsT17287|SSC1|T17287,MIM:602914|HGNC:HGNC:643|Ensembl:ENSG00000103569|Vega:OTTHUMG00000132631,15,15q21.3,aquaporin 9,protein-coding,aquaporin-9|aquaglyceroporin-9|small solute channel 1
2752,1,"21682567,",GLUL,GLNS|GS|PIG43|PIG59,MIM:138290|HGNC:HGNC:4341|Ensembl:ENSG00000135821|Vega:OTTHUMG00000037407,1,1q25.3,glutamate-ammonia ligase,protein-coding,glutamine synthetase|cell proliferation-inducing protein 59|glutamate decarboxylase|glutamine synthase|proliferation-inducing protein 43
5621,1,"28692055,",PRNP,ASCR|AltPrP|CD230|CJD|GSS|KURU|PRIP|PrP|PrP27-30|PrP33-35C|PrPc|p27-30,MIM:176640|HGNC:HGNC:9449|Ensembl:ENSG00000171867|Vega:OTTHUMG00000031786,20,20p13,prion protein,protein-coding,major prion protein|alternative prion protein|CD230 antigen|prion-related protein
4552,1,"25809864,",MTRR,MSR|cblE,MIM:602568|HGNC:HGNC:7473|Ensembl:ENSG00000124275|Vega:OTTHUMG00000090477,5,5p15.31,5-methyltetrahydrofolate-homocysteine methyltransferase reductase,protein-coding,"methionine synthase reductase|[methionine synthase]-cobalamin methyltransferase (cob(II)alamin reducing)|methionine synthase reductase, mitochondrial"
3727,1,"26747248,",JUND,AP-1,MIM:165162|HGNC:HGNC:6206|Ensembl:ENSG00000130522|Vega:OTTHUMG00000183355,19,19p13.11,"JunD proto-oncogene, AP-1 transcription factor subunit",protein-coding,transcription factor jun-D|JunD-FL isoform|activator protein 1|jun D proto-oncogene
56623,1,"28650469,",INPP5E,CORS1|CPD4|JBTS1|MORMS|PPI5PIV|pharbin,MIM:613037|HGNC:HGNC:21474|Ensembl:ENSG00000148384|Vega:OTTHUMG00000020927,9,9q34.3,inositol polyphosphate-5-phosphatase E,protein-coding,"72 kDa inositol polyphosphate 5-phosphatase|phosphatidylinositol polyphosphate 5-phosphatase type IV|phosphatidylinositol-4,5-bisphosphate 5-phosphatase"
1499,26,"31495087,23603171,24371308,26317904,25386667,19633924,29625497,26290144,19900369,21617231,12209999,16843107,20028853,22415719,28500561,23525311,23240619,22086512,24413733,15696778,22505738,19703993,19197950,18540944,26927026,28160566,",CTNNB1,CTNNB|EVR7|MRD19|armadillo,MIM:116806|HGNC:HGNC:2514|Ensembl:ENSG00000168036|Vega:OTTHUMG00000131393,3,3p22.1,catenin beta 1,protein-coding,"catenin beta-1|catenin (cadherin-associated protein), beta 1, 88kDa"
28514,1,"21931765,",DLL1,DELTA1|DL1|Delta,MIM:606582|HGNC:HGNC:2908|Ensembl:ENSG00000198719|Vega:OTTHUMG00000016078,6,6q27,delta like canonical Notch ligand 1,protein-coding,delta-like protein 1|H-Delta-1|drosophila Delta homolog 1
5034,1,"29207176,",P4HB,CLCRP1|DSI|ERBA2L|GIT|P4Hbeta|PDI|PDIA1|PHDB|PO4DB|PO4HB|PROHB,MIM:176790|HGNC:HGNC:8548|Ensembl:ENSG00000185624|Vega:OTTHUMG00000150269,17,17q25.3,prolyl 4-hydroxylase subunit beta,protein-coding,"protein disulfide-isomerase|cellular thyroid hormone-binding protein|collagen prolyl 4-hydroxylase beta|glutathione-insulin transhydrogenase|p55|procollagen-proline, 2-oxoglutarate 4-dioxygenase (proline 4-hydroxylase), beta polypeptide|prolyl 4-hydroxylase, beta polypeptide|protein disulfide isomerase family A, member 1|protein disulfide isomerase-associated 1|protein disulfide isomerase/oxidoreductase|protocollagen hydroxylase|testicular secretory protein Li 32|thyroid hormone-binding protein p55"
55902,2,"28552616,25525878,",ACSS2,ACAS2|ACECS|ACS|ACSA|dJ1161H23.1,MIM:605832|HGNC:HGNC:15814|Ensembl:ENSG00000131069|Vega:OTTHUMG00000032317,20,20q11.22,acyl-CoA synthetase short chain family member 2,protein-coding,"acetyl-coenzyme A synthetase, cytoplasmic|acetate thiokinase|acetate-CoA ligase|acetyl-Coenzyme A synthetase 2 (ADP forming)|acyl-activating enzyme|cytoplasmic acetyl-coenzyme A synthetase"
3572,1,"25966666,",IL6ST,CD130|CDW130|GP130|IL-6RB,MIM:600694|HGNC:HGNC:6021|Ensembl:ENSG00000134352|Vega:OTTHUMG00000097043,5,5q11.2,interleukin 6 signal transducer,protein-coding,"interleukin-6 receptor subunit beta|CD130 antigen|IL-6 receptor subunit beta|IL-6R subunit beta|gp130 of the rheumatoid arthritis antigenic peptide-bearing soluble form|gp130, oncostatin M receptor|interleukin receptor beta chain|membrane glycoprotein 130|membrane glycoprotein gp130|oncostatin-M receptor subunit alpha"
1268,3,"27613640,20090845,20307616,",CNR1,CANN6|CB-R|CB1|CB1A|CB1K5|CB1R|CNR,MIM:114610|HGNC:HGNC:2159|Ensembl:ENSG00000118432|Vega:OTTHUMG00000015184,6,6q15,cannabinoid receptor 1,protein-coding,cannabinoid receptor 1|cannabinoid receptor 1 (brain)|central cannabinoid receptor
23479,1,"22977270,",ISCU,2310020H20Rik|HML|ISU2|NIFU|NIFUN|hnifU,MIM:611911|HGNC:HGNC:29882|Ensembl:ENSG00000136003|Vega:OTTHUMG00000168420,12,12q23.3,iron-sulfur cluster assembly enzyme,protein-coding,"iron-sulfur cluster assembly enzyme ISCU, mitochondrial|IscU iron-sulfur cluster scaffold homolog|nifU-like N-terminal domain-containing protein"
7052,1,"18587533,",TGM2,TG(C)|TGC,MIM:190196|HGNC:HGNC:11778|Ensembl:ENSG00000198959|Vega:OTTHUMG00000032437,20,20q11.23,transglutaminase 2,protein-coding,"protein-glutamine gamma-glutamyltransferase 2|C polypeptide, protein-glutamine-gamma-glutamyltransferase|TGase C|TGase H|TGase-2|tissue transglutaminase|transglutaminase C|transglutaminase H"
6754,1,"20233783,",SSTR4,SS-4-R|SS4-R|SS4R,MIM:182454|HGNC:HGNC:11333|Ensembl:ENSG00000132671|Vega:OTTHUMG00000032054,20,20p11.21,somatostatin receptor 4,protein-coding,somatostatin receptor type 4|G-protein coupled receptor
79085,1,"27993893,",SLC25A23,APC2|MCSC2|SCaMC-3,MIM:608746|HGNC:HGNC:19375|Ensembl:ENSG00000125648|Vega:OTTHUMG00000180852,19,19p13.3,solute carrier family 25 member 23,protein-coding,"calcium-binding mitochondrial carrier protein SCaMC-3|mitochondrial ATP-Mg/Pi carrier protein 2|mitochondrial Ca(2+)-dependent solute carrier protein 2|mitochondrial Ca2+-dependent solute carrier protein 2|short calcium-binding mitochondrial carrier 3|small calcium-binding mitochondrial carrier protein 3|solute carrier family 25 (mitochondrial carrier; phosphate carrier), member 23"
1977,3,"27900644,25193863,19188486,",EIF4E,AUTS19|CBP|EIF4E1|EIF4EL1|EIF4F|eIF-4E,MIM:133440|HGNC:HGNC:3287|Ensembl:ENSG00000151247|Vega:OTTHUMG00000161090,4,4q23,eukaryotic translation initiation factor 4E,protein-coding,eukaryotic translation initiation factor 4E|eIF-4F 25 kDa subunit|eukaryotic translation initiation factor 4E-like 1|mRNA cap-binding protein
7750,1,"21527531,",ZMYM2,FIM|MYM|RAMP|SCLL|ZNF198,MIM:602221|HGNC:HGNC:12989|Ensembl:ENSG00000121741|Vega:OTTHUMG00000016507,13,13q12.11,zinc finger MYM-type containing 2,protein-coding,"zinc finger MYM-type protein 2|fused in myeloproliferative disorders protein|rearranged in an atypical myeloproliferative disorder|zinc finger protein 198|zinc finger, MYM-type 2"
644943,1,"20956940,",RASSF10,-,MIM:614713|HGNC:HGNC:33984|Ensembl:ENSG00000189431|Vega:OTTHUMG00000166184,11,11p15.3,Ras association domain family member 10,protein-coding,ras association domain-containing protein 10|Ras association (RalGDS/AF-6) domain family (N-terminal) member 10
9788,2,"25385572,22081072,",MTSS1,MIM|MIMA|MIMB,MIM:608486|HGNC:HGNC:20443|Ensembl:ENSG00000170873|Vega:OTTHUMG00000048189,8,8q24.13,"MTSS1, I-BAR domain containing",protein-coding,metastasis suppressor protein 1|metastasis suppressor 1|metastasis suppressor YGL-1|missing in metastasis protein
5347,5,"27538997,21436619,28283778,22390279,28178660,",PLK1,PLK|STPK13,MIM:602098|HGNC:HGNC:9077|Ensembl:ENSG00000166851|Vega:OTTHUMG00000096984,16,16p12.2,polo like kinase 1,protein-coding,serine/threonine-protein kinase PLK1|PLK-1|cell cycle regulated protein kinase|polo (Drosophia)-like kinase|serine/threonine-protein kinase 13
7068,2,"17039256,15601836,",THRB,C-ERBA-2|C-ERBA-BETA|ERBA2|GRTH|NR1A2|PRTH|THR1|THRB1|THRB2,MIM:190160|HGNC:HGNC:11799|Ensembl:ENSG00000151090|Vega:OTTHUMG00000130478,3,3p24.2,thyroid hormone receptor beta,protein-coding,"thyroid hormone receptor beta|nuclear receptor subfamily 1 group A member 2|oncogene ERBA2|thyroid hormone nuclear receptor beta variant 1|thyroid hormone receptor, beta (erythroblastic leukemia viral (v-erb-a) oncogene homolog 2, avian)"
468,2,"28553953,20022965,",ATF4,CREB-2|CREB2|TAXREB67|TXREB,MIM:604064|HGNC:HGNC:786|Ensembl:ENSG00000128272|Vega:OTTHUMG00000151099,22,22q13.1,activating transcription factor 4,protein-coding,cyclic AMP-dependent transcription factor ATF-4|DNA-binding protein TAXREB67|cAMP response element-binding protein 2|cAMP-dependent transcription factor ATF-4|cAMP-responsive element-binding protein 2|cyclic AMP-responsive element-binding protein 2|tax-responsive enhancer element B67|tax-responsive enhancer element-binding protein 67
5468,1,"30607709,",PPARG,CIMT1|GLM1|NR1C3|PPARG1|PPARG2|PPARgamma,MIM:601487|HGNC:HGNC:9236|Ensembl:ENSG00000132170|Vega:OTTHUMG00000129764,3,3p25.2,peroxisome proliferator activated receptor gamma,protein-coding,peroxisome proliferator-activated receptor gamma|PPAR-gamma|nuclear receptor subfamily 1 group C member 3|peroxisome proliferator-activated nuclear receptor gamma variant 1
51147,2,"27471108,19571607,",ING4,my036|p29ING4,MIM:608524|HGNC:HGNC:19423|Ensembl:ENSG00000111653|Vega:OTTHUMG00000141274,12,12p13.31,inhibitor of growth family member 4,protein-coding,inhibitor of growth protein 4|brain my036 protein|candidate tumor suppressor p33 ING1 homolog
1019,1,"28637687,",CDK4,CMM3|PSK-J3,MIM:123829|HGNC:HGNC:1773|Ensembl:ENSG00000135446|Vega:OTTHUMG00000170382,12,12q14.1,cyclin dependent kinase 4,protein-coding,cyclin-dependent kinase 4|cell division protein kinase 4
4914,7,"24840578,28695888,18719857,22782892,17635673,17971243,17673289,",NTRK1,MTC|TRK|TRK1|TRKA|Trk-A|p140-TrkA,MIM:191315|HGNC:HGNC:8031|Ensembl:ENSG00000198400|Vega:OTTHUMG00000041304,1,1q23.1,neurotrophic receptor tyrosine kinase 1,protein-coding,"high affinity nerve growth factor receptor|Oncogene TRK|TRK1-transforming tyrosine kinase protein|gp140trk|neurotrophic tyrosine kinase, receptor, type 1|tropomyosin-related kinase A|tyrosine kinase receptor A"
4779,1,"30755497,",NFE2L1,LCR-F1|NRF1|TCF11,MIM:163260|HGNC:HGNC:7781|Ensembl:ENSG00000082641|Vega:OTTHUMG00000178706,17,17q21.32,"nuclear factor, erythroid 2 like 1",protein-coding,"nuclear factor erythroid 2-related factor 1|NF-E2-related factor 1|NFE2-related factor 1|TCF-11|locus control region-factor 1|nuclear factor, erythroid derived 2, like 1|transcription factor 11 (basic leucine zipper type)|transcription factor HBZ17|transcription factor LCR-F1"
57162,1,"27469333,",PELI1,-,MIM:614797|HGNC:HGNC:8827|Ensembl:ENSG00000197329|Vega:OTTHUMG00000129511,2,2p14,pellino E3 ubiquitin protein ligase 1,protein-coding,E3 ubiquitin-protein ligase pellino homolog 1|RING-type E3 ubiquitin transferase pellino homolog 1|pellino homolog 1|pellino-1|pellino-related intracellular-signaling molecule|protein pellino homolog 1
7422,38,"24398760,22541785,21517260,17917075,16036113,23756256,26909925,24980036,30429891,22009797,18950958,23398358,26627848,25821815,16773219,12918061,19347725,12213878,15949234,16612574,21107201,21247755,26503641,23475388,21935869,17671709,28152577,23358800,26951383,19626992,23624620,12509854,24905841,18317686,12590639,24928387,21968684,12174896,",VEGFA,MVCD1|VEGF|VPF,MIM:192240|HGNC:HGNC:12680|Ensembl:ENSG00000112715|Vega:OTTHUMG00000014745,6,6p21.1,vascular endothelial growth factor A,protein-coding,vascular endothelial growth factor A|vascular endothelial growth factor A121|vascular endothelial growth factor A165|vascular permeability factor
4953,2,"26460945,15015770,",ODC1,ODC,MIM:165640|HGNC:HGNC:8109|Ensembl:ENSG00000115758|Vega:OTTHUMG00000090450,2,2p25.1,ornithine decarboxylase 1,protein-coding,ornithine decarboxylase
4772,1,"20664054,",NFATC1,NF-ATC|NF-ATc1.2|NFAT2|NFATc,MIM:600489|HGNC:HGNC:7775|Ensembl:ENSG00000131196|Vega:OTTHUMG00000132897,18,18q23,nuclear factor of activated T-cells 1,protein-coding,"nuclear factor of activated T-cells, cytoplasmic 1|NFAT transcription complex cytosolic component|nuclear factor of activated T-cells 'c'|nuclear factor of activated T-cells, cytoplasmic, calcineurin-dependent 1"
7101,3,"20360385,23028043,20814749,",NR2E1,TLL|TLX|XTLL,MIM:603849|HGNC:HGNC:7973|Ensembl:ENSG00000112333|Vega:OTTHUMG00000015319,6,6q21,nuclear receptor subfamily 2 group E member 1,protein-coding,nuclear receptor subfamily 2 group E member 1|nuclear receptor TLX|protein tailless homolog|tailes-related receptor
5898,1,"27566179,",RALA,RAL,MIM:179550|HGNC:HGNC:9839|Ensembl:ENSG00000006451|Vega:OTTHUMG00000128775,7,7p14.1,RAS like proto-oncogene A,protein-coding,ras-related protein Ral-A|RALA Ras like proto-oncogene A|RAS-like protein A|Ras family small GTP binding protein RALA|ras related GTP binding protein A|v-ral simian leukemia viral oncogene homolog A (ras related)
54790,2,"21690245,28337768,",TET2,KIAA1546|MDS,MIM:612839|HGNC:HGNC:25941|Ensembl:ENSG00000168769|Vega:OTTHUMG00000131213,4,4q24,tet methylcytosine dioxygenase 2,protein-coding,methylcytosine dioxygenase TET2|probable methylcytosine dioxygenase TET2|tet oncogene family member 2
10656,1,"19584924,",KHDRBS3,Etle|SALP|SLM-2|SLM2|T-STAR|TSTAR|etoile,MIM:610421|HGNC:HGNC:18117|Ensembl:ENSG00000131773|Vega:OTTHUMG00000164164,8,8q24.23,"KH RNA binding domain containing, signal transduction associated 3",protein-coding,"KH domain-containing, RNA-binding, signal transduction-associated protein 3|KH domain containing, RNA binding, signal transduction associated 3|RNA-binding protein T-Star|Sam68-like phosphotyrosine protein, T-STAR|sam68-like mammalian protein 2"
83858,1,"18639545,",ATAD3B,AAA-TOB3|TOB3,MIM:612317|HGNC:HGNC:24007|Ensembl:ENSG00000160072|Vega:OTTHUMG00000000577,1,1p36.33,"ATPase family, AAA domain containing 3B",protein-coding,ATPase family AAA domain-containing protein 3B|AAA-ATPase TOB3
3205,2,"23466061,23349797,",HOXA9,ABD-B|HOX1|HOX1.7|HOX1G,MIM:142956|HGNC:HGNC:5109|Ensembl:ENSG00000078399|Vega:OTTHUMG00000023220,7,7p15.2,homeobox A9,protein-coding,homeobox protein Hox-A9|homeobox protein Hox-1G|homeodomain protein HOXA9
2081,1,"29263275,",ERN1,IRE1|IRE1P|IRE1a|hIRE1p,MIM:604033|HGNC:HGNC:3449|Ensembl:ENSG00000178607|Vega:OTTHUMG00000178879,17,17q23.3,endoplasmic reticulum to nucleus signaling 1,protein-coding,serine/threonine-protein kinase/endoribonuclease IRE1|ER to nucleus signalling 1|inositol-requiring 1|inositol-requiring enzyme 1|inositol-requiring protein 1|ire1-alpha|protein kinase/endoribonuclease
8754,2,"27571068,25646025,",ADAM9,CORD9|MCMP|MDC9|Mltng,MIM:602713|HGNC:HGNC:216|Ensembl:ENSG00000168615|Vega:OTTHUMG00000159783,8,8p11.22,ADAM metallopeptidase domain 9,protein-coding,disintegrin and metalloproteinase domain-containing protein 9|ADAM metallopeptidase domain 9 (meltrin gamma)|cellular disintegrin-related protein|cone rod dystrophy 9|metalloprotease/disintegrin/cysteine-rich protein 9|myeloma cell metalloproteinase
1803,2,"22648548,19247978,",DPP4,ADABP|ADCP2|CD26|DPPIV|TP103,MIM:102720|HGNC:HGNC:3009|Ensembl:ENSG00000197635|Vega:OTTHUMG00000132056,2,2q24.2,dipeptidyl peptidase 4,protein-coding,"dipeptidyl peptidase 4|ADCP-2|DPP IV|T-cell activation antigen CD26|adenosine deaminase complexing protein 2|dipeptidyl peptidase IV|dipeptidylpeptidase 4|dipeptidylpeptidase IV (CD26, adenosine deaminase complexing protein 2)"
5533,1,"29294030,",PPP3CC,CALNA3|CNA3|PP2Bgamma,MIM:114107|HGNC:HGNC:9316|Ensembl:ENSG00000120910|Vega:OTTHUMG00000163802,8,8p21.3,protein phosphatase 3 catalytic subunit gamma,protein-coding,"serine/threonine-protein phosphatase 2B catalytic subunit gamma isoform|CAM-PRP catalytic subunit|calcineurin, testis-specific catalytic subunit|calmodulin-dependent calcineurin A subunit gamma isoform|protein phosphatase 2B, catalytic subunit, gamma isoform|protein phosphatase 3 (formerly 2B), catalytic subunit, gamma isoform|protein phosphatase 3, catalytic subunit, gamma isozyme"
3838,2,"22772608,24664371,",KPNA2,IPOA1|QIP2|RCH1|SRP1-alpha|SRP1alpha,MIM:600685|HGNC:HGNC:6395|Ensembl:ENSG00000182481|Vega:OTTHUMG00000179784,17,17q24.2,karyopherin subunit alpha 2,protein-coding,"importin subunit alpha-1|RAG cohort protein 1|importin subunit alpha-2|importin-alpha-P1|karyopherin alpha 2 (RAG cohort 1, importin alpha 1)|pendulin"
3559,2,"25935549,20562654,",IL2RA,CD25|IDDM10|IL2R|IMD41|TCGFR|p55,MIM:147730|HGNC:HGNC:6008|Ensembl:ENSG00000134460|Vega:OTTHUMG00000017616,10,10p15.1,interleukin 2 receptor subunit alpha,protein-coding,"interleukin-2 receptor subunit alpha|IL-2 receptor subunit alpha|IL-2R subunit alpha|TAC antigen|interleukin 2 receptor, alpha"
10803,1,"24828696,",CCR9,CC-CKR-9|CDw199|GPR-9-6|GPR28,MIM:604738|HGNC:HGNC:1610|Ensembl:ENSG00000173585|Vega:OTTHUMG00000133450,3,3p21.31,C-C motif chemokine receptor 9,protein-coding,C-C chemokine receptor type 9|G protein-coupled receptor 28|chemokine (C-C motif) receptor 9
5522,1,"24126060,",PPP2R2C,B55-GAMMA|B55gamma|IMYPNO|IMYPNO1|PR52|PR55G,MIM:605997|HGNC:HGNC:9306|Ensembl:ENSG00000074211|Vega:OTTHUMG00000090445,4,4p16.1,protein phosphatase 2 regulatory subunit Bgamma,protein-coding,"protein phosphatase 2, regulatory subunit B, gamma|PP2A, subunit B, B-gamma isoform|PP2A, subunit B, B55-gamma isoform|PP2A, subunit B, PR55-gamma isoform|PP2A, subunit B, R2-gamma isoform|gamma isoform of regulatory subunit B55, protein phosphatase 2|phosphoprotein phosphatase 2A BR gamma regulatory chain|protein phosphatase 2 (formerly 2A), regulatory subunit B (PR 52), gamma isoform|protein phosphatase 2A1 B gamma subunit|serine/threonine-protein phosphatase 2A 55 kDa regulatory subunit B gamma isoform"
3598,5,"28550091,20805641,28079349,18172271,17917751,",IL13RA2,CD213A2|CT19|IL-13R|IL13BP,MIM:300130|HGNC:HGNC:5975|Ensembl:ENSG00000123496|Vega:OTTHUMG00000022229,X,Xq23,interleukin 13 receptor subunit alpha 2,protein-coding,"interleukin-13 receptor subunit alpha-2|IL-13 receptor subunit alpha-2|IL-13R subunit alpha-2|IL-13R-alpha-2|IL-13RA2|cancer/testis antigen 19|interleukin 13 binding protein|interleukin 13 receptor alpha 2 chain|interleukin 13 receptor, alpha 2"
8650,1,"18384513,",NUMB,C14orf41|S171|c14_5527,MIM:603728|HGNC:HGNC:8060|Ensembl:ENSG00000133961|Vega:OTTHUMG00000171436,14,14q24.2-q24.3,"NUMB, endocytic adaptor protein",protein-coding,protein numb homolog|h-Numb|numb homolog
8880,5,"26545048,24117486,22869205,22588899,21817013,",FUBP1,FBP|FUBP|hDH V,MIM:603444|HGNC:HGNC:4004|Ensembl:ENSG00000162613|Vega:OTTHUMG00000040799,1,1p31.1,far upstream element binding protein 1,protein-coding,far upstream element-binding protein 1|DNA helicase V|FUSE binding protein 1|far upstream element (FUSE) binding protein 1
860,1,"19020999,",RUNX2,AML3|CBF-alpha-1|CBFA1|CCD|CCD1|CLCD|OSF-2|OSF2|PEA2aA|PEBP2aA,MIM:600211|HGNC:HGNC:10472|Ensembl:ENSG00000124813|Vega:OTTHUMG00000014774,6,6p21.1,runt related transcription factor 2,protein-coding,"runt-related transcription factor 2|PEA2-alpha A|PEBP2-alpha A|SL3-3 enhancer factor 1 alpha A subunit|SL3/AKV core-binding factor alpha A subunit|acute myeloid leukemia 3 protein|core-binding factor, runt domain, alpha subunit 1|oncogene AML-3|osteoblast-specific transcription factor 2|polyomavirus enhancer-binding protein 2 alpha A subunit"
55355,2,"24039914,23638004,",HJURP,FAKTS|URLC9|hFLEG1,MIM:612667|HGNC:HGNC:25444|Ensembl:ENSG00000123485|Vega:OTTHUMG00000059125,2,2q37.1,Holliday junction recognition protein,protein-coding,Holliday junction recognition protein|14-3-3-associated AKT substrate|fetal liver expressing gene 1|fetal liver-expressing gene 1 protein|up-regulated in lung cancer 9
3958,5,"20451577,19020999,18384511,25177969,22465244,",LGALS3,CBP35|GAL3|GALBP|GALIG|L31|LGALS2|MAC2,MIM:153619|HGNC:HGNC:6563|Ensembl:ENSG00000131981|Vega:OTTHUMG00000171030,14,14q22.3,galectin 3,protein-coding,"galectin-3|35 kDa lectin|IgE-binding protein|MAC-2 antigen|advanced glycation end-product receptor 3|carbohydrate-binding protein 35|galactose-specific lectin 3|laminin-binding protein|lectin L-29|lectin, galactoside-binding, soluble, 3"
2308,4,"17442120,26585955,19787258,23874926,",FOXO1,FKH1|FKHR|FOXO1A,MIM:136533|HGNC:HGNC:3819|Ensembl:ENSG00000150907|Vega:OTTHUMG00000016775,13,13q14.11,forkhead box O1,protein-coding,"forkhead box protein O1|forkhead box protein O1A|forkhead, Drosophila, homolog of, in rhabdomyosarcoma"
1063,1,"26188054,",CENPF,CENF|CILD31|PRO1779|STROMS|hcp-1,MIM:600236|HGNC:HGNC:1857|Ensembl:ENSG00000117724|Vega:OTTHUMG00000036955,1,1q41,centromere protein F,protein-coding,"centromere protein F|AH antigen|CENP-F kinetochore protein|cell-cycle-dependent 350K nuclear protein|centromere protein F, 350/400kDa|kinetochore protein CENPF|mitosin"
7546,1,"20199689,",ZIC2,HPE5,MIM:603073|HGNC:HGNC:12873|Ensembl:ENSG00000043355|Vega:OTTHUMG00000017279,13,13q32.3,Zic family member 2,protein-coding,"zinc finger protein ZIC 2|Zic family member 2 (odd-paired homolog, Drosophila)|Zinc finger protein of the cerebellum 2"
23552,1,"22875024,",CDK20,CCRK|CDCH|P42|PNQALRE,MIM:610076|HGNC:HGNC:21420|Ensembl:ENSG00000156345|Vega:OTTHUMG00000020161,9,9q22.1,cyclin dependent kinase 20,protein-coding,cyclin-dependent kinase 20|CAK-kinase p42|CDK-activating kinase p42|cell cycle-related kinase|cell division protein kinase 20|cyclin-dependent protein kinase H|cyclin-kinase-activating kinase p42
65998,2,"25388523,24562983,",C11orf95,-,MIM:615699|HGNC:HGNC:28449|Ensembl:ENSG00000188070|Vega:OTTHUMG00000167840,11,11q13.1,chromosome 11 open reading frame 95,protein-coding,uncharacterized protein C11orf95
708,1,"25528767,",C1QBP,GC1QBP|HABP1|SF2p32|gC1Q-R|gC1qR|p32,MIM:601269|HGNC:HGNC:1243|Ensembl:ENSG00000108561|Vega:OTTHUMG00000177875,17,17p13.2,complement C1q binding protein,protein-coding,"complement component 1 Q subcomponent-binding protein, mitochondrial|ASF/SF2-associated protein p32|C1q globular domain-binding protein|complement component 1, q subcomponent binding protein|glycoprotein gC1qBP|hyaluronan-binding protein 1|mitochondrial matrix protein p32|p33|splicing factor SF2-associated protein"
2796,1,"18980792,",GNRH1,GNRH|GRH|LHRH|LNRH,MIM:152760|HGNC:HGNC:4419|Ensembl:ENSG00000147437|Vega:OTTHUMG00000163852,8,8p21.2,gonadotropin releasing hormone 1,protein-coding,progonadoliberin-1|GnRH-associated peptide 1|gonadotropin-releasing hormone 1 (luteinizing-releasing hormone)|leuteinizing-releasing hormone|luliberin I|prolactin release-inhibiting factor
9253,1,"18940473,",NUMBL,CAG3A|CTG3a|NBL|NUMB-R|NUMBLIKE|NUMBR|TNRC23,MIM:604018|HGNC:HGNC:8061|Ensembl:ENSG00000105245|Vega:OTTHUMG00000182627,19,19q13.2,"NUMB like, endocytic adaptor protein",protein-coding,numb-like protein|numb homolog-like|numb-related protein
1601,1,"24608456,",DAB2,DOC-2|DOC2,MIM:601236|HGNC:HGNC:2662|Ensembl:ENSG00000153071|Vega:OTTHUMG00000162043,5,5p13.1,"DAB2, clathrin adaptor protein",protein-coding,"disabled homolog 2|Dab, mitogen-responsive phosphoprotein, homolog 2|adaptor molecule disabled-2|differentially expressed in ovarian carcinoma 2|differentially-expressed protein 2|disabled homolog 2, mitogen-responsive phosphoprotein"
7076,1,"18850474,",TIMP1,CLGI|EPA|EPO|HCI|TIMP|TIMP-1,MIM:305370|HGNC:HGNC:11820|Ensembl:ENSG00000102265|Vega:OTTHUMG00000021447,X,Xp11.3,TIMP metallopeptidase inhibitor 1,protein-coding,metalloproteinase inhibitor 1|collagenase inhibitor|erythroid potentiating activity|fibroblast collagenase inhibitor|tissue inhibitor of metalloproteinases 1
65009,2,"22399192,26976975,",NDRG4,BDM1|SMAP-8|SMAP8,MIM:614463|HGNC:HGNC:14466|Ensembl:ENSG00000103034|Vega:OTTHUMG00000133485,16,16q21,NDRG family member 4,protein-coding,protein NDRG4|N-myc downstream-regulated gene 4 protein|brain development-related molecule 1|smooth muscle-associated protein 8|vascular smooth muscle cell-associated protein 8
6548,1,"22718548,",SLC9A1,APNH|LIKNS|NHE-1|NHE1|PPP1R143,MIM:107310|HGNC:HGNC:11071|Ensembl:ENSG00000090020|Vega:OTTHUMG00000004271,1,1p36.11,solute carrier family 9 member A1,protein-coding,"sodium/hydrogen exchanger 1|Na(+)/H(+) exchanger 1|Na-Li countertransporter|protein phosphatase 1, regulatory subunit 143|solute carrier family 9 (sodium/hydrogen exchanger), isoform 1 (antiporter, Na+/H+, amiloride sensitive)|solute carrier family 9 (sodium/hydrogen exchanger), member 1 (antiporter, Na+/H+, amiloride sensitive)|solute carrier family 9, subfamily A (NHE1, cation proton antiporter 1), member 1"
4040,1,"28042322,",LRP6,ADCAD2|STHAG7,MIM:603507|HGNC:HGNC:6698|Ensembl:ENSG00000070018,12,12p13.2,LDL receptor related protein 6,protein-coding,low-density lipoprotein receptor-related protein 6|LRP-6
545,2,"27803059,26804177,",ATR,FCTCS|FRP1|MEC1|SCKL|SCKL1,MIM:601215|HGNC:HGNC:882|Ensembl:ENSG00000175054|Vega:OTTHUMG00000159234,3,3q23,ATR serine/threonine kinase,protein-coding,"serine/threonine-protein kinase ATR|FRAP-related protein-1|MEC1, mitosis entry checkpoint 1, homolog|ataxia telangiectasia and Rad3-related protein"
5292,3,"30020405,22451912,17476282,",PIM1,PIM,MIM:164960|HGNC:HGNC:8986|Ensembl:ENSG00000137193|Vega:OTTHUMG00000016426,6,6p21.2,"Pim-1 proto-oncogene, serine/threonine kinase",protein-coding,serine/threonine-protein kinase pim-1|Oncogene PIM1|pim-1 kinase 44 kDa isoform|pim-1 oncogene (proviral integration site 1)|proto-oncogene serine/threonine-protein kinase pim-1
4613,14,"16951180,19234491,18348317,25785590,28453467,19171780,22090452,20607354,21378543,21646478,26290144,24470553,18391076,22068108,",MYCN,MODED|N-myc|NMYC|ODED|bHLHe37,MIM:164840|HGNC:HGNC:7559|Ensembl:ENSG00000134323|Vega:OTTHUMG00000039579,2,2p24.3,"MYCN proto-oncogene, bHLH transcription factor",protein-coding,N-myc proto-oncogene protein|class E basic helix-loop-helix protein 37|neuroblastoma MYC oncogene|neuroblastoma-derived v-myc avian myelocytomatosis viral related oncogene|oncogene NMYC|v-myc avian myelocytomatosis viral oncogene neuroblastoma derived homolog
9423,1,"24812271,",NTN1,NTN1L,MIM:601614|HGNC:HGNC:8029|Ensembl:ENSG00000065320|Vega:OTTHUMG00000130257,17,17p13.1,netrin 1,protein-coding,"netrin-1|epididymis tissue protein Li 131P|netrin 1, mouse, homolog of"
187,1,"17412318,",APLNR,AGTRL1|APJ|APJR|HG11,MIM:600052|HGNC:HGNC:339|Ensembl:ENSG00000134817|Vega:OTTHUMG00000167021,11,11q12.1,apelin receptor,protein-coding,apelin receptor|APJ (apelin) receptor|APJ receptor|G protein-coupled receptor APJ|G-protein coupled receptor HG11|HG11 orphan receptor|angiotensin II receptor-like 1|angiotensin receptor-like 1
29072,1,"23417712,",SETD2,HBP231|HIF-1|HIP-1|HSPC069|HYPB|KMT3A|LLS|SET2|p231HBP,MIM:612778|HGNC:HGNC:18420|Ensembl:ENSG00000181555|Vega:OTTHUMG00000133514,3,3p21.31,SET domain containing 2,protein-coding,histone-lysine N-methyltransferase SETD2|huntingtin interacting protein 1|huntingtin yeast partner B|huntingtin-interacting protein B|lysine N-methyltransferase 3A
1944,1,"23686814,",EFNA3,EFL2|EPLG3|Ehk1-L|LERK3,MIM:601381|HGNC:HGNC:3223|Ensembl:ENSG00000143590|Vega:OTTHUMG00000035313,1,1q21.3,ephrin A3,protein-coding,ephrin-A3|EFL-2|EHK1 ligand|LERK-3|eph-related receptor tyrosine kinase ligand 3|ligand of eph-related kinase 3
57646,1,"26209720,",USP28,-,MIM:610748|HGNC:HGNC:12625|Ensembl:ENSG00000048028|Vega:OTTHUMG00000168205,11,11q23.2,ubiquitin specific peptidase 28,protein-coding,ubiquitin carboxyl-terminal hydrolase 28|deubiquitinating enzyme 28|ubiquitin carboxyl-terminal hydrolase 28 variant 1|ubiquitin thioesterase 28|ubiquitin thiolesterase 28|ubiquitin-specific-processing protease 28
4005,2,"17038524,22776842,",LMO2,RBTN2|RBTNL1|RHOM2|TTG2,MIM:180385|HGNC:HGNC:6642|Ensembl:ENSG00000135363|Vega:OTTHUMG00000157176,11,11p13,LIM domain only 2,protein-coding,rhombotin-2|LIM domain only protein 2|LMO-2|T-cell translocation gene 2|T-cell translocation protein 2|cysteine-rich protein TTG-2|rhombotin-like 1
84557,1,"30842153,",MAP1LC3A,ATG8E|LC3|LC3A|MAP1ALC3|MAP1BLC3,MIM:601242|HGNC:HGNC:6838|Ensembl:ENSG00000101460|Vega:OTTHUMG00000032306,20,20q11.22,microtubule associated protein 1 light chain 3 alpha,protein-coding,microtubule-associated proteins 1A/1B light chain 3A|MAP1 light chain 3-like protein 1|MAP1A/1B light chain 3 A|MAP1A/MAP1B LC3 A|MAP1A/MAP1B light chain 3 A|autophagy-related ubiquitin-like modifier LC3 A|microtubule-associated proteins 1A/1B light chain 3
80777,1,"20100355,",CYB5B,CYB5-M|CYPB5M|OMB5,MIM:611964|HGNC:HGNC:24374|Ensembl:ENSG00000103018|Vega:OTTHUMG00000133020,16,16q22.1,cytochrome b5 type B,protein-coding,cytochrome b5 type B|cytochrome b5 outer mitochondrial membrane isoform|cytochrome b5 type B (outer mitochondrial membrane)|outer mitochondrial membrane cytochrome b5|type 2 cyt-b5
57125,1,"26093087,",PLXDC1,TEM3|TEM7,MIM:606826|HGNC:HGNC:20945|Ensembl:ENSG00000161381|Vega:OTTHUMG00000133183,17,17q12,plexin domain containing 1,protein-coding,plexin domain-containing protein 1|2410003I07Rik|tumor endothelial marker 3|tumor endothelial marker 7
8851,1,"15175076,",CDK5R1,CDK5P35|CDK5R|NCK5A|p23|p25|p35|p35nck5a,MIM:603460|HGNC:HGNC:1775|Ensembl:ENSG00000176749|Vega:OTTHUMG00000132814,17,17q11.2,cyclin dependent kinase 5 regulatory subunit 1,protein-coding,cyclin-dependent kinase 5 activator 1|CDK5 activator 1|TPKII regulatory subunit|neuronal CDK5 activator|regulatory partner for CDK5 kinase|tau protein kinase II 23kDa subunit
3663,2,"25557482,22816737,",IRF5,SLEB10,MIM:607218|HGNC:HGNC:6120|Ensembl:ENSG00000128604|Vega:OTTHUMG00000158410,7,7q32.1,interferon regulatory factor 5,protein-coding,interferon regulatory factor 5
6390,26,"11897817,18551016,17652212,27262318,19075037,24169168,19802898,17599579,25683602,20236688,20702724,30159755,28490599,23797725,24813157,18382370,14685938,23434467,16912137,20505258,22492777,19208735,26457353,25047027,24973967,20205103,",SDHB,CWS2|IP|PGL4|SDH|SDH1|SDH2|SDHIP,MIM:185470|HGNC:HGNC:10681|Ensembl:ENSG00000117118|Vega:OTTHUMG00000002289,1,1p36.13,succinate dehydrogenase complex iron sulfur subunit B,protein-coding,"succinate dehydrogenase [ubiquinone] iron-sulfur subunit, mitochondrial|iron-sulfur subunit of complex II|succinate dehydrogenase complex, subunit B, iron sulfur (Ip)"
100532731,1,"29212025,",COMMD3-BMI1,-,HGNC:HGNC:48326|Ensembl:ENSG00000269897|Vega:OTTHUMG00000184031,10,10p12.2,COMMD3-BMI1 readthrough,protein-coding,COMMD3-BMI1 read-through protein
286827,1,"29386185,",TRIM59,IFT80L|MRF1|RNF104|TRIM57|TSBF1,MIM:616148|HGNC:HGNC:30834|Ensembl:ENSG00000213186|Vega:OTTHUMG00000159034,3,3q25.33,tripartite motif containing 59,protein-coding,tripartite motif-containing protein 59|RING finger protein 104|tripartite motif-containing 57|tumor suppressor TSBF-1|tumor suppressor TSBF1
56105,1,"15799819,",PCDHGA11,PCDH-GAMMA-A11,MIM:606298|HGNC:HGNC:8698|Ensembl:ENSG00000253873|Vega:OTTHUMG00000164055,5,5q31.3,"protocadherin gamma subfamily A, 11",protein-coding,protocadherin gamma-A11
961,1,"29321087,",CD47,IAP|MER6|OA3,MIM:601028|HGNC:HGNC:1682|Ensembl:ENSG00000196776|Vega:OTTHUMG00000044216,3,3q13.12,CD47 molecule,protein-coding,"leukocyte surface antigen CD47|CD47 antigen (Rh-related antigen, integrin-associated signal transducer)|CD47 glycoprotein|Rh-related antigen|antigen identified by monoclonal antibody 1D8|antigenic surface determinant protein OA3|integrin associated protein|integrin-associated signal transducer"
10371,1,"19296128,",SEMA3A,COLL1|HH16|Hsema-I|Hsema-III|SEMA1|SEMAD|SEMAIII|SEMAL|SemD|coll-1,MIM:603961|HGNC:HGNC:10723|Ensembl:ENSG00000075213|Vega:OTTHUMG00000023443,7,7q21.11,semaphorin 3A,protein-coding,"semaphorin-3A|collapsin 1|sema domain, immunoglobulin domain (Ig), short basic domain, secreted, (semaphorin) 3A|semaphorin D|semaphorin III|semaphorin L"
2099,3,"24680642,15103224,25802405,",ESR1,ER|ESR|ESRA|ESTRR|Era|NR3A1,MIM:133430|HGNC:HGNC:3467|Ensembl:ENSG00000091831|Vega:OTTHUMG00000016103,6,6q25.1-q25.2,estrogen receptor 1,protein-coding,estrogen receptor|E2 receptor alpha|ER-alpha|estradiol receptor|estrogen nuclear receptor alpha|estrogen receptor alpha E1-E2-1-2|estrogen receptor alpha E1-N2-E2-1-2|nuclear receptor subfamily 3 group A member 1|oestrogen receptor alpha
1288,1,"18474427,",COL4A6,CXDELq22.3|DELXq22.3|DFNX6,MIM:303631|HGNC:HGNC:2208|Ensembl:ENSG00000197565|Vega:OTTHUMG00000022179,X,Xq22.3,collagen type IV alpha 6 chain,protein-coding,"collagen alpha-6(IV) chain|collagen IV, alpha-6 polypeptide|collagen of basement membrane, alpha-6|collagen, type IV, alpha 6|dJ889N15.4 (Collagen Alpha 6(IV))"
84231,2,"23404370,23348505,",TRAF7,RFWD1|RNF119,MIM:606692|HGNC:HGNC:20456|Ensembl:ENSG00000131653|Vega:OTTHUMG00000128826,16,16p13.3,TNF receptor associated factor 7,protein-coding,"E3 ubiquitin-protein ligase TRAF7|RING finger and WD repeat-containing protein 1|RING finger protein 119|RING-type E3 ubiquitin transferase TRAF7|TNF receptor-associated factor 7, E3 ubiquitin protein ligase|ring finger and WD repeat domain 1"
6513,1,"15147968,",SLC2A1,CSE|DYT17|DYT18|DYT9|EIG12|GLUT|GLUT-1|GLUT1|GLUT1DS|HTLVR|PED|SDCHCN,MIM:138140|HGNC:HGNC:11005|Ensembl:ENSG00000117394|Vega:OTTHUMG00000007657,1,1p34.2,solute carrier family 2 member 1,protein-coding,"solute carrier family 2, facilitated glucose transporter member 1|choreoathetosis/spasticity, episodic (paroxysmal choreoathetosis/spasticity)|glucose transporter type 1, erythrocyte/brain|hepG2 glucose transporter|human T-cell leukemia virus (I and II) receptor|receptor for HTLV-1 and HTLV-2|solute carrier family 2 (facilitated glucose transporter), member 1"
977,1,"22926763,",CD151,GP27|MER2|PETA-3|RAPH|SFA1|TSPAN24,MIM:602243|HGNC:HGNC:1630|Ensembl:ENSG00000177697|Vega:OTTHUMG00000133311,11,11p15.5,CD151 molecule (Raph blood group),protein-coding,CD151 antigen|CD151 antigen (Raph blood group)|hemidesmosomal tetraspanin CD151|membrane glycoprotein SFA-1|platelet surface glycoprotein gp27|platelet-endothelial cell tetraspan antigen 3|platelet-endothelial tetraspan antigen 3|tetraspanin-24|tspan-24
7157,97,"16670198,19019173,24344030,24586197,26980763,28782861,20352431,18165800,18372915,25284491,23029260,18974112,25118896,12084347,25539912,24481542,12107116,28358926,18359760,29885407,23835706,16473278,29789628,26192445,19428789,14682374,20497343,16260494,21378543,14654927,29323737,18374497,12567186,23009112,18821037,19100519,25915824,27292269,18393224,19151620,26320179,21317885,24590827,22886512,29661169,28369138,11936585,24840646,12208847,22683628,26598601,26061751,20174854,26290144,22805776,20336668,21060032,24036547,29369420,12543796,17251932,24038521,11818669,25533335,19816195,21569770,16151725,23620409,18184456,19779492,11859970,21156285,21046311,17390041,24679006,23166633,19832838,22591662,26717387,22335907,17180249,19174520,15015569,17587242,20632071,11948632,16696307,17907599,21882258,20142599,22275381,19224462,12217802,22265402,27671879,17917588,12609716,",TP53,BCC7|LFS1|P53|TRP53,MIM:191170|HGNC:HGNC:11998|Ensembl:ENSG00000141510|Vega:OTTHUMG00000162125,17,17p13.1,tumor protein p53,protein-coding,cellular tumor antigen p53|antigen NY-CO-13|mutant tumor protein 53|p53 tumor suppressor|phosphoprotein p53|transformation-related protein 53|tumor protein 53|tumor supressor p53
5027,2,"28389503,27171399,",P2RX7,P2X7,MIM:602566|HGNC:HGNC:8537|Ensembl:ENSG00000089041|Vega:OTTHUMG00000169153,12,12q24.31,purinergic receptor P2X 7,protein-coding,"P2X purinoceptor 7|ATP receptor|P2X7 receptor|P2Z receptor|purinergic receptor P2X, ligand gated ion channel, 7|purinergic receptor P2X7 variant A"
4916,4,"21617231,17971243,18336001,16826429,",NTRK3,GP145-TrkC|TRKC|gp145(trkC),MIM:191316|HGNC:HGNC:8033|Ensembl:ENSG00000140538|Vega:OTTHUMG00000148677,15,15q25.3,neurotrophic receptor tyrosine kinase 3,protein-coding,"NT-3 growth factor receptor|ETS related protein-neurotrophic receptor tyrosine kinase fusion protein|ETV6-NTRK3 fusion|neurotrophic tyrosine kinase, receptor, type 3|tyrosine kinase receptor C"
5093,1,"26173642,",PCBP1,HEL-S-85|HNRPE1|HNRPX|hnRNP-E1|hnRNP-X,MIM:601209|HGNC:HGNC:8647|Ensembl:ENSG00000169564|Vega:OTTHUMG00000129645,2,2p13.3,poly(rC) binding protein 1,protein-coding,poly(rC)-binding protein 1|alpha-CP1|epididymis secretory protein Li 85|heterogeneous nuclear ribonucleoprotein E1|heterogenous nuclear ribonucleoprotein E1|heterogenous nuclear ribonucleoprotein X|nucleic acid-binding protein SUB2.3
4067,2,"15744341,18070987,",LYN,JTK8|p53Lyn|p56Lyn,MIM:165120|HGNC:HGNC:6735|Ensembl:ENSG00000254087|Vega:OTTHUMG00000044345,8,8q12.1,"LYN proto-oncogene, Src family tyrosine kinase",protein-coding,tyrosine-protein kinase Lyn|lck/Yes-related novel protein tyrosine kinase|v-yes-1 Yamaguchi sarcoma viral related oncogene homolog
2013,1,"28887715,",EMP2,XMP,MIM:602334|HGNC:HGNC:3334|Ensembl:ENSG00000213853|Vega:OTTHUMG00000129752,16,16p13.13,epithelial membrane protein 2,protein-coding,epithelial membrane protein 2
1901,1,"24903384,",S1PR1,CD363|CHEDG1|D1S3362|ECGF1|EDG-1|EDG1|S1P1,MIM:601974|HGNC:HGNC:3165|Ensembl:ENSG00000170989|Vega:OTTHUMG00000010835,1,1p21.2,sphingosine-1-phosphate receptor 1,protein-coding,"sphingosine 1-phosphate receptor 1|S1P receptor 1|S1P receptor Edg-1|endothelial differentiation G-protein coupled receptor 1|endothelial differentiation, sphingolipid G-protein-coupled receptor, 1|sphingosine 1-phosphate receptor EDG1|sphingosine 1-phosphate receptor Edg-1"
55824,1,"18070987,",PAG1,CBP|PAG,MIM:605767|HGNC:HGNC:30043|Ensembl:ENSG00000076641|Vega:OTTHUMG00000164592,8,8q21.13,phosphoprotein membrane anchor with glycosphingolipid microdomains 1,protein-coding,phosphoprotein associated with glycosphingolipid-enriched microdomains 1|Csk-binding protein|phosphoprotein associated with glycosphingolipid microdomains 1|transmembrane adapter protein PAG|transmembrane adaptor protein PAG|transmembrane phosphoprotein Cbp
8277,1,"18550470,",TKTL1,TKR|TKT2,MIM:300044|HGNC:HGNC:11835|Ensembl:ENSG00000007350|Vega:OTTHUMG00000022707,X,Xq28,transketolase like 1,protein-coding,transketolase-like protein 1|TK 2|transketolase-2|transketolase-related protein
8870,1,"14534530,",IER3,DIF-2|DIF2|GLY96|IEX-1|IEX-1L|IEX1|PRG1,MIM:602996|HGNC:HGNC:5392|Ensembl:ENSG00000137331|Vega:OTTHUMG00000031265,6,6p21.33,immediate early response 3,protein-coding,"radiation-inducible immediate-early gene IEX-1|PACAP-responsive gene 1 protein|anti-death protein|differentiation-dependent gene 2 protein|expressed in pancreatic carcinoma|gly96, mouse, homolog of|immediate early protein GLY96|immediate early response 3 protein|immediately early gene X-1|protein DIF-2"
7409,1,"25531316,",VAV1,VAV,MIM:164875|HGNC:HGNC:12657|Ensembl:ENSG00000141968|Vega:OTTHUMG00000181965,19,19p13.3,vav guanine nucleotide exchange factor 1,protein-coding,proto-oncogene vav|vav 1 guanine nucleotide exchange factor|vav 1 oncogene
5154,4,"28358926,14997209,21931722,19707201,",PDGFA,PDGF-A|PDGF1,MIM:173430|HGNC:HGNC:8799|Ensembl:ENSG00000197461|Vega:OTTHUMG00000151412,7,7p22.3,platelet derived growth factor subunit A,protein-coding,platelet-derived growth factor subunit A|PDGF A-chain|PDGF subunit A|platelet-derived growth factor A-chain|platelet-derived growth factor alpha chain|platelet-derived growth factor alpha polypeptide
182,1,"24708907,",JAG1,AGS|AGS1|AHD|AWS|CD339|HJ1|JAGL1,MIM:601920|HGNC:HGNC:6188|Ensembl:ENSG00000101384|Vega:OTTHUMG00000031872,20,20p12.2,jagged 1,protein-coding,protein jagged-1
51400,1,"19293187,",PPME1,PME-1,MIM:611117|HGNC:HGNC:30178|Ensembl:ENSG00000214517|Vega:OTTHUMG00000168115,11,11q13.4,protein phosphatase methylesterase 1,protein-coding,protein phosphatase methylesterase 1|testicular secretory protein Li 39
5300,5,"19458071,30314361,23708493,28167297,26943576,",PIN1,DOD|UBL5,MIM:601052|HGNC:HGNC:8988|Ensembl:ENSG00000127445|Vega:OTTHUMG00000180388,19,19p13.2,"peptidylprolyl cis/trans isomerase, NIMA-interacting 1",protein-coding,peptidyl-prolyl cis-trans isomerase NIMA-interacting 1|PPIase Pin1|protein (peptidyl-prolyl cis/trans isomerase) NIMA-interacting 1|rotamase Pin1
604,29,"15609396,22968395,24679006,26566802,12389616,28232365,25125624,19966776,17468402,15191563,26565895,16819511,17989715,17476282,21988858,21055028,28665415,17360630,27494852,15894265,22451912,12407182,24887457,23348205,15277222,21788950,14654791,12217802,20032416,",BCL6,BCL5|BCL6A|LAZ3|ZBTB27|ZNF51,MIM:109565|HGNC:HGNC:1001|Ensembl:ENSG00000113916|Vega:OTTHUMG00000156441,3,3q27.3,B-cell CLL/lymphoma 6,protein-coding,B-cell lymphoma 6 protein|B-cell lymphoma 5 protein|B-cell lymphoma 6 protein transcript|BCL-5|BCL-6|cys-his2 zinc finger transcription factor|lymphoma-associated zinc finger gene on chromosome 3|protein LAZ-3|zinc finger and BTB domain-containing protein 27|zinc finger protein 51|zinc finger transcription factor BCL6S
10493,1,"19508442,",VAT1,VATI,MIM:604631|HGNC:HGNC:16919|Ensembl:ENSG00000108828|Vega:OTTHUMG00000180816,17,17q21.31,vesicle amine transport 1,protein-coding,synaptic vesicle membrane protein VAT-1 homolog|membrane protein of cholinergic synaptic vesicles|vesicle amine transport protein 1 homolog (T. californica)
4854,1,"19446551,",NOTCH3,CADASIL|CADASIL1|CASIL|IMF2|LMNS,MIM:600276|HGNC:HGNC:7883|Ensembl:ENSG00000074181|Vega:OTTHUMG00000183217,19,19p13.12,notch 3,protein-coding,neurogenic locus notch homolog protein 3|Notch homolog 3
2817,1,"16723715,",GPC1,glypican,MIM:600395|HGNC:HGNC:4449|Ensembl:ENSG00000063660|Vega:OTTHUMG00000133349,2,2q37.3,glypican 1,protein-coding,glypican-1|glypican proteoglycan 1
6591,4,"22493711,22288519,23029385,20565806,",SNAI2,SLUG|SLUGH|SLUGH1|SNAIL2|WS2D,MIM:602150|HGNC:HGNC:11094|Ensembl:ENSG00000019549|Vega:OTTHUMG00000149912,8,8q11.21,snail family transcriptional repressor 2,protein-coding,"zinc finger protein SNAI2|neural crest transcription factor SLUG|protein snail homolog 2|slug (chicken homolog), zinc finger protein|snail family zinc finger 2|snail homolog 2"
3486,2,"20501753,21788435,",IGFBP3,BP-53|IBP3,MIM:146732|HGNC:HGNC:5472|Ensembl:ENSG00000146674|Vega:OTTHUMG00000023769,7,7p12.3,insulin like growth factor binding protein 3,protein-coding,insulin-like growth factor-binding protein 3|IBP-3|IGF-binding protein 3|IGFBP-3|acid stable subunit of the 140 K IGF complex|binding protein 29|binding protein 53|growth hormone-dependent binding protein
3458,1,"21688289,",IFNG,IFG|IFI,MIM:147570|HGNC:HGNC:5438|Ensembl:ENSG00000111537|Vega:OTTHUMG00000169113,12,12q15,interferon gamma,protein-coding,interferon gamma|IFN-gamma|immune interferon
1182,1,"23345219,",CLCN3,CLC3|ClC-3,MIM:600580|HGNC:HGNC:2021|Ensembl:ENSG00000109572|Vega:OTTHUMG00000160973,4,4q33,chloride voltage-gated channel 3,protein-coding,"H(+)/Cl(-) exchange transporter 3|chloride channel 3|chloride channel protein 3|chloride channel, voltage-sensitive 3|chloride transporter ClC-3"
330,5,"16983704,16395405,16775419,20079017,15982633,",BIRC3,AIP1|API2|CIAP2|HAIP1|HIAP1|MALT2|MIHC|RNF49|c-IAP2,MIM:601721|HGNC:HGNC:591|Ensembl:ENSG00000023445|Vega:OTTHUMG00000167324,11,11q22.2,baculoviral IAP repeat containing 3,protein-coding,baculoviral IAP repeat-containing protein 3|IAP homolog C|IAP-1|RING finger protein 49|RING-type E3 ubiquitin transferase BIRC3|TNFR2-TRAF signaling complex protein|TNFR2-TRAF-signaling complex protein 1|apoptosis inhibitor 2|cellular inhibitor of apoptosis 2|inhibitor of apoptosis protein 1|mammalian IAP homolog C
142,7,"25911198,12507917,25118896,28654422,26351319,18660545,15564335,",PARP1,ADPRT|ADPRT 1|ADPRT1|ARTD1|PARP|PARP-1|PPOL|pADPRT-1,MIM:173870|HGNC:HGNC:270|Ensembl:ENSG00000143799|Vega:OTTHUMG00000037556,1,1q42.12,poly(ADP-ribose) polymerase 1,protein-coding,"poly [ADP-ribose] polymerase 1|ADP-ribosyltransferase (NAD+; poly (ADP-ribose) polymerase)|ADP-ribosyltransferase NAD(+)|ADP-ribosyltransferase diphtheria toxin-like 1|NAD(+) ADP-ribosyltransferase 1|poly (ADP-ribose) polymerase family, member 1|poly(ADP-ribose) synthetase|poly(ADP-ribosyl)transferase|poly[ADP-ribose] synthase 1"
207,22,"23840064,26503641,25662849,23334667,20607350,27471108,18550470,28650469,19855433,27550858,28482067,21334199,24096618,21393858,27789731,28082415,25597410,16263580,19353338,18172656,17521720,25601471,",AKT1,AKT|CWS6|PKB|PKB-ALPHA|PRKBA|RAC|RAC-ALPHA,MIM:164730|HGNC:HGNC:391|Ensembl:ENSG00000142208|Vega:OTTHUMG00000170795,14,14q32.33,AKT serine/threonine kinase 1,protein-coding,RAC-alpha serine/threonine-protein kinase|AKT1m|PKB alpha|RAC-PK-alpha|protein kinase B alpha|proto-oncogene c-Akt|rac protein kinase alpha|serine-threonine protein kinase|v-akt murine thymoma viral oncogene homolog 1|v-akt murine thymoma viral oncogene-like protein 1
1605,2,"17640712,16575202,",DAG1,156DAG|A3a|AGRNR|DAG|MDDGA9|MDDGC7|MDDGC9,MIM:128239|HGNC:HGNC:2666|Ensembl:ENSG00000173402|Vega:OTTHUMG00000156869,3,3p21.31,dystroglycan 1,protein-coding,dystroglycan|dystroglycan 1 (dystrophin-associated glycoprotein 1)
9118,1,"22890969,",INA,NEF5|NF-66|TXBP-1,MIM:605338|HGNC:HGNC:6057|Ensembl:ENSG00000148798|Vega:OTTHUMG00000018986,10,10q24.33,internexin neuronal intermediate filament protein alpha,protein-coding,"alpha-internexin|66 kDa neurofilament protein|alpha-Inx|neurofilament 5 (66kD)|neurofilament-66, tax-binding protein"
5743,18,"20052522,12576462,17671709,19885582,15254709,15484698,23756256,17325901,14654083,16868662,19691646,20382140,29524580,15067173,17616668,18181832,22406049,11911965,",PTGS2,COX-2|COX2|GRIPGHS|PGG/HS|PGHS-2|PHS-2|hCox-2,MIM:600262|HGNC:HGNC:9605|Ensembl:ENSG00000073756|Vega:OTTHUMG00000035473,1,1q31.1,prostaglandin-endoperoxide synthase 2,protein-coding,prostaglandin G/H synthase 2|PGH synthase 2|PHS II|cyclooxygenase 2|cyclooxygenase 2b|prostaglandin H2 synthase 2|prostaglandin-endoperoxide synthase 2 (prostaglandin G/H synthase and cyclooxygenase)
6373,1,"18316607,",CXCL11,H174|I-TAC|IP-9|IP9|SCYB11|SCYB9B|b-R1,MIM:604852|HGNC:HGNC:10638|Ensembl:ENSG00000169248|Vega:OTTHUMG00000130101,4,4q21.1,C-X-C motif chemokine ligand 11,protein-coding,"C-X-C motif chemokine 11|beta-R1|chemokine (C-X-C motif) ligand 11|interferon gamma-inducible protein 9|interferon-inducible T-cell alpha chemoattractant|small inducible cytokine B11|small inducible cytokine subfamily B (Cys-X-Cys), member 11|small inducible cytokine subfamily B (Cys-X-Cys), member 9B"
5795,2,"12685844,23341091,",PTPRJ,CD148|DEP1|HPTPeta|R-PTP-ETA|SCC1,MIM:600925|HGNC:HGNC:9673|Ensembl:ENSG00000149177|Vega:OTTHUMG00000166573,11,11p11.2,"protein tyrosine phosphatase, receptor type J",protein-coding,"receptor-type tyrosine-protein phosphatase eta|CD148 antigen|DEP-1|HPTP eta|R-PTP-J|density-enhanced phosphatase 1|human density enhanced phosphatase-1|protein tyrosine phosphatase, receptor type, J polypeptide|protein-tyrosine phosphatase eta|susceptibility to colon cancer 1, mouse, homolog of"
7475,1,"30279739,",WNT6,-,MIM:604663|HGNC:HGNC:12785|Ensembl:ENSG00000115596|Vega:OTTHUMG00000133082,2,2q35,Wnt family member 6,protein-coding,"protein Wnt-6|wingless-type MMTV integration site family, member 6"
1945,1,"23686814,",EFNA4,EFL4|EPLG4|LERK4,MIM:601380|HGNC:HGNC:3224|Ensembl:ENSG00000243364|Vega:OTTHUMG00000035309,1,1q21.3,ephrin A4,protein-coding,ephrin-A4|LERK-4|eph-related receptor tyrosine kinase ligand 4|ligand of eph-related kinase 4
10922,1,"24013584,",FASTK,FAST,MIM:606965|HGNC:HGNC:24676|Ensembl:ENSG00000164896|Vega:OTTHUMG00000158694,7,7q36.1,Fas activated serine/threonine kinase,protein-coding,fas-activated serine/threonine kinase|FAST kinase
9314,4,"23404370,28324774,20072650,26227255,",KLF4,EZF|GKLF,MIM:602253|HGNC:HGNC:6348|Ensembl:ENSG00000136826|Vega:OTTHUMG00000020449,9,9q31.2,Kruppel like factor 4,protein-coding,Krueppel-like factor 4|Kruppel-like factor 4 (gut)|endothelial Kruppel-like zinc finger protein|epithelial zinc finger protein EZF|gut Kruppel-like factor|gut-enriched krueppel-like factor
2321,6,"23475388,18794121,26627848,11908876,23624620,22541785,",FLT1,FLT|FLT-1|VEGFR-1|VEGFR1,MIM:165070|HGNC:HGNC:3763|Ensembl:ENSG00000102755|Vega:OTTHUMG00000016648,13,13q12.3,fms related tyrosine kinase 1,protein-coding,vascular endothelial growth factor receptor 1|fms-like tyrosine kinase 1|fms-related tyrosine kinase 1 (vascular endothelial growth factor/vascular permeability factor receptor)|tyrosine-protein kinase FRT|tyrosine-protein kinase receptor FLT|vascular permeability factor receptor
3135,3,"27138095,14592815,25903722,",HLA-G,MHC-G,MIM:142871|HGNC:HGNC:4964|Ensembl:ENSG00000204632|Vega:OTTHUMG00000031157,6,6p22.1,"major histocompatibility complex, class I, G",protein-coding,"HLA class I histocompatibility antigen, alpha chain G|HLA G antigen|HLA-G histocompatibility antigen, class I, G|MHC class I antigen G|b2 microglobulin"
7517,6,"23534771,29574277,22370935,19330829,24061639,18330515,",XRCC3,CMM6,MIM:600675|HGNC:HGNC:12830|Ensembl:ENSG00000126215|Vega:OTTHUMG00000169228,14,14q32.33,X-ray repair cross complementing 3,protein-coding,DNA repair protein XRCC3|X-ray repair complementing defective repair in Chinese hamster cells 3|X-ray repair cross-complementing protein 3
3665,1,"17393359,",IRF7,IMD39|IRF-7H|IRF7A|IRF7B|IRF7C|IRF7H,MIM:605047|HGNC:HGNC:6122|Ensembl:ENSG00000185507|Vega:OTTHUMG00000132019,11,11p15.5,interferon regulatory factor 7,protein-coding,interferon regulatory factor 7|IRF-7|interferon regulatory factor 7G isoform|interferon regulatory factor-7H
3082,5,"22741575,22447520,18059365,18829539,18992144,",HGF,DFNB39|F-TCF|HGFB|HPTA|SF,MIM:142409|HGNC:HGNC:4893|Ensembl:ENSG00000019991|Vega:OTTHUMG00000023804,7,7q21.11,hepatocyte growth factor,protein-coding,hepatocyte growth factor|fibroblast-derived tumor cytotoxic factor|hepatocyte growth factor (hepapoietin A; scatter factor)|hepatopoietin-A|lung fibroblast-derived mitogen
1946,1,"26345456,",EFNA5,AF1|EFL5|EPLG7|GLC1M|LERK7|RAGS,MIM:601535|HGNC:HGNC:3225|Ensembl:ENSG00000184349|Vega:OTTHUMG00000128741,5,5q21.3,ephrin A5,protein-coding,ephrin-A5|AL-1|LERK-7|eph-related receptor tyrosine kinase ligand 7
3020,11,"25200322,23539183,22661320,23079654,23429371,29063957,24183680,24242757,26231952,25479829,24285547,",H3F3A,H3.3A|H3F3,MIM:601128|HGNC:HGNC:4764|Ensembl:ENSG00000163041|Vega:OTTHUMG00000037507,1,1q42.12,H3 histone family member 3A,protein-coding,"histone H3.3|H3 histone, family 3A"
4595,1,"26902849,",MUTYH,MYH,MIM:604933|HGNC:HGNC:7527|Ensembl:ENSG00000132781|Vega:OTTHUMG00000007682,1,1p34.1,mutY DNA glycosylase,protein-coding,adenine DNA glycosylase|A/G-specific adenine DNA glycosylase|mutY homolog|mutY-like protein
7041,1,"25333259,",TGFB1I1,ARA55|HIC-5|HIC5|TSC-5,MIM:602353|HGNC:HGNC:11767|Ensembl:ENSG00000140682|Vega:OTTHUMG00000132467,16,16p11.2,transforming growth factor beta 1 induced transcript 1,protein-coding,transforming growth factor beta-1-induced transcript 1 protein|androgen receptor coactivator 55 kDa protein|androgen receptor coactivator ARA55|androgen receptor-associated protein of 55 kDa|hydrogen peroxide-inducible clone 5 protein|hydrogen peroxide-inducible clone-5
658,1,"19513897,",BMPR1B,ALK-6|ALK6|AMDD|BDA1D|BDA2|CDw293,MIM:603248|HGNC:HGNC:1077|Ensembl:ENSG00000138696|Vega:OTTHUMG00000130991,4,4q22.3,bone morphogenetic protein receptor type 1B,protein-coding,"bone morphogenetic protein receptor type-1B|BMP type-1B receptor|BMPR-1B|activin receptor-like kinase 6|bone morphogenetic protein receptor, type IB|serine/threonine receptor kinase"
80315,1,"22138752,",CPEB4,CPE-BP4|hCPEB-4,MIM:610607|HGNC:HGNC:21747|Ensembl:ENSG00000113742|Vega:OTTHUMG00000130541,5,5q35.2,cytoplasmic polyadenylation element binding protein 4,protein-coding,cytoplasmic polyadenylation element-binding protein 4|CPE-binding protein 4
27329,1,"26639238,",ANGPTL3,ANG-5|ANGPT5|ANL3|FHBL2,MIM:604774|HGNC:HGNC:491|Ensembl:ENSG00000132855|Vega:OTTHUMG00000009146,1,1p31.3,angiopoietin like 3,protein-coding,angiopoietin-related protein 3|angiopoietin 5
5989,1,"15334059,",RFX1,EFC|RFX,MIM:600006|HGNC:HGNC:9982|Ensembl:ENSG00000132005|Vega:OTTHUMG00000181979,19,19p13.12,regulatory factor X1,protein-coding,"MHC class II regulatory factor RFX1|MHC class II regulatory factor RFX|enhancer factor C|regulatory factor X, 1 (influences HLA class II expression)|trans-acting regulatory factor 1|transcription factor RFX1"
1508,1,"15832773,",CTSB,APPS|CPSB,MIM:116810|HGNC:HGNC:2527|Ensembl:ENSG00000164733|Vega:OTTHUMG00000090799,8,8p23.1,cathepsin B,protein-coding,cathepsin B|APP secretase|amyloid precursor protein secretase|cathepsin B1|cysteine protease
682,4,"23258846,21448785,23817808,17593815,",BSG,5F7|CD147|EMMPRIN|OK|TCSF,MIM:109480|HGNC:HGNC:1116|Ensembl:ENSG00000172270|Vega:OTTHUMG00000177718,19,19p13.3,basigin (Ok blood group),protein-coding,basigin|OK blood group antigen|collagenase stimulatory factor|extracellular matrix metalloproteinase inducer|leukocyte activation antigen M6|tumor cell-derived collagenase stimulatory factor
9518,1,"20534737,",GDF15,GDF-15|MIC-1|MIC1|NAG-1|PDF|PLAB|PTGFB,MIM:605312|HGNC:HGNC:30142|Ensembl:ENSG00000130513|Vega:OTTHUMG00000183360,19,19p13.11,growth differentiation factor 15,protein-coding,growth/differentiation factor 15|NRG-1|NSAID (nonsteroidal anti-inflammatory drug)-activated protein 1|NSAID-activated gene 1 protein|NSAID-regulated gene 1 protein|PTGF-beta|macrophage inhibitory cytokine 1|placental TGF-beta|placental bone morphogenetic protein|prostate differentiation factor
2891,1,"19558602,",GRIA2,GLUR2|GLURB|GluA2|GluR-K2|HBGR2,MIM:138247|HGNC:HGNC:4572|Ensembl:ENSG00000120251|Vega:OTTHUMG00000133836,4,4q32.1,glutamate ionotropic receptor AMPA type subunit 2,protein-coding,"glutamate receptor 2|AMPA-selective glutamate receptor 2|gluR-2|gluR-B|glutamate receptor B flip isoform|glutamate receptor, ionotropic, AMPA 2"
64151,1,"26933822,",NCAPG,CAPG|CHCG|NY-MEL-3|YCG1,MIM:606280|HGNC:HGNC:24304|Ensembl:ENSG00000109805|Vega:OTTHUMG00000128539,4,4p15.31,non-SMC condensin I complex subunit G,protein-coding,condensin complex subunit 3|XCAP-G homolog|chromosome condensation protein G|chromosome-associated protein G|condensin subunit CAP-G|melanoma antigen NY-MEL-3
29103,1,"16049974,",DNAJC15,DNAJD1|HSD18|MCJ,MIM:615339|HGNC:HGNC:20325|Ensembl:ENSG00000120675|Vega:OTTHUMG00000016813,13,13q14.11,DnaJ heat shock protein family (Hsp40) member C15,protein-coding,"dnaJ homolog subfamily C member 15|DNAJ domain-containing|DnaJ (Hsp40) homolog, subfamily C, member 15|DnaJ (Hsp40) homolog, subfamily D, member 1|cell growth-inhibiting gene 22 protein|methylation-controlled J protein"
27086,8,"27924626,16636337,18077790,22368156,19680146,15703784,16200457,16673020,",FOXP1,12CC4|HSPC215|MFH|QRF1|hFKH1B,MIM:605515|HGNC:HGNC:3823|Ensembl:ENSG00000114861|Vega:OTTHUMG00000158803,3,3p13,forkhead box P1,protein-coding,forkhead box protein P1|fork head-related protein like B|glutamine-rich factor 1|mac-1-regulated forkhead
2833,1,"15328188,",CXCR3,CD182|CD183|CKR-L2|CMKAR3|GPR9|IP10-R|Mig-R|MigR,MIM:300574|HGNC:HGNC:4540|Ensembl:ENSG00000186810|Vega:OTTHUMG00000033326,X,Xq13.1,C-X-C motif chemokine receptor 3,protein-coding,C-X-C chemokine receptor type 3|G protein-coupled receptor 9|IP-10 receptor|Mig receptor|chemokine (C-X-C motif) receptor 3|chemokine receptor 3|interferon-inducible protein 10 receptor
9049,5,"17609395,17341560,27267386,19188737,22811466,",AIP,ARA9|FKBP16|FKBP37|SMTPHN|XAP-2|XAP2,MIM:605555|HGNC:HGNC:358|Ensembl:ENSG00000110711|Vega:OTTHUMG00000167674,11,11q13.2,aryl hydrocarbon receptor interacting protein,protein-coding,AH receptor-interacting protein|HBV X-associated protein 2|immunophilin homolog ARA9
58985,1,"25880879,",IL22RA1,CRF2-9|IL22R|IL22R1,MIM:605457|HGNC:HGNC:13700|Ensembl:ENSG00000142677|Vega:OTTHUMG00000003041,1,1p36.11,interleukin 22 receptor subunit alpha 1,protein-coding,"interleukin-22 receptor subunit alpha-1|IL-22 receptor subunit alpha-1|IL-22R-alpha-1|IL-22RA1|cytokine receptor class-II member 9|cytokine receptor family 2 member 9|interleukin 22 receptor, alpha 1|zcytoR11"
8828,2,"18781179,24026530,",NRP2,NP2|NPN2|PRO2714|VEGF165R2,MIM:602070|HGNC:HGNC:8005|Ensembl:ENSG00000118257|Vega:OTTHUMG00000132893,2,2q33.3,neuropilin 2,protein-coding,neuropilin-2|neuropilin-2a(17)|neuropilin-2a(22)|neuropilin-2b(0)|receptor for VEGF165 and semaphorins class3|vascular endothelial cell growth factor 165 receptor 2
57787,2,"25578778,12735302,",MARK4,MARK4L|MARK4S|MARKL1|MARKL1L|PAR-1D,MIM:606495|HGNC:HGNC:13538|Ensembl:ENSG00000007047|Vega:OTTHUMG00000181769,19,19q13.32,microtubule affinity regulating kinase 4,protein-coding,MAP/microtubule affinity-regulating kinase 4|MAP/microtubule affinity-regulating kinase like 1|MARK4 serine/threonine protein kinase
135228,1,"28888050,",CD109,CPAMD7|p180|r150,MIM:608859|HGNC:HGNC:21685|Ensembl:ENSG00000156535|Vega:OTTHUMG00000015040,6,6q13,CD109 molecule,protein-coding,CD109 antigen|150 kDa TGF-beta-1-binding protein|C3 and PZP-like alpha-2-macroglobulin domain-containing protein 7|Gov platelet alloantigens|activated T-cell marker CD109|platelet-specific Gov antigen
9368,1,"19308292,",SLC9A3R1,EBP50|NHERF|NHERF-1|NHERF1|NPHLOP2,MIM:604990|HGNC:HGNC:11075|Ensembl:ENSG00000109062|Vega:OTTHUMG00000178863,17,17q25.1,SLC9A3 regulator 1,protein-coding,"Na(+)/H(+) exchange regulatory cofactor NHE-RF1|Na+/H+ exchange regulatory co-factor|ezrin-radixin-moesin binding phosphoprotein-50|regulatory cofactor of Na(+)/H(+) exchanger|solute carrier family 9 (sodium/hydrogen exchanger), isoform 3 regulatory factor 1|solute carrier family 9 isoform A3 regulatory factor 1|solute carrier family 9, subfamily A (NHE3, cation proton antiporter 3), member 3 regulator 1"
5127,1,"25402633,",CDK16,PCTAIRE|PCTAIRE1|PCTGAIRE|PCTK1,MIM:311550|HGNC:HGNC:8749|Ensembl:ENSG00000102225|Vega:OTTHUMG00000021438,X,Xp11.3,cyclin dependent kinase 16,protein-coding,cyclin-dependent kinase 16|PCTAIRE-motif protein kinase 1|cell division protein kinase 16|serine/threonine-protein kinase PCTAIRE-1|testis secretory sperm-binding protein Li 224n
6678,6,"19236378,20132490,19703125,17490812,22206672,16972886,",SPARC,BM-40|OI17|ON,MIM:182120|HGNC:HGNC:11219|Ensembl:ENSG00000113140|Vega:OTTHUMG00000130122,5,5q33.1,secreted protein acidic and cysteine rich,protein-coding,"SPARC|basement-membrane protein 40|secreted protein, acidic, cysteine-rich (osteonectin)"
3726,4,"12907453,12393503,26747248,17690253,",JUNB,AP-1,MIM:165161|HGNC:HGNC:6205|Ensembl:ENSG00000171223|Vega:OTTHUMG00000180373,19,19p13.13,"JunB proto-oncogene, AP-1 transcription factor subunit",protein-coding,transcription factor jun-B|activator protein 1|jun B proto-oncogene
6446,1,"24685888,",SGK1,SGK,MIM:602958|HGNC:HGNC:10810|Ensembl:ENSG00000118515|Vega:OTTHUMG00000015613,6,6q23.2,serum/glucocorticoid regulated kinase 1,protein-coding,serine/threonine-protein kinase Sgk1|Sgk1 variant i3|serine/threonine protein kinase SGK
2944,6,"25735248,23661361,22502660,18952980,22502694,15642394,",GSTM1,GST1|GSTM1-1|GSTM1a-1a|GSTM1b-1b|GTH4|GTM1|H-B|MU|MU-1,MIM:138350|HGNC:HGNC:4632|Ensembl:ENSG00000134184|Vega:OTTHUMG00000011635,1,1p13.3,glutathione S-transferase mu 1,protein-coding,glutathione S-transferase Mu 1|GST HB subunit 4|GST class-mu 1|HB subunit 4|S-(hydroxyalkyl)glutathione lyase|glutathione S-alkyltransferase|glutathione S-aralkyltransferase|glutathione S-aryltransferase|glutathione S-transferase M1
5079,2,"17476282,17671180,",PAX5,ALL3|BSAP,MIM:167414|HGNC:HGNC:8619|Ensembl:ENSG00000196092|Vega:OTTHUMG00000019907,9,9p13.2,paired box 5,protein-coding,paired box protein Pax-5|B-cell lineage specific activator|paired box homeotic gene 5|paired domain gene 5|transcription factor PAX 5
6850,6,"15744341,18401419,19535334,18006696,23398911,20439541,",SYK,p72-Syk,MIM:600085|HGNC:HGNC:11491|Ensembl:ENSG00000165025|Vega:OTTHUMG00000020200,9,9q22.2,spleen associated tyrosine kinase,protein-coding,tyrosine-protein kinase SYK|spleen tyrosine kinase
25950,4,"29436665,22009797,29622689,19407504,",RWDD3,RSUME,MIM:615875|HGNC:HGNC:21393|Ensembl:ENSG00000122481|Vega:OTTHUMG00000010910,1,1p21.3,RWD domain containing 3,protein-coding,RWD domain-containing protein 3|RWD domain-containing sumoylation enhancer|RWD-containing sumoylation enhancer
157310,1,"26725095,",PEBP4,CORK-1|CORK1|GWTM1933|HEL-S-300|PEBP-4|PRO4408|hPEBP4,MIM:612473|HGNC:HGNC:28319|Ensembl:ENSG00000134020|Vega:OTTHUMG00000163749,8,8p21.3,phosphatidylethanolamine binding protein 4,protein-coding,phosphatidylethanolamine-binding protein 4|cousin-of-RKIP 1 protein|epididymis secretory protein Li 300|protein cousin-of-RKIP 1
5046,1,"21722156,",PCSK6,PACE4|SPC4,MIM:167405|HGNC:HGNC:8569|Ensembl:ENSG00000140479|Vega:OTTHUMG00000172097,15,15q26.3,proprotein convertase subtilisin/kexin type 6,protein-coding,proprotein convertase subtilisin/kexin type 6|paired basic amino acid cleaving enzyme 4|paired basic amino acid cleaving system 4|subtilisin-like proprotein convertase 4|subtilisin/kexin-like protease PACE4
3280,2,"24346283,22411914,",HES1,HES-1|HHL|HRY|bHLHb39,MIM:139605|HGNC:HGNC:5192|Ensembl:ENSG00000114315|Vega:OTTHUMG00000155984,3,3q29,hes family bHLH transcription factor 1,protein-coding,transcription factor HES-1|class B basic helix-loop-helix protein 39|hairy homolog|hairy-like protein
51305,1,"20931182,",KCNK9,K2p9.1|KT3.2|TASK-3|TASK3,MIM:605874|HGNC:HGNC:6283|Ensembl:ENSG00000169427|Vega:OTTHUMG00000164186,8,8q24.3,potassium two pore domain channel subfamily K member 9,protein-coding,"potassium channel subfamily K member 9|TWIK-related acid-sensitive K(+) channel 3|acid-sensitive potassium channel protein TASK-3|potassium channel, two pore domain subfamily K, member 9|two pore K(+) channel KT3.2|two pore potassium channel KT3.2"
387,6,"26574844,24413734,16978776,28945625,29769264,27369867,",RHOA,ARH12|ARHA|RHO12|RHOH12,MIM:165390|HGNC:HGNC:667|Ensembl:ENSG00000067560|Vega:OTTHUMG00000156838,3,3p21.31,ras homolog family member A,protein-coding,transforming protein RhoA|Aplysia ras-related homolog 12|oncogene RHO H12|small GTP binding protein RhoA
79366,2,"26315299,21373965,",HMGN5,NBP-45|NSBP1,MIM:300385|HGNC:HGNC:8013|Ensembl:ENSG00000198157|Vega:OTTHUMG00000021911,X,Xq21.1,high mobility group nucleosome binding domain 5,protein-coding,high mobility group nucleosome-binding domain-containing protein 5|nucleosomal binding protein 1|nucleosome-binding protein 1
10389,1,"18706910,",SCML2,-,MIM:300208|HGNC:HGNC:10581|Ensembl:ENSG00000102098|Vega:OTTHUMG00000021212,X,Xp22.13,Scm polycomb group protein like 2,protein-coding,sex comb on midleg-like protein 2|sex comb on midleg like 2
2925,1,"19642024,",GRPR,BB2|BB2R,MIM:305670|HGNC:HGNC:4609|Ensembl:ENSG00000126010|Vega:OTTHUMG00000021189,X,Xp22.2,gastrin releasing peptide receptor,protein-coding,gastrin-releasing peptide receptor|GRP-R|GRP-preferring bombesin receptor|bombesin receptor 2
2626,1,"21464220,",GATA4,ASD2|TACHD|TOF|VSD1,MIM:600576|HGNC:HGNC:4173|Ensembl:ENSG00000136574|Vega:OTTHUMG00000090800,8,8p23.1,GATA binding protein 4,protein-coding,transcription factor GATA-4|GATA-binding factor 4
5591,1,"15493013,",PRKDC,DNA-PKcs|DNAPK|DNPK1|HYRC|HYRC1|IMD26|XRCC7|p350,MIM:600899|HGNC:HGNC:9413|Ensembl:ENSG00000253729|Vega:OTTHUMG00000164239,8,8q11.21,"protein kinase, DNA-activated, catalytic polypeptide",protein-coding,"DNA-dependent protein kinase catalytic subunit|DNA-PK catalytic subunit|hyper-radiosensitivity of murine scid mutation, complementing 1|p460"
5329,5,"21148633,21181094,21945852,22984561,18095109,",PLAUR,CD87|U-PAR|UPAR|URKR,MIM:173391|HGNC:HGNC:9053|Ensembl:ENSG00000011422|Vega:OTTHUMG00000182778,19,19q13.31,"plasminogen activator, urokinase receptor",protein-coding,urokinase plasminogen activator surface receptor|monocyte activation antigen Mo3|u-plasminogen activator receptor form 2|urokinase-type plasminogen activator (uPA) receptor
6502,3,"14558671,20197382,24632684,",SKP2,FBL1|FBXL1|FLB1|p45,MIM:601436|HGNC:HGNC:10901|Ensembl:ENSG00000145604|Vega:OTTHUMG00000131106,5,5p13.2,S-phase kinase associated protein 2,protein-coding,"S-phase kinase-associated protein 2|CDK2/cyclin A-associated protein p45|F-box/LRR-repeat protein 1|S-phase kinase-associated protein 2, E3 ubiquitin protein ligase|p45skp2"
3678,1,"27063097,",ITGA5,CD49e|FNRA|VLA-5|VLA5A,MIM:135620|HGNC:HGNC:6141|Ensembl:ENSG00000161638|Vega:OTTHUMG00000169841,12,12q13.13,integrin subunit alpha 5,protein-coding,"integrin alpha-5|CD49 antigen-like family member E|fibronectin receptor subunit alpha|fibronectin receptor, alpha polypeptide|fibronectin receptor, alpha subunit|integrin alpha-F|integrin, alpha 5 (fibronectin receptor, alpha polypeptide)|very late activation protein 5, alpha subunit"
6663,2,"26945037,17855658,",SOX10,DOM|PCWH|WS2E|WS4|WS4C,MIM:602229|HGNC:HGNC:11190|Ensembl:ENSG00000100146|Vega:OTTHUMG00000149913,22,22q13.1,SRY-box 10,protein-coding,"transcription factor SOX-10|SRY (sex determining region Y)-box 10|SRY-related HMG-box gene 10|dominant megacolon, mouse, human homolog of"
56751,1,"21602885,",BARHL1,-,MIM:605211|HGNC:HGNC:953|Ensembl:ENSG00000125492|Vega:OTTHUMG00000020839,9,9q34.13,BarH like homeobox 1,protein-coding,barH-like 1 homeobox protein
4255,55,"22274924,19224763,19019173,19667985,26118907,20202118,21789683,22797801,20857319,21968944,18580490,23135024,22976800,19809523,21107199,20465388,28409559,12503076,19724855,17721049,24398011,25031012,20131314,25031184,23340988,24374955,24068788,23505468,18584351,21318329,22287028,21922591,25605197,18992637,18997474,27468718,22264301,19100509,17691113,19832838,27503138,19787267,30343277,22335907,21425258,29882028,15455376,17965865,21829728,20552207,20589656,18467255,17192931,26808114,27268659,",MGMT,-,MIM:156569|HGNC:HGNC:7059|Ensembl:ENSG00000170430|Vega:OTTHUMG00000019261,10,10q26.3,O-6-methylguanine-DNA methyltransferase,protein-coding,methylated-DNA--protein-cysteine methyltransferase|6-O-methylguanine-DNA methyltransferase|O-6-methylguanine-DNA-alkyltransferase|O6-methylguanine-DNA methyltransferase|methylguanine-DNA methyltransferase
3587,1,"28982901,",IL10RA,CD210|CD210a|CDW210A|HIL-10R|IL-10R1|IL10R,MIM:146933|HGNC:HGNC:5964|Ensembl:ENSG00000110324|Vega:OTTHUMG00000166523,11,11q23.3,interleukin 10 receptor subunit alpha,protein-coding,"interleukin-10 receptor subunit alpha|IL-10 receptor subunit alpha|IL-10R subunit 1|IL-10R subunit alpha|IL-10RA|interleukin 10 receptor, alpha|interleukin-10 receptor alpha chain|interleukin-10 receptor subunit 1"
22943,4,"20920327,11840333,17329407,20823417,",DKK1,DKK-1|SK,MIM:605189|HGNC:HGNC:2891|Ensembl:ENSG00000107984|Vega:OTTHUMG00000018247,10,10q21.1,dickkopf WNT signaling pathway inhibitor 1,protein-coding,dickkopf-related protein 1|dickkopf 1 homolog|dickkopf-1 like|dickkopf-like protein 1|hDkk-1
8915,7,"11836626,16775419,14523480,11830492,22818167,19309400,19035248,",BCL10,CARMEN|CIPER|CLAP|IMD37|c-E10|mE10,MIM:603517|HGNC:HGNC:989|Ensembl:ENSG00000142867|Vega:OTTHUMG00000009965,1,1p22.3,B-cell CLL/lymphoma 10,protein-coding,B-cell lymphoma/leukemia 10|CARD containing molecule enhancing NF-kB|CARD-containing apoptotic signaling protein|CARD-containing molecule enhancing NF-kappa-B|CARD-containing proapoptotic protein|CED-3/ICH-1 prodomain homologous E10-like regulator|cCARMEN|caspase-recruiting domain-containing protein|cellular homolog of vCARMEN|cellular-E10|hCLAP|mammalian CARD-containing adapter molecule E10
22931,1,"18349058,",RAB18,RAB18LI1|WARBM3,MIM:602207|HGNC:HGNC:14244|Ensembl:ENSG00000099246|Vega:OTTHUMG00000017861,10,10p12.1,"RAB18, member RAS oncogene family",protein-coding,ras-related protein Rab-18|RAB18 small GTPase
7852,14,"25819228,24632620,12485835,25213993,22936065,22052462,28031228,19525448,17881971,15880586,24970694,18812968,25085362,23497290,",CXCR4,CD184|D2S201E|FB22|HM89|HSY3RR|LAP-3|LAP3|LCR1|LESTR|NPY3R|NPYR|NPYRL|NPYY3R|WHIM|WHIMS,MIM:162643|HGNC:HGNC:2561|Ensembl:ENSG00000121966|Vega:OTTHUMG00000153583,2,2q22.1,C-X-C motif chemokine receptor 4,protein-coding,"C-X-C chemokine receptor type 4|CD184 antigen|LPS-associated protein 3|SDF-1 receptor|chemokine (C-X-C motif) receptor 4|chemokine receptor|fusin|leukocyte-derived seven transmembrane domain receptor|lipopolysaccharide-associated protein 3|neuropeptide Y receptor Y3|neuropeptide Y3 receptor|seven transmembrane helix receptor|seven-transmembrane-segment receptor, spleen|stromal cell-derived factor 1 receptor"
4750,1,"27251576,",NEK1,NY-REN-55|SRPS2|SRPS2A|SRTD6,MIM:604588|HGNC:HGNC:7744|Ensembl:ENSG00000137601|Vega:OTTHUMG00000160963,4,4q33,NIMA related kinase 1,protein-coding,serine/threonine-protein kinase Nek1|NIMA (never in mitosis gene a)-related kinase 1|never in mitosis A-related kinase 1|nimA-related protein kinase 1|protein-serine/threonine kinase|renal carcinoma antigen NY-REN-55
3313,1,"22683628,",HSPA9,CRP40|CSA|EVPLS|GRP-75|GRP75|HEL-S-124m|HSPA9B|MOT|MOT2|MTHSP75|PBP74|SAAN|SIDBA4,MIM:600548|HGNC:HGNC:5244|Ensembl:ENSG00000113013|Vega:OTTHUMG00000129206,5,5q31.2,heat shock protein family A (Hsp70) member 9,protein-coding,"stress-70 protein, mitochondrial|75 kDa glucose-regulated protein|catecholamine-regulated protein 40|epididymis secretory sperm binding protein Li 124m|heat shock 70kD protein 9B|heat shock 70kDa protein 9 (mortalin)|mortalin, perinuclear|mortalin-2|mortalin2|p66-mortalin|peptide-binding protein 74"
10111,1,"28819025,",RAD50,NBSLD|RAD502|hRad50,MIM:604040|HGNC:HGNC:9816|Ensembl:ENSG00000113522|Vega:OTTHUMG00000059613,5,5q31.1,RAD50 double strand break repair protein,protein-coding,"DNA repair protein RAD50|RAD50 homolog, double strand break repair protein"
54828,1,"18030336,",BCAS3,GAOB1|MAAB,MIM:607470|HGNC:HGNC:14347|Ensembl:ENSG00000141376|Vega:OTTHUMG00000180064,17,17q23.2,"BCAS3, microtubule associated cell migration factor",protein-coding,breast carcinoma-amplified sequence 3|BCAS4/BCAS3 fusion|Rudhira|breast carcinoma amplified sequence 4/3 fusion protein|metastasis associated antigen of breast cancer|protein Maab1
1869,7,"19837943,28042322,29661169,24632684,21187395,23237560,16264179,",E2F1,E2F-1|RBAP1|RBBP3|RBP3,MIM:189971|HGNC:HGNC:3113|Ensembl:ENSG00000101412|Vega:OTTHUMG00000032265,20,20q11.22,E2F transcription factor 1,protein-coding,transcription factor E2F1|PBR3|PRB-binding protein E2F-1|RBAP-1|RBBP-3|retinoblastoma-associated protein 1|retinoblastoma-binding protein 3
11141,1,"18253029,",IL1RAPL1,IL-1-RAPL-1|IL-1RAPL-1|IL1R8|IL1RAPL|IL1RAPL-1|MRX10|MRX21|MRX34|OPHN4|TIGIRR-2,MIM:300206|HGNC:HGNC:5996|Ensembl:ENSG00000169306|Vega:OTTHUMG00000021317,X,Xp21.3-p21.2,interleukin 1 receptor accessory protein like 1,protein-coding,"interleukin-1 receptor accessory protein-like 1|X-linked interleukin-1 receptor accessory protein-like 1|interleukin 1 receptor-8|mental retardation, X-linked 10|oligophrenin-4|three immunoglobulin domain-containing IL-1 receptor-related 2"
3516,3,"19147558,27322055,20950430,",RBPJ,AOS3|CBF1|IGKJRB|IGKJRB1|KBF2|RBP-J|RBPJK|RBPSUH|SUH|csl,MIM:147183|HGNC:HGNC:5724|Ensembl:ENSG00000168214|Vega:OTTHUMG00000097793,4,4p15.2,recombination signal binding protein for immunoglobulin kappa J region,protein-coding,recombining binding protein suppressor of hairless|CBF-1|H-2K binding factor-2|RBP-J kappa|RBP-JK|immunoglobulin kappa J region recombination signal binding protein 1|renal carcinoma antigen NY-REN-30|suppressor of hairless homolog
3812,1,"29089310,",KIR3DL2,3DL2|CD158K|KIR-3DL2|NKAT-4|NKAT4|NKAT4B|p140,MIM:604947|HGNC:HGNC:6339|Ensembl:ENSG00000240403|Vega:OTTHUMG00000065935,19,19q13.42,"killer cell immunoglobulin like receptor, three Ig domains and long cytoplasmic tail 2",protein-coding,"killer cell immunoglobulin-like receptor 3DL2|CD158 antigen-like family member K|KIR antigen 3DL2|MHC class I NK cell receptor|killer Ig receptor|killer cell immunoglobulin-like receptor, three domains, long cytoplasmic tail, 2|killer-cell immunoglobulin-like receptor|natural killer-associated transcript 4|p70 NK receptor CL-5|p70 killer cell inhibitory receptor|p70 natural killer cell receptor clone CL-5"
23095,2,"28515046,18334619,",KIF1B,CMT2|CMT2A|CMT2A1|HMSNII|KLP|NBLST1,MIM:605995|HGNC:HGNC:16636|Ensembl:ENSG00000054523|Vega:OTTHUMG00000001817,1,1p36.22,kinesin family member 1B,protein-coding,kinesin-like protein KIF1B|kinesin superfamily protein KIF1B
9536,1,"19347995,",PTGES,MGST-IV|MGST1-L1|MGST1L1|MPGES|PGES|PIG12|PP102|PP1294|TP53I12|mPGES-1,MIM:605172|HGNC:HGNC:9599|Ensembl:ENSG00000148344|Vega:OTTHUMG00000020791,9,9q34.11,prostaglandin E synthase,protein-coding,prostaglandin E synthase|MGST1-like 1|glutathione S-transferase 1-like 1|microsomal glutathione S-transferase 1-like 1|microsomal prostaglandin E synthase-1|p53-induced apoptosis protein 12|p53-induced gene 12 protein|tumor protein p53 inducible protein 12
3481,2,"12125963,17360667,",IGF2,C11orf43|GRDF|IGF-II|PP9974,MIM:147470|HGNC:HGNC:5466|Ensembl:ENSG00000167244|Vega:OTTHUMG00000009395,11,11p15.5,insulin like growth factor 2,protein-coding,insulin-like growth factor II|T3M-11-derived growth factor|insulin-like growth factor 2 (somatomedin A)|insulin-like growth factor type 2|preptin
8549,2,"28256193,22805276,",LGR5,FEX|GPR49|GPR67|GRP49|HG38,MIM:606667|HGNC:HGNC:4504|Ensembl:ENSG00000139292|Vega:OTTHUMG00000169543,12,12q21.1,leucine rich repeat containing G protein-coupled receptor 5,protein-coding,leucine-rich repeat-containing G-protein coupled receptor 5|G-protein coupled receptor 49|G-protein coupled receptor 67|G-protein coupled receptor HG38|orphan G protein-coupled receptor HG38
3916,1,"23826410,",LAMP1,CD107a|LAMPA|LGP120,MIM:153330|HGNC:HGNC:6499|Ensembl:ENSG00000185896|Vega:OTTHUMG00000017380,13,13q34,lysosomal associated membrane protein 1,protein-coding,lysosome-associated membrane glycoprotein 1|CD107 antigen-like family member A|LAMP-1|lysosome-associated membrane protein 1
10015,1,"26980041,",PDCD6IP,AIP1|ALIX|DRIP4|HP95,MIM:608074|HGNC:HGNC:8766|Ensembl:ENSG00000170248|Vega:OTTHUMG00000130751,3,3p22.3,programmed cell death 6 interacting protein,protein-coding,programmed cell death 6-interacting protein|ALG-2 interacting protein 1|ALG-2-interacting protein X|PDCD6-interacting protein|apoptosis-linked gene 2-interacting protein X|dopamine receptor interacting protein 4
8451,1,"24420924,",CUL4A,-,MIM:603137|HGNC:HGNC:2554|Ensembl:ENSG00000139842|Vega:OTTHUMG00000017384,13,13q34,cullin 4A,protein-coding,cullin-4A|CUL-4A
4149,1,"24676840,",MAX,bHLHd4,MIM:154950|HGNC:HGNC:6913|Ensembl:ENSG00000125952|Vega:OTTHUMG00000142809,14,14q23.3,MYC associated factor X,protein-coding,protein max|class D basic helix-loop-helix protein 4
1950,3,"21247755,17473192,18292095,",EGF,HOMG4|URG,MIM:131530|HGNC:HGNC:3229|Ensembl:ENSG00000138798|Vega:OTTHUMG00000132044,4,4q25,epidermal growth factor,protein-coding,pro-epidermal growth factor|beta-urogastrone
11315,4,"29441509,20150646,20497343,25475127,",PARK7,DJ-1|DJ1|GATD2|HEL-S-67p,MIM:602533|HGNC:HGNC:16369|Ensembl:ENSG00000116288|Vega:OTTHUMG00000001210,1,1p36.23,Parkinsonism associated deglycase,protein-coding,"protein DJ-1|protein deglycase DJ-1|Parkinson disease (autosomal recessive, early onset) 7|epididymis secretory sperm binding protein Li 67p|oncogene DJ1|parkinson protein 7"
3592,3,"22011063,19885559,11940489,",IL12A,CLMF|IL-12A|NFSK|NKSF1|P35,MIM:161560|HGNC:HGNC:5969|Ensembl:ENSG00000168811|Vega:OTTHUMG00000158942,3,3q25.33,interleukin 12A,protein-coding,"interleukin-12 subunit alpha|CLMF p35|IL-12, subunit p35|IL35 subunit|NF cell stimulatory factor chain 1|NK cell stimulatory factor chain 1|cytotoxic lymphocyte maturation factor 1, p35|cytotoxic lymphocyte maturation factor 35 kDa subunit|interleukin 12, p35|interleukin 12A (natural killer cell stimulatory factor 1, cytotoxic lymphocyte maturation factor 1, p35)|interleukin-12 alpha chain"
1890,1,"24617035,",TYMP,ECGF|ECGF1|MEDPS1|MNGIE|MTDPS1|PDECGF|TP|hPD-ECGF,MIM:131222|HGNC:HGNC:3148|Ensembl:ENSG00000025708|Vega:OTTHUMG00000150249,22,22q13.33,thymidine phosphorylase,protein-coding,thymidine phosphorylase|gliostatin|tdRPase
1543,2,"23661361,24460273,",CYP1A1,AHH|AHRR|CP11|CYP1|CYPIA1|P1-450|P450-C|P450DX,MIM:108330|HGNC:HGNC:2595|Ensembl:ENSG00000140465|Vega:OTTHUMG00000142812,15,15q24.1,cytochrome P450 family 1 subfamily A member 1,protein-coding,"cytochrome P450 1A1|aryl hydrocarbon hydroxylase|cytochrome P1-450, dioxin-inducible|cytochrome P450 form 6|cytochrome P450, family 1, subfamily A, polypeptide 1|cytochrome P450, subfamily I (aromatic compound-inducible), polypeptide 1|cytochrome P450-C|cytochrome P450-P1|flavoprotein-linked monooxygenase|xenobiotic monooxygenase"
84922,1,"20360400,",FIZ1,ZNF798,MIM:609133|HGNC:HGNC:25917|Ensembl:ENSG00000179943|Vega:OTTHUMG00000180858,19,19q13.42,FLT3 interacting zinc finger 1,protein-coding,flt3-interacting zinc finger protein 1|zinc finger protein 798
6194,1,"29328863,",RPS6,S6,MIM:180460|HGNC:HGNC:10429|Ensembl:ENSG00000137154|Vega:OTTHUMG00000019642,9,9p22.1,ribosomal protein S6,protein-coding,40S ribosomal protein S6|phosphoprotein NP33|small ribosomal subunit protein eS6
3479,4,"24056966,20214787,21788435,19235591,",IGF1,IGF-I|IGFI|MGF,MIM:147440|HGNC:HGNC:5464|Ensembl:ENSG00000017427|Vega:OTTHUMG00000149910,12,12q23.2,insulin like growth factor 1,protein-coding,insulin-like growth factor I|insulin-like growth factor 1 (somatomedin C)|insulin-like growth factor IB|mechano growth factor|somatomedin-C
5290,11,"20028853,18852163,20569675,23341541,17050665,17235514,29718345,15289301,16150119,18980969,25601471,",PIK3CA,CLOVE|CWS5|MCAP|MCM|MCMTC|PI3K|PI3K-alpha|p110-alpha,MIM:171834|HGNC:HGNC:8975|Ensembl:ENSG00000121879|Vega:OTTHUMG00000157311,3,3q26.32,"phosphatidylinositol-4,5-bisphosphate 3-kinase catalytic subunit alpha",protein-coding,"phosphatidylinositol 4,5-bisphosphate 3-kinase catalytic subunit alpha isoform|PI3-kinase p110 subunit alpha|phosphatidylinositol 3-kinase, catalytic, 110-KD, alpha|phosphatidylinositol 3-kinase, catalytic, alpha polypeptide|phosphatidylinositol-4,5-bisphosphate 3-kinase 110 kDa catalytic subunit alpha|phosphatidylinositol-4,5-bisphosphate 3-kinase catalytic subunit, alpha isoform|phosphoinositide-3-kinase, catalytic, alpha polypeptide|ptdIns-3-kinase subunit p110-alpha|serine/threonine protein kinase PIK3CA"
4070,1,"23397225,",TACSTD2,EGP-1|EGP1|GA733-1|GA7331|GP50|M1S1|TROP2,MIM:137290|HGNC:HGNC:11530|Ensembl:ENSG00000184292|Vega:OTTHUMG00000010067,1,1p32.1,tumor associated calcium signal transducer 2,protein-coding,"tumor-associated calcium signal transducer 2|40kD glycoprotein, identified by monoclonal antibody GA733|cell surface glycoprotein TROP2|cell surface glycoprotein Trop-2|epithelial glycoprotein-1|gastrointestinal tumor-associated antigen GA7331|membrane component, chromosome 1, surface marker 1|pancreatic carcinoma marker protein GA733-1|pancreatic carcinoma marker protein GA7331|truncated TACSTD2"
1106,1,"19137022,",CHD2,EEOC,MIM:602119|HGNC:HGNC:1917|Ensembl:ENSG00000173575|Vega:OTTHUMG00000185958,15,15q26.1,chromodomain helicase DNA binding protein 2,protein-coding,chromodomain-helicase-DNA-binding protein 2|ATP-dependent helicase CHD2|CHD-2
10472,1,"20103640,",ZBTB18,C2H2-171|MRD22|RP58|TAZ-1|ZNF238,MIM:608433|HGNC:HGNC:13030|Ensembl:ENSG00000179456|Vega:OTTHUMG00000040013,1,1q44,zinc finger and BTB domain containing 18,protein-coding,zinc finger and BTB domain-containing protein 18|58 kDa repressor protein|transcriptional repressor RP58|translin-associated zinc finger protein 1|zinc finger protein 238|zinc finger protein C2H2-171
6605,2,"25143307,23377182,",SMARCE1,BAF57|CSS5,MIM:603111|HGNC:HGNC:11109|Ensembl:ENSG00000073584|Vega:OTTHUMG00000133367,17,17q21.2,"SWI/SNF related, matrix associated, actin dependent regulator of chromatin, subfamily e, member 1",protein-coding,SWI/SNF-related matrix-associated actin-dependent regulator of chromatin subfamily E member 1|BRG1-associated factor 57|SWI/SNF-related matrix-associated actin-dependent regulator of chromatin e1|chromatin remodeling complex BRG1-associated factor 57
175,1,"21854356,",AGA,AGU|ASRG|GA,MIM:613228|HGNC:HGNC:318|Ensembl:ENSG00000038002|Vega:OTTHUMG00000160723,4,4q34.3,aspartylglucosaminidase,protein-coding,N(4)-(beta-N-acetylglucosaminyl)-L-asparaginase|N4-(N-acetyl-beta-glucosaminyl)-L-asparagine amidase|aspartylglucosylamine deaspartylase|glycosylasparaginase
3976,1,"11448119,",LIF,CDF|DIA|HILDA|MLPLI,MIM:159540|HGNC:HGNC:6596|Ensembl:ENSG00000128342|Vega:OTTHUMG00000150910,22,22q12.2,"LIF, interleukin 6 family cytokine",protein-coding,leukemia inhibitory factor|D factor|cholinergic differentiation factor|differentiation inhibitory activity|differentiation-inducing factor|differentiation-stimulating factor|hepatocyte-stimulating factor III|human interleukin in DA cells|melanoma-derived LPL inhibitor
3558,1,"20562654,",IL2,IL-2|TCGF|lymphokine,MIM:147680|HGNC:HGNC:6001|Ensembl:ENSG00000109471|Vega:OTTHUMG00000133075,4,4q27,interleukin 2,protein-coding,interleukin-2|T cell growth factor|aldesleukin|involved in regulation of T-cell clonal expansion
114294,1,"28835318,",LACTB,G24|MRPL56,MIM:608440|HGNC:HGNC:16468|Ensembl:ENSG00000103642|Vega:OTTHUMG00000132807,15,15q22.2,lactamase beta,protein-coding,"serine beta-lactamase-like protein LACTB, mitochondrial|mitochondrial 39S ribosomal protein L56"
665,1,"22984526,",BNIP3L,BNIP3a|NIX,MIM:605368|HGNC:HGNC:1085|Ensembl:ENSG00000104765|Vega:OTTHUMG00000099433,8,8p21.2,BCL2 interacting protein 3 like,protein-coding,BCL2/adenovirus E1B 19 kDa protein-interacting protein 3-like|BCL2/adenovirus E1B 19 kDa protein-interacting protein 3A|BCL2/adenovirus E1B 19-kd protein-interacting protein 3a|BCL2/adenovirus E1B 19kDa interacting protein 3 like|NIP3-like protein X|NIP3L|adenovirus E1B19k-binding protein B5
5629,2,"27626492,20084020,",PROX1,-,MIM:601546|HGNC:HGNC:9459|Ensembl:ENSG00000117707|Vega:OTTHUMG00000036946,1,1q32.3,prospero homeobox 1,protein-coding,prospero homeobox protein 1|homeobox prospero-like protein PROX1|prospero-related homeobox 1
64101,1,"16941076,",LRRC4,NAG14|NGL-2,MIM:610486|HGNC:HGNC:15586|Ensembl:ENSG00000128594|Vega:OTTHUMG00000157563,7,7q32.1,leucine rich repeat containing 4,protein-coding,leucine-rich repeat-containing protein 4|brain tumor associated protein LRRC4|brain tumor-associated protein BAG|nasopharyngeal carcinoma-associated gene 14 protein|netrin-G2 ligand
1476,1,"15832773,",CSTB,CPI-B|CST6|EPM1|EPM1A|PME|STFB|ULD,MIM:601145|HGNC:HGNC:2482|Ensembl:ENSG00000160213|Vega:OTTHUMG00000086886,21,21q22.3,cystatin B,protein-coding,cystatin-B|cystatin B (stefin B)|liver thiol proteinase inhibitor
8569,1,"27900644,",MKNK1,MNK1,MIM:606724|HGNC:HGNC:7110|Ensembl:ENSG00000079277|Vega:OTTHUMG00000007983,1,1p33,MAP kinase interacting serine/threonine kinase 1,protein-coding,MAP kinase-interacting serine/threonine-protein kinase 1|MAP kinase signal-integrating kinase 1|MAPK signal-integrating kinase 1
2670,7,"22492246,23371454,21075782,16773221,25178519,22318658,23076037,",GFAP,ALXDRD,MIM:137780|HGNC:HGNC:4235|Ensembl:ENSG00000131095|Vega:OTTHUMG00000179866,17,17q21.31,glial fibrillary acidic protein,protein-coding,glial fibrillary acidic protein
8295,1,"20085741,",TRRAP,PAF350/400|PAF400|STAF40|TR-AP|Tra1,MIM:603015|HGNC:HGNC:12347|Ensembl:ENSG00000196367|Vega:OTTHUMG00000150403,7,7q22.1,transformation/transcription domain associated protein,protein-coding,transformation/transcription domain-associated protein|350/400 kDa PCAF-associated factor|tra1 homolog
3007,1,"20685720,",HIST1H1D,H1.3|H1D|H1F3|H1s-2,MIM:142210|HGNC:HGNC:4717|Ensembl:ENSG00000124575|Vega:OTTHUMG00000014432,6,6p22.2,histone cluster 1 H1 family member d,protein-coding,"histone H1.3|H1 histone family, member 3|histone 1, H1d|histone H1c|histone H1s-2|histone cluster 1, H1d"
6046,1,"17166848,",BRD2,BRD2-IT1|D6S113E|FSH|FSRG1|NAT|O27.1.1|RING3|RNF3,MIM:601540|HGNC:HGNC:1103|Ensembl:ENSG00000204256|Vega:OTTHUMG00000031241,6,6p21.32,bromodomain containing 2,protein-coding,bromodomain-containing protein 2|BRD2 intronic transcript 1|female sterile homeotic-related gene 1|really interesting new gene 3 protein
930,1,"24501214,",CD19,B4|CVID3,MIM:107265|HGNC:HGNC:1633|Ensembl:ENSG00000177455|Vega:OTTHUMG00000097049,16,16p11.2,CD19 molecule,protein-coding,B-lymphocyte antigen CD19|B-lymphocyte surface antigen B4|T-cell surface antigen Leu-12|differentiation antigen CD19
26018,1,"22484910,",LRIG1,LIG-1|LIG1,MIM:608868|HGNC:HGNC:17360|Ensembl:ENSG00000144749|Vega:OTTHUMG00000158727,3,3p14.1,leucine rich repeats and immunoglobulin like domains 1,protein-coding,leucine-rich repeats and immunoglobulin-like domains protein 1|leucine-rich repeat protein LRIG1|ortholog of mouse integral membrane glycoprotein LIG-1
7298,2,"21043562,18365142,",TYMS,HST422|TMS|TS,MIM:188350|HGNC:HGNC:12441|Ensembl:ENSG00000176890|Vega:OTTHUMG00000131473,18,18p11.32,thymidylate synthetase,protein-coding,thymidylate synthase|TSase
4654,1,"24092238,",MYOD1,MYF3|MYOD|PUM|bHLHc1,MIM:159970|HGNC:HGNC:7611|Ensembl:ENSG00000129152|Vega:OTTHUMG00000166358,11,11p15.1,myogenic differentiation 1,protein-coding,myoblast determination protein 1|class C basic helix-loop-helix protein 1|myf-3|myogenic factor 3
8829,1,"21063027,",NRP1,BDCA4|CD304|NP1|NRP|VEGF165R,MIM:602069|HGNC:HGNC:8004|Ensembl:ENSG00000099250|Vega:OTTHUMG00000019343,10,10p11.22,neuropilin 1,protein-coding,neuropilin-1|transmembrane receptor|vascular endothelial cell growth factor 165 receptor
8618,1,"21798848,",CADPS,CADPS1|CAPS|CAPS1|UNC-31,MIM:604667|HGNC:HGNC:1426|Ensembl:ENSG00000163618|Vega:OTTHUMG00000158651,3,3p14.2,calcium dependent secretion activator,protein-coding,calcium-dependent secretion activator 1|CAPS-1|Ca++-dependent secretion activator|Ca2+ dependent secretion activator|Ca2+-dependent activator protein for secretion|Ca2+-regulated cytoskeletal protein|calcium-dependent activator protein for secretion 1
648,10,"19605626,15029199,29035367,22912356,25858624,25526772,18427816,23984324,20574517,20717685,",BMI1,FLVI2/BMI1|PCGF4|RNF51|flvi-2/bmi-1,MIM:164831|HGNC:HGNC:1066|Ensembl:ENSG00000168283|Vega:OTTHUMG00000017807,10,10p12.2,"BMI1 proto-oncogene, polycomb ring finger",protein-coding,polycomb complex protein BMI-1|B lymphoma Mo-MLV insertion region 1 homolog|BMI1 polycomb ring finger oncogene|BMI1 polycomb ring finger proto-oncogene|murine leukemia viral (bmi-1) oncogene homolog|polycomb group RING finger protein 4|polycomb group protein Bmi1|ring finger protein 51
1116,9,"20506295,20499402,15788675,17020973,20224722,27179219,15867231,20174854,21831900,",CHI3L1,ASRT7|CGP-39|GP-39|GP39|HC-gp39|HCGP-3P|YKL-40|YKL40|YYL-40|hCGP-39,MIM:601525|HGNC:HGNC:1932|Ensembl:ENSG00000133048|Vega:OTTHUMG00000042122,1,1q32.1,chitinase 3 like 1,protein-coding,chitinase-3-like protein 1|39 kDa synovial protein|cartilage glycoprotein 39|chitinase 3-like 1 (cartilage glycoprotein-39)
3178,1,"20010808,",HNRNPA1,ALS19|ALS20|HNRPA1|HNRPA1L3|IBMPFD3|UP 1|hnRNP A1|hnRNP-A1,MIM:164017|HGNC:HGNC:5031|Ensembl:ENSG00000135486|Vega:OTTHUMG00000169702,12,12q13.13,heterogeneous nuclear ribonucleoprotein A1,protein-coding,heterogeneous nuclear ribonucleoprotein A1|helix-destabilizing protein|heterogeneous nuclear ribonucleoprotein A1B protein|heterogeneous nuclear ribonucleoprotein B2 protein|heterogeneous nuclear ribonucleoprotein core protein A1|hnRNP core protein A1-like 3|nuclear ribonucleoprotein particle A1 protein|putative heterogeneous nuclear ribonucleoprotein A1-like 3|single-strand DNA-binding protein UP1|single-strand RNA-binding protein
11279,1,"22276196,",KLF8,BKLF3|ZNF741,MIM:300286|HGNC:HGNC:6351|Ensembl:ENSG00000102349|Vega:OTTHUMG00000021666,X,Xp11.21,Kruppel like factor 8,protein-coding,Krueppel-like factor 8|basic krueppel-like factor 3|basic kruppel-like factor 3|zinc finger protein 741
5965,1,"21752281,",RECQL,RECQL1|RecQ1,MIM:600537|HGNC:HGNC:9948|Ensembl:ENSG00000004700|Vega:OTTHUMG00000169131,12,12p12.1,RecQ like helicase,protein-coding,"ATP-dependent DNA helicase Q1|DNA helicase, RecQ-like type 1|DNA-dependent ATPase Q1|RecQ helicase-like|RecQ protein-like (DNA helicase Q1-like)|recQ protein-like 1"
2869,1,"24632620,",GRK5,GPRK5,MIM:600870|HGNC:HGNC:4544|Ensembl:ENSG00000198873|Vega:OTTHUMG00000019149,10,10q26.11,G protein-coupled receptor kinase 5,protein-coding,G protein-coupled receptor kinase 5|FP2025|g protein-coupled receptor kinase GRK5
2130,3,"20660338,20308673,21267687,",EWSR1,EWS|EWS-FLI1|bK984G1.4,MIM:133450|HGNC:HGNC:3508|Ensembl:ENSG00000182944|Vega:OTTHUMG00000151107,22,22q12.2,EWS RNA binding protein 1,protein-coding,RNA-binding protein EWS|EWS RNA-binding protein variant 6|Ewing sarcoma breakpoint region 1|Ewings sarcoma EWS-Fli1 (type 1) oncogene
3728,1,"21059263,",JUP,CTNNG|DP3|DPIII|PDGB|PKGB,MIM:173325|HGNC:HGNC:6207|Ensembl:ENSG00000173801|Vega:OTTHUMG00000133494,17,17q21.2,junction plakoglobin,protein-coding,"junction plakoglobin|catenin (cadherin-associated protein), gamma 80kDa|desmoplakin III|desmoplakin-3"
1028,2,"29661169,16357845,",CDKN1C,BWCR|BWS|KIP2|WBS|p57|p57Kip2,MIM:600856|HGNC:HGNC:1786|Ensembl:ENSG00000129757|Vega:OTTHUMG00000010040,11,11p15.4,cyclin dependent kinase inhibitor 1C,protein-coding,"cyclin-dependent kinase inhibitor 1C|cyclin-dependent kinase inhibitor 1C (p57, Kip2)|cyclin-dependent kinase inhibitor p57"
6480,1,"19413643,",ST6GAL1,SIAT1|ST6GalI|ST6N,MIM:109675|HGNC:HGNC:10860|Ensembl:ENSG00000073849|Vega:OTTHUMG00000156500,3,3q27.3,"ST6 beta-galactoside alpha-2,6-sialyltransferase 1",protein-coding,"beta-galactoside alpha-2,6-sialyltransferase 1|B-cell antigen CD75|CMP-N-acetylneuraminate beta-galactosamide alpha-2,6-sialyltransferase|CMP-N-acetylneuraminate-beta-galactosamide-alpha-2,6-sialyltransferase 1|ST6 N-acetylgalactosaminide alpha-2,6-sialyltransferase 1|ST6 beta-galactosamide alpha-2,6-sialyltranferase 1|ST6Gal I|alpha 2,6-ST 1|sialyltransferase 1 (beta-galactoside alpha-2,6-sialyltransferase)"
10912,2,"11889197,24577085,",GADD45G,CR6|DDIT2|GADD45gamma|GRP17,MIM:604949|HGNC:HGNC:4097|Ensembl:ENSG00000130222|Vega:OTTHUMG00000020187,9,9q22.2,growth arrest and DNA damage inducible gamma,protein-coding,"growth arrest and DNA damage-inducible protein GADD45 gamma|DDIT-2|DNA damage-inducible transcript 2 protein|GADD45-gamma|cytokine-responsive protein CR6|gadd-related protein, 17 kD"
84708,2,"18940473,16324299,",LNX1,LNX|MPDZ|PDZRN2,MIM:609732|HGNC:HGNC:6657|Ensembl:ENSG00000072201|Vega:OTTHUMG00000102099,4,4q12,ligand of numb-protein X 1,protein-coding,"E3 ubiquitin-protein ligase LNX|PDZ domain-containing ring finger protein 2|RING-type E3 ubiquitin transferase LNX|ligand of numb-protein X 1, E3 ubiquitin protein ligase|multi-PDZ-domain-containing protein, E3 ubiquitin-protein ligase LNX|numb-binding protein 1"
7555,1,"26460945,",CNBP,CNBP1|DM2|PROMM|RNF163|ZCCHC22|ZNF9,MIM:116955|HGNC:HGNC:13164|Ensembl:ENSG00000169714|Vega:OTTHUMG00000159943,3,3q21.3,CCHC-type zinc finger nucleic acid binding protein,protein-coding,cellular nucleic acid-binding protein|erythroid differentiation-related|sterol regulatory element-binding protein|zinc finger protein 273|zinc finger protein 9 (a cellular retroviral nucleic acid binding protein)
3777,1,"20931182,",KCNK3,K2p3.1|OAT1|PPH4|TASK|TASK-1|TBAK1,MIM:603220|HGNC:HGNC:6278|Ensembl:ENSG00000171303|Vega:OTTHUMG00000125530,2,2p23.3,potassium two pore domain channel subfamily K member 3,protein-coding,"potassium channel subfamily K member 3|TWIK-related acid-sensitive K(+) channel 1|TWIK-related acid-sensitive K+ channel|acid-sensitive potassium channel protein TASK|acid-sensitive potassium channel protein TASK-1|cardiac potassium channel|potassium channel, two pore domain subfamily K, member 3|potassium inwardly-rectifying channel, subfamily K, member 3|two P domain potassium channel|two pore K(+) channel KT3.1|two pore potassium channel KT3.1"
939,2,"12685844,12743427,",CD27,S152|S152. LPFS2|T14|TNFRSF7|Tp55,MIM:186711|HGNC:HGNC:11922|Ensembl:ENSG00000139193|Vega:OTTHUMG00000168316,12,12p13.31,CD27 molecule,protein-coding,"CD27 antigen|CD27L receptor|T cell activation antigen S152|T-cell activation antigen CD27|tumor necrosis factor receptor superfamily, member 7"
55504,1,"30337686,",TNFRSF19,TAJ|TAJ-alpha|TRADE|TROY,MIM:606122|HGNC:HGNC:11915|Ensembl:ENSG00000127863|Vega:OTTHUMG00000016568,13,13q12.12,TNF receptor superfamily member 19,protein-coding,tumor necrosis factor receptor superfamily member 19|toxicity and JNK inducer
9141,1,"18695908,",PDCD5,TFAR19,MIM:604583|HGNC:HGNC:8764|Ensembl:ENSG00000105185|Vega:OTTHUMG00000180224,19,19q13.11,programmed cell death 5,protein-coding,programmed cell death protein 5|TF-1 cell apoptosis-related protein 19|TF1 cell apoptosis-related gene 19|TFAR19 novel apoptosis-related
11168,1,"27013196,",PSIP1,DFS70|LEDGF|PAIP|PSIP2|p52|p75,MIM:603620|HGNC:HGNC:9527|Ensembl:ENSG00000164985|Vega:OTTHUMG00000021021,9,9p22.3,PC4 and SFRS1 interacting protein 1,protein-coding,PC4 and SFRS1-interacting protein|CLL-associated antigen KW-7|dense fine speckles 70 kDa protein|lens epithelium-derived growth factor|transcriptional coactivator p52/p75
2619,1,"24529556,",GAS1,-,MIM:139185|HGNC:HGNC:4165|Ensembl:ENSG00000180447|Vega:OTTHUMG00000020141,9,9q21.33,growth arrest specific 1,protein-coding,growth arrest-specific protein 1|GAS-1|Growth arrest-specific gene-1
7057,3,"20876797,25621889,12609716,",THBS1,THBS|THBS-1|TSP|TSP-1|TSP1,MIM:188060|HGNC:HGNC:11785|Ensembl:ENSG00000137801|Vega:OTTHUMG00000133665,15,15q14,thrombospondin 1,protein-coding,thrombospondin-1|thrombospondin-1p180|thrombospondin-p50
23657,3,"23096413,18469825,28553953,",SLC7A11,CCBR1|xCT,MIM:607933|HGNC:HGNC:11059|Ensembl:ENSG00000151012|Vega:OTTHUMG00000133396,4,4q28.3,solute carrier family 7 member 11,protein-coding,"cystine/glutamate transporter|amino acid transport system xc-|calcium channel blocker resistance protein CCBR1|solute carrier family 7 (anionic amino acid transporter light chain, xc- system), member 11|solute carrier family 7, (cationic amino acid transporter, y+ system) member 11"
4609,95,"21793975,21098324,12213716,28329683,24586197,22912356,27151990,23175515,18426731,23538750,18372915,25284491,18808065,24994904,24319234,23012230,18369647,21324178,18059365,25103070,15522957,23237560,18024371,26766587,21646687,19840458,19038329,20962620,17947677,28409891,19597184,12967477,21378543,19908297,23355209,25359993,27282353,20607354,26516926,26820684,23966158,23243310,21878673,22002575,28232371,21783402,21317922,25739120,26307073,25595783,23599149,27775567,28262675,15716988,20551174,26518543,20063409,26290144,26565895,28665415,29654697,22804688,21998213,25266931,20010808,28614202,25528767,16423996,25533335,24397618,28344319,22158946,18085637,23603171,21913186,24679006,18593994,29880921,25402633,25125624,18535662,26717387,28729418,19755676,22016811,26943576,19174520,21667531,16478988,29489901,25033601,22090452,27498867,21640157,22068108,",MYC,MRTL|MYCC|bHLHe39|c-Myc,MIM:190080|HGNC:HGNC:7553|Ensembl:ENSG00000136997|Vega:OTTHUMG00000128475,8,8q24.21,"MYC proto-oncogene, bHLH transcription factor",protein-coding,myc proto-oncogene protein|avian myelocytomatosis viral oncogene homolog|class E basic helix-loop-helix protein 39|myc-related translation/localization regulatory factor|proto-oncogene c-Myc|transcription factor p64|v-myc avian myelocytomatosis viral oncogene homolog|v-myc myelocytomatosis viral oncogene homolog
9989,1,"23084358,",PPP4R1,MEG1|PP4(Rmeg)|PP4R1,MIM:604908|HGNC:HGNC:9320|Ensembl:ENSG00000154845|Vega:OTTHUMG00000137466,18,18p11.22,protein phosphatase 4 regulatory subunit 1,protein-coding,serine/threonine-protein phosphatase 4 regulatory subunit 1|serine/threonine phosphatase 4
7272,1,"16080195,",TTK,CT96|ESK|MPH1|MPS1|MPS1L1|PYT,MIM:604092|HGNC:HGNC:12401|Ensembl:ENSG00000112742|Vega:OTTHUMG00000015088,6,6q14.1,TTK protein kinase,protein-coding,dual specificity protein kinase TTK|cancer/testis antigen 96|monopolar spindle 1 kinase|monopolar spindle 1-like 1|phosphotyrosine picked threonine kinase|phosphotyrosine picked threonine-protein kinase
4313,12,"16894529,17437609,26729052,15743799,22490851,17604063,28234925,17593815,16722933,25596741,26381542,21331614,",MMP2,CLG4|CLG4A|MMP-2|MMP-II|MONA|TBE-1,MIM:120360|HGNC:HGNC:7166|Ensembl:ENSG00000087245|Vega:OTTHUMG00000133202,16,16q12.2,matrix metallopeptidase 2,protein-coding,"72 kDa type IV collagenase|collagenase type IV-A|matrix metallopeptidase 2 (gelatinase A, 72kDa gelatinase, 72kDa type IV collagenase)|matrix metalloproteinase-2|matrix metalloproteinase-II|neutrophil gelatinase"
361,12,"21784068,19764565,26115524,27552812,20685122,17549682,17335082,21968684,22773464,27483250,19153045,20965731,",AQP4,MIWC|WCH4,MIM:600308|HGNC:HGNC:637|Ensembl:ENSG00000171885|Vega:OTTHUMG00000131955,18,18q11.2,aquaporin 4,protein-coding,aquaporin-4|aquaporin type4|mercurial-insensitive water channel
4436,8,"24073290,12549480,28767666,26327213,12688322,19390556,21425258,16381012,",MSH2,COCA1|FCC1|HNPCC|HNPCC1|LCFS2,MIM:609309|HGNC:HGNC:7325|Ensembl:ENSG00000095002|Vega:OTTHUMG00000128861,2,2p21-p16.3,mutS homolog 2,protein-coding,"DNA mismatch repair protein Msh2|hMSH2|mutS homolog 2, colon cancer, nonpolyposis type 1"
1612,3,"28324774,12708480,29807777,",DAPK1,DAPK|ROCO3,MIM:600831|HGNC:HGNC:2674|Ensembl:ENSG00000196730|Vega:OTTHUMG00000020150,9,9q21.33,death associated protein kinase 1,protein-coding,death-associated protein kinase 1|DAP kinase 1
30009,1,"23607257,",TBX21,T-PET|T-bet|TBET|TBLYM,MIM:604895|HGNC:HGNC:11599|Ensembl:ENSG00000073861|Vega:OTTHUMG00000178287,17,17q21.32,T-box 21,protein-coding,T-box transcription factor TBX21|T-box expressed in T cells|T-box protein 21|T-cell-specific T-box transcription factor T-bet|transcription factor TBLYM
10018,1,"28337703,",BCL2L11,BAM|BIM|BOD,MIM:603827|HGNC:HGNC:994|Ensembl:ENSG00000153094|Vega:OTTHUMG00000131256,2,2q13,BCL2 like 11,protein-coding,bcl-2-like protein 11|BCL2-like 11 (apoptosis facilitator)|bcl-2 interacting mediator of cell death|bcl-2 interacting protein Bim|bcl-2-related ovarian death agonist
3680,1,"18794852,",ITGA9,ALPHA-RLC|ITGA4L|RLC,MIM:603963|HGNC:HGNC:6145|Ensembl:ENSG00000144668|Vega:OTTHUMG00000130815,3,3p22.2,integrin subunit alpha 9,protein-coding,integrin alpha-9|integrin alpha-RLC
894,5,"19608671,26290144,21059263,28000032,25572712,",CCND2,KIAK0002|MPPH3,MIM:123833|HGNC:HGNC:1583|Ensembl:ENSG00000118971|Vega:OTTHUMG00000168123,12,12p13.32,cyclin D2,protein-coding,G1/S-specific cyclin-D2
1459,1,"25788269,",CSNK2A2,CK2A2|CK2alpha'|CSNK2A1,MIM:115442|HGNC:HGNC:2459|Ensembl:ENSG00000070770|Vega:OTTHUMG00000133488,16,16q21,casein kinase 2 alpha 2,protein-coding,"casein kinase II subunit alpha'|CK II alpha'|casein kinase 2 alpha'|casein kinase 2, alpha prime polypeptide"
9211,2,"15827762,15047712,",LGI1,ADLTE|ADPAEF|ADPEAF|EPITEMPIN|EPT|ETL1|IB1099,MIM:604619|HGNC:HGNC:6572|Ensembl:ENSG00000108231|Vega:OTTHUMG00000018777,10,10q23.33,leucine rich glioma inactivated 1,protein-coding,leucine-rich glioma-inactivated protein 1|epitempin-1
5915,1,"19809523,",RARB,HAP|MCOPS12|NR1B2|RARbeta1|RRB2,MIM:180220|HGNC:HGNC:9865|Ensembl:ENSG00000077092|Vega:OTTHUMG00000130480,3,3p24.2,retinoic acid receptor beta,protein-coding,"retinoic acid receptor beta|HBV-activated protein|RAR-beta|RAR-epsilon|hepatitis B virus activated protein|nuclear receptor subfamily 1 group B member 2|retinoic acid receptor, beta polypeptide"
50943,2,"17315190,23888189,",FOXP3,AIID|DIETER|IPEX|JM2|PIDX|XPID,MIM:300292|HGNC:HGNC:6106|Ensembl:ENSG00000049768|Vega:OTTHUMG00000024135,X,Xp11.23,forkhead box P3,protein-coding,"forkhead box protein P3|FOXP3delta7|immune dysregulation, polyendocrinopathy, enteropathy, X-linked|immunodeficiency, polyendocrinopathy, enteropathy, X-linked|scurfin"
1269,3,"20090845,20307616,21457344,",CNR2,CB-2|CB2|CX5,MIM:605051|HGNC:HGNC:2160|Ensembl:ENSG00000188822|Vega:OTTHUMG00000013892,1,1p36.11,cannabinoid receptor 2,protein-coding,cannabinoid receptor 2|cannabinoid receptor 2 (macrophage)|testis-dominant CNR2 isoform CB2
10563,2,"23570798,25433721,",CXCL13,ANGIE|ANGIE2|BCA-1|BCA1|BLC|BLR1L|SCYB13,MIM:605149|HGNC:HGNC:10639|Ensembl:ENSG00000156234|Vega:OTTHUMG00000130201,4,4q21.1,C-X-C motif chemokine ligand 13,protein-coding,"C-X-C motif chemokine 13|B-cell chemoattractant|B-cell-attracting chemokine 1|B-cell-homing chemokine (ligand for Burkitt's lymphoma receptor-1)|B-lymphocyte chemoattractant|CXC chemokine BLC|b cell-attracting chemokine 1|b lymphocyte chemoattractant|chemokine (C-X-C motif) ligand 13 (B-cell chemoattractant)|small inducible cytokine B subfamily (Cys-X-Cys motif), member 13 (B-cell chemoattractant)|small-inducible cytokine B13"
412,1,"18249534,",STS,ARSC|ARSC1|ASC|ES|SSDD|XLI,MIM:300747|HGNC:HGNC:11425|Ensembl:ENSG00000101846|Vega:OTTHUMG00000021102,X,Xp22.31,steroid sulfatase,protein-coding,"steryl-sulfatase|arylsulfatase C|estrone sulfatase|steroid sulfatase (microsomal), isozyme S|steryl-sulfate sulfohydrolase"
11073,1,"25216549,",TOPBP1,TOP2BP1,MIM:607760|HGNC:HGNC:17008|Ensembl:ENSG00000163781|Vega:OTTHUMG00000159773,3,3q22.1,topoisomerase (DNA) II binding protein 1,protein-coding,DNA topoisomerase 2-binding protein 1|DNA topoisomerase II-beta-binding protein 1|DNA topoisomerase II-binding protein 1
4524,3,"18483342,23765760,23846816,",MTHFR,-,MIM:607093|HGNC:HGNC:7436|Ensembl:ENSG00000177000|Vega:OTTHUMG00000002277,1,1p36.22,methylenetetrahydrofolate reductase,protein-coding,"methylenetetrahydrofolate reductase|5,10-methylenetetrahydrofolate reductase (NADPH)|methylenetetrahydrofolate reductase (NAD(P)H)"
11069,1,"28216156,",RAPGEF4,CAMP-GEFII|CGEF2|EPAC|EPAC 2|EPAC2|Nbla00496,MIM:606058|HGNC:HGNC:16626|Ensembl:ENSG00000091428|Vega:OTTHUMG00000133677,2,2q31.1,Rap guanine nucleotide exchange factor 4,protein-coding,rap guanine nucleotide exchange factor 4|RAP guanine-nucleotide-exchange factor (GEF) 4|Rap guanine nucleotide exchange factor (GEF) 4|cAMP-regulated guanine nucleotide exchange factor II|exchange factor directly activated by cAMP 2|exchange protein directly activated by cAMP 2|putative protein product of Nbla00496
754,2,"23221562,29078751,",PTTG1IP,C21orf1|C21orf3|PBF,MIM:603784|HGNC:HGNC:13524|Ensembl:ENSG00000183255|Vega:OTTHUMG00000090254,21,21q22.3,PTTG1 interacting protein,protein-coding,pituitary tumor-transforming gene 1 protein-interacting protein|PTTG-binding factor|pituitary tumor-transforming 1 interacting protein|pituitary tumor-transforming gene protein-binding factor
51129,1,"23617883,",ANGPTL4,ARP4|FIAF|HARP|HFARP|NL2|PGAR|TGQTL|UNQ171|pp1158,MIM:605910|HGNC:HGNC:16039|Ensembl:ENSG00000167772|Vega:OTTHUMG00000182273,19,19p13.2,angiopoietin like 4,protein-coding,angiopoietin-related protein 4|PPARG angiopoietin related protein|fasting-induced adipose factor|hepatic angiopoietin-related protein|hepatic fibrinogen/angiopoietin-related protein|peroxisome proliferator-activated receptor (PPAR) gamma induced angiopoietin-related protein
7520,1,"12403924,",XRCC5,KARP-1|KARP1|KU80|KUB2|Ku86|NFIV,MIM:194364|HGNC:HGNC:12833|Ensembl:ENSG00000079246|Vega:OTTHUMG00000133059,2,2q35,X-ray repair cross complementing 5,protein-coding,"X-ray repair cross-complementing protein 5|86 kDa subunit of Ku antigen|ATP-dependent DNA helicase 2 subunit 2|ATP-dependent DNA helicase II 80 kDa subunit|CTC box-binding factor 85 kDa subunit|CTC85|CTCBF|DNA repair protein XRCC5|Ku autoantigen, 80kDa|Ku86 autoantigen related protein 1|TLAA|X-ray repair complementing defective repair in Chinese hamster cells 5 (double-strand-break rejoining)|lupus Ku autoantigen protein p86|nuclear factor IV|thyroid-lupus autoantigen"
22872,1,"21109691,",SEC31A,ABP125|ABP130|HSPC275|HSPC334|SEC31L1,MIM:610257|HGNC:HGNC:17052|Ensembl:ENSG00000138674|Vega:OTTHUMG00000130297,4,4q21.22,"SEC31 homolog A, COPII coat complex component",protein-coding,"protein transport protein Sec31A|SEC31 homolog A, COPII coating complex component|SEC31-like protein 1|SEC31-related protein A|web1-like protein|yeast Sec31p homolog"
847,1,"18682580,",CAT,-,MIM:115500|HGNC:HGNC:1516|Ensembl:ENSG00000121691|Vega:OTTHUMG00000044353,11,11p13,catalase,protein-coding,catalase
3091,21,"24859610,21517260,15175080,19021062,20827750,23358800,24747440,18621534,28302031,24980036,22009797,18950958,28036268,23550771,12296651,21042761,26689994,24970694,26592496,16612574,22977270,",HIF1A,HIF-1-alpha|HIF-1A|HIF-1alpha|HIF1|HIF1-ALPHA|MOP1|PASD8|bHLHe78,MIM:603348|HGNC:HGNC:4910|Ensembl:ENSG00000100644|Vega:OTTHUMG00000140344,14,14q23.2,hypoxia inducible factor 1 alpha subunit,protein-coding,"hypoxia-inducible factor 1-alpha|ARNT interacting protein|PAS domain-containing protein 8|basic-helix-loop-helix-PAS protein MOP1|class E basic helix-loop-helix protein 78|hypoxia inducible factor 1, alpha subunit (basic helix-loop-helix transcription factor)|hypoxia-inducible factor 1 alpha isoform I.3|hypoxia-inducible factor1alpha|member of PAS protein 1|member of PAS superfamily 1"
1462,2,"25064688,17453002,",VCAN,CSPG2|ERVR|GHAP|PG-M|WGN|WGN1,MIM:118661|HGNC:HGNC:2464|Ensembl:ENSG00000038427|Vega:OTTHUMG00000131321,5,5q14.2-q14.3,versican,protein-coding,versican core protein|chondroitin sulfate proteoglycan core protein 2|glial hyaluronate-binding protein|large fibroblast proteoglycan|versican proteoglycan
51460,1,"23928305,",SFMBT1,RU1|SFMBT|hSFMBT,MIM:607319|HGNC:HGNC:20255|Ensembl:ENSG00000163935|Vega:OTTHUMG00000159052,3,3p21.1,Scm like with four mbt domains 1,protein-coding,scm-like with four MBT domains protein 1|Scm-related gene containing four mbt domains|Scm-related gene product containing four mbt domains|renal ubiquitous protein 1
5650,1,"29319165,",KLK7,PRSS6|SCCE|hK7,MIM:604438|HGNC:HGNC:6368|Ensembl:ENSG00000169035|Vega:OTTHUMG00000182917,19,19q13.41,kallikrein related peptidase 7,protein-coding,"kallikrein-7|kallikrein 7 (chymotryptic, stratum corneum)|serine protease 6|signal protein|stratum corneum chymotryptic enzyme"
9611,1,"21143702,",NCOR1,N-CoR|N-CoR1|PPP1R109|TRAC1|hN-CoR,MIM:600849|HGNC:HGNC:7672|Ensembl:ENSG00000141027|Vega:OTTHUMG00000059309,17,17p12-p11.2,nuclear receptor corepressor 1,protein-coding,"nuclear receptor corepressor 1|protein phosphatase 1, regulatory subunit 109|thyroid hormone- and retinoic acid receptor-associated corepressor 1"
79000,1,"20596670,",AUNIP,AIBP|C1orf135,HGNC:HGNC:28363|Ensembl:ENSG00000127423|Vega:OTTHUMG00000007372,1,1p36.11,aurora kinase A and ninein interacting protein,protein-coding,aurora kinase A and ninein-interacting protein|aurora A-binding protein
4478,1,"23315217,",MSN,HEL70|IMD50,MIM:309845|HGNC:HGNC:7373|Ensembl:ENSG00000147065|Vega:OTTHUMG00000021723,X,Xq12,moesin,protein-coding,moesin|epididymis luminal protein 70|membrane-organizing extension spike protein
6660,1,"25305447,",SOX5,L-SOX5|L-SOX5B|L-SOX5F|LAMSHF,MIM:604975|HGNC:HGNC:11201|Ensembl:ENSG00000134532|Vega:OTTHUMG00000169026,12,12p12.1,SRY-box 5,protein-coding,transcription factor SOX-5|SRY (sex determining region Y)-box 5
1029,32,"19728399,19086579,17206475,20822523,20068183,21843312,18039844,21393858,23721661,24632607,21057530,16786135,21638516,11830494,18509008,18058237,19855433,18374497,22586120,20118908,23547836,25033601,29489901,16696307,16357845,11763427,16623784,17438529,17099725,25921285,20714943,20435884,",CDKN2A,ARF|CDK4I|CDKN2|CMM2|INK4|INK4A|MLM|MTS-1|MTS1|P14|P14ARF|P16|P16-INK4A|P16INK4|P16INK4A|P19|P19ARF|TP16,MIM:600160|HGNC:HGNC:1787|Ensembl:ENSG00000147889|Vega:OTTHUMG00000019686,9,9p21.3,cyclin dependent kinase inhibitor 2A,protein-coding,"cyclin-dependent kinase inhibitor 2A|CDK4 inhibitor p16-INK4|alternative reading frame|cell cycle negative regulator beta|cyclin-dependent kinase 4 inhibitor A|cyclin-dependent kinase inhibitor 2A (melanoma, p16, inhibits CDK4)|multiple tumor suppressor 1"
7189,1,"26320176,",TRAF6,MGC:3310|RNF85,MIM:602355|HGNC:HGNC:12036|Ensembl:ENSG00000175104|Vega:OTTHUMG00000166391,11,11p12,TNF receptor associated factor 6,protein-coding,"TNF receptor-associated factor 6|E3 ubiquitin-protein ligase TRAF6|RING finger protein 85|RING-type E3 ubiquitin transferase TRAF6|TNF receptor-associated factor 6, E3 ubiquitin protein ligase|interleukin-1 signal transducer"
1848,1,"21499306,",DUSP6,HH19|MKP3|PYST1,MIM:602748|HGNC:HGNC:3072|Ensembl:ENSG00000139318|Vega:OTTHUMG00000169912,12,12q21.33,dual specificity phosphatase 6,protein-coding,dual specificity protein phosphatase 6|MAP kinase phosphatase 3|dual specificity protein phosphatase PYST1|mitogen-activated protein kinase phosphatase 3|serine/threonine specific protein phosphatase
6768,1,"24070417,",ST14,ARCI11|HAI|MT-SP1|MTSP1|PRSS14|SNC19|TADG15|TMPRSS14,MIM:606797|HGNC:HGNC:11344|Ensembl:ENSG00000149418|Vega:OTTHUMG00000165768,11,11q24.3,suppression of tumorigenicity 14,protein-coding,"suppressor of tumorigenicity 14 protein|membrane-type serine protease 1|prostamin|serine protease 14|serine protease TADG-15|suppression of tumorigenicity 14 (colon carcinoma)|suppression of tumorigenicity 14 (colon carcinoma, matriptase, epithin)|tumor associated differentially expressed gene 15 protein"
10397,1,"19082468,",NDRG1,CAP43|CMT4D|DRG-1|DRG1|GC4|HMSNL|NDR1|NMSL|PROXY1|RIT42|RTP|TARG1|TDD5,MIM:605262|HGNC:HGNC:7679|Ensembl:ENSG00000104419|Vega:OTTHUMG00000164441,8,8q24.22,N-myc downstream regulated 1,protein-coding,protein NDRG1|N-myc downstream-regulated gene 1 protein|differentiation-related gene 1 protein|nickel-specific induction protein Cap43|protein regulated by oxygen-1|reducing agents and tunicamycin-responsive protein
4481,1,"27367025,",MSR1,CD204|SCARA1|SR-A|SR-AI|SR-AII|SR-AIII|SRA|phSR1|phSR2,MIM:153622|HGNC:HGNC:7376|Ensembl:ENSG00000038945|Vega:OTTHUMG00000094809,8,8p22,macrophage scavenger receptor 1,protein-coding,macrophage scavenger receptor types I and II|macrophage acetylated LDL receptor I and II|macrophage scavenger receptor type III|scavenger receptor class A member 1
10904,1,"19908260,",BLCAP,BC10,MIM:613110|HGNC:HGNC:1055|Ensembl:ENSG00000166619|Vega:OTTHUMG00000032419,20,20q11.23,bladder cancer associated protein,protein-coding,bladder cancer-associated protein|bladder cancer related protein (10kD)
2495,1,"28837569,",FTH1,FHC|FTH|FTHL6|HFE5|PIG15|PLIF,MIM:134770|HGNC:HGNC:3976|Ensembl:ENSG00000167996|Vega:OTTHUMG00000166217,11,11q12.3,ferritin heavy chain 1,protein-coding,"ferritin heavy chain|apoferritin|cell proliferation-inducing gene 15 protein|ferritin H subunit|ferritin, heavy polypeptide 1|placenta immunoregulatory factor|proliferation-inducing protein 15"
3418,66,"29288860,22790483,19667985,22825915,26338964,21080178,20510884,20465388,28945625,26834160,21643985,22360629,21641335,22922872,20427748,24722048,24311631,22399191,30299371,21284999,29633022,23111198,23330999,26188014,22217666,22427879,30194083,26558387,20603105,26061753,24532263,19228619,22890969,22215888,23410661,21690245,22166653,26957363,23894344,23015095,25495392,26945349,28748342,21885076,25783747,19915484,20975057,22410704,22147457,26545048,24868540,19915015,25008158,25078896,23689617,23532369,26194445,27780605,26314843,22824796,30427756,28116838,20367200,21294161,27353503,21643842,",IDH2,D2HGA2|ICD-M|IDH|IDHM|IDP|IDPM|mNADP-IDH,MIM:147650|HGNC:HGNC:5383|Ensembl:ENSG00000182054|Vega:OTTHUMG00000149815,15,15q26.1,"isocitrate dehydrogenase (NADP(+)) 2, mitochondrial",protein-coding,"isocitrate dehydrogenase [NADP], mitochondrial|NADP(+)-specific ICDH|isocitrate dehydrogenase 2 (NADP+), mitochondrial|oxalosuccinate decarboxylase"
598,4,"19242522,24227720,21998213,16773221,",BCL2L1,BCL-XL/S|BCL2L|BCLX|Bcl-X|PPP1R52,MIM:600039|HGNC:HGNC:992|Ensembl:ENSG00000171552|Vega:OTTHUMG00000032192,20,20q11.21,BCL2 like 1,protein-coding,"bcl-2-like protein 1|apoptosis regulator Bcl-X|protein phosphatase 1, regulatory subunit 52"
4908,1,"18336001,",NTF3,HDNF|NGF-2|NGF2|NT-3|NT3,MIM:162660|HGNC:HGNC:8023|Ensembl:ENSG00000185652|Vega:OTTHUMG00000168649,12,12p13.31,neurotrophin 3,protein-coding,neurotrophin-3|nerve growth factor 2|neurotrophic factor
240,1,"20382140,",ALOX5,5-LO|5-LOX|5LPG|LOG5,MIM:152390|HGNC:HGNC:435|Ensembl:ENSG00000012779|Vega:OTTHUMG00000018081,10,10q11.21,arachidonate 5-lipoxygenase,protein-coding,arachidonate 5-lipoxygenase|LOX-5|arachidonic 5-lipoxygenase alpha-10 isoform|arachidonic 5-lipoxygenase delta-10-13 isoform|arachidonic 5-lipoxygenase delta-13 isoform|arachidonic 5-lipoxygenase delta-p10 isoform|arachidonic acid 5-lipoxygenase|leukotriene A4 synthase
4856,1,"12519873,",NOV,CCN3|IBP-9|IGFBP-9|IGFBP9|NOVh,MIM:164958|HGNC:HGNC:7885|Ensembl:ENSG00000136999|Vega:OTTHUMG00000164984,8,8q24.12,nephroblastoma overexpressed,protein-coding,protein NOV homolog|CCN family member 3|IGF-binding protein 9|insulin-like growth factor-binding protein 9|nephroblastoma-overexpressed gene protein homolog
890,1,"17359356,",CCNA2,CCN1|CCNA,MIM:123835|HGNC:HGNC:1578|Ensembl:ENSG00000145386|Vega:OTTHUMG00000133072,4,4q27,cyclin A2,protein-coding,cyclin-A2|cyclin-A
5899,1,"25573158,",RALB,-,MIM:179551|HGNC:HGNC:9840|Ensembl:ENSG00000144118|Vega:OTTHUMG00000131435,2,2q14.2,RAS like proto-oncogene B,protein-coding,ras-related protein Ral-B|RALB Ras like proto-oncogene B|RAS-like protein B|ras related GTP binding protein B|v-ral simian leukemia viral oncogene homolog B (ras related; GTP binding protein)
5355,1,"30373180,",PLP2,A4|A4LSB,MIM:300112|HGNC:HGNC:9087|Ensembl:ENSG00000102007|Vega:OTTHUMG00000021513,X,Xp11.23,proteolipid protein 2,protein-coding,proteolipid protein 2|A4 differentiation-dependent protein|differentiation-dependent protein A4|intestinal membrane A4 protein|proteolipid protein 2 (colonic epithelium-enriched)
84062,1,"27091610,",DTNBP1,BLOC1S8|DBND|HPS7|My031|SDY,MIM:607145|HGNC:HGNC:17328|Ensembl:ENSG00000047579|Vega:OTTHUMG00000014295,6,6p22.3,dystrobrevin binding protein 1,protein-coding,"dysbindin|BLOC-1 subunit 8|Hermansky-Pudlak syndrome 7 protein|biogenesis of lysosomal organelles complex-1, subunit 8|biogenesis of lysosome-related organelles complex 1 subunit 8|dysbindin-1"
54106,2,"16906541,18253698,",TLR9,CD289,MIM:605474|HGNC:HGNC:15633|Ensembl:ENSG00000239732|Vega:OTTHUMG00000158106,3,3p21.2,toll like receptor 9,protein-coding,toll-like receptor 9
602,2,"18940474,16123212,",BCL3,BCL4|D19S37,MIM:109560|HGNC:HGNC:998|Ensembl:ENSG00000069399|Vega:OTTHUMG00000151517,19,19q13.32,B-cell CLL/lymphoma 3,protein-coding,B-cell lymphoma 3 protein|B-cell leukemia/lymphoma 3|B-cell lymphoma 3-encoded protein|BCL-3|chronic lymphatic leukemia protein|proto-oncogene BCL3
841,4,"16607283,28594322,14688019,15289853,",CASP8,ALPS2B|CAP4|Casp-8|FLICE|MACH|MCH5,MIM:601763|HGNC:HGNC:1509|Ensembl:ENSG00000064012|Vega:OTTHUMG00000132821,2,2q33.1,caspase 8,protein-coding,"caspase-8|FADD-homologous ICE/CED-3-like protease|FADD-like ICE|ICE-like apoptotic protease 5|MACH-alpha-1/2/3 protein|MACH-beta-1/2/3/4 protein|MORT1-associated ced-3 homolog|apoptotic cysteine protease|apoptotic protease Mch-5|caspase 8, apoptosis-related cysteine peptidase|caspase 8, apoptosis-related cysteine protease"
3815,8,"19779861,23791075,17726262,16271084,22235799,22672386,20030644,22846208,",KIT,C-Kit|CD117|PBT|SCFR,MIM:164920|HGNC:HGNC:6342|Ensembl:ENSG00000157404|Vega:OTTHUMG00000128713,4,4q12,KIT proto-oncogene receptor tyrosine kinase,protein-coding,mast/stem cell growth factor receptor Kit|c-Kit protooncogene|p145 c-kit|piebald trait protein|proto-oncogene c-Kit|proto-oncogene tyrosine-protein kinase Kit|soluble KIT variant 1|tyrosine-protein kinase Kit|v-kit Hardy-Zuckerman 4 feline sarcoma viral oncogene homolog|v-kit Hardy-Zuckerman 4 feline sarcoma viral oncogene-like protein
1072,1,"22742733,",CFL1,CFL|HEL-S-15|cofilin,MIM:601442|HGNC:HGNC:1874|Ensembl:ENSG00000172757|Vega:OTTHUMG00000166602,11,11q13.1,cofilin 1,protein-coding,"cofilin-1|18 kDa phosphoprotein|cofilin 1 (non-muscle)|cofilin, non-muscle isoform|epididymis secretory protein Li 15|p18"
9846,1,"24998422,",GAB2,-,MIM:606203|HGNC:HGNC:14458|Ensembl:ENSG00000033327|Vega:OTTHUMG00000166673,11,11q14.1,GRB2 associated binding protein 2,protein-coding,GRB2-associated-binding protein 2|Grb2-associated binder 2|growth factor receptor bound protein 2-associated protein 2|pp100
23476,2,"24297863,24796395,",BRD4,CAP|HUNK1|HUNKI|MCAP,MIM:608749|HGNC:HGNC:13575|Ensembl:ENSG00000141867|Vega:OTTHUMG00000183252,19,19p13.12,bromodomain containing 4,protein-coding,bromodomain-containing protein 4|chromosome-associated protein
57348,1,"24316981,",TTYH1,-,MIM:605784|HGNC:HGNC:13476|Ensembl:ENSG00000167614|Vega:OTTHUMG00000065544,19,19q13.42,tweety family member 1,protein-coding,protein tweety homolog 1|hTTY1|tweety homolog 1
51700,1,"26323991,",CYB5R2,B5R.2,MIM:608342|HGNC:HGNC:24376|Ensembl:ENSG00000166394|Vega:OTTHUMG00000165665,11,11p15.4,cytochrome b5 reductase 2,protein-coding,NADH-cytochrome b5 reductase 2|cytochrome b5 reductase b5R.2
2251,1,"11801566,",FGF6,HBGF-6|HST2,MIM:134921|HGNC:HGNC:3684|Ensembl:ENSG00000111241|Vega:OTTHUMG00000168242,12,12p13.32,fibroblast growth factor 6,protein-coding,fibroblast growth factor 6|FGF-6|HST-2|HSTF-2|heparin secretory-transforming protein 2|heparin-binding growth factor 6
11240,1,"27818200,",PADI2,PAD-H19|PAD2|PDI2,MIM:607935|HGNC:HGNC:18341|Ensembl:ENSG00000117115|Vega:OTTHUMG00000002295,1,1p36.13,peptidyl arginine deiminase 2,protein-coding,"protein-arginine deiminase type-2|peptidyl arginine deiminase, type II|protein-arginine deiminase type II"
3579,1,"22231733,",CXCR2,CD182|CDw128b|CMKAR2|IL8R2|IL8RA|IL8RB,MIM:146928|HGNC:HGNC:6027|Ensembl:ENSG00000180871|Vega:OTTHUMG00000133107,2,2q35,C-X-C motif chemokine receptor 2,protein-coding,"C-X-C chemokine receptor type 2|CXC-R2|CXCR-2|CXCR2 gene for IL8 receptor type B|GRO/MGSA receptor|IL-8 receptor type 2|IL-8R B|chemokine (CXC) receptor 2|high affinity interleukin-8 receptor B|interleukin 8 receptor type 2|interleukin 8 receptor, beta|interleukin-8 receptor type B"
25776,1,"18663750,",CBY1,C22orf2|CBY|HS508I15A|PGEA1|PIGEA-14|PIGEA14|arb1,MIM:607757|HGNC:HGNC:1307|Ensembl:ENSG00000100211|Vega:OTTHUMG00000150990,22,22q13.1,"chibby family member 1, beta catenin antagonist",protein-coding,"protein chibby homolog 1|ARPP-binding protein|PKD2 interactor, Golgi and endoplasmic reticulum-associated 1|chibby CTNNB1-mediated transcription inhibitor|chibby homolog 1|coiled-coil protein PIGEA-14|cytosolic leucine-rich protein|polycystin-2 interactor, Golgi- and endoplasmic reticulum-associated protein, 14 kDa"
467,2,"25872784,26747248,",ATF3,-,MIM:603148|HGNC:HGNC:785|Ensembl:ENSG00000162772|Vega:OTTHUMG00000036747,1,1q32.3,activating transcription factor 3,protein-coding,cyclic AMP-dependent transcription factor ATF-3|cAMP-dependent transcription factor ATF-3
57713,1,"30272322,",SFMBT2,-,MIM:615392|HGNC:HGNC:20256|Ensembl:ENSG00000198879|Vega:OTTHUMG00000017630,10,10p14,Scm like with four mbt domains 2,protein-coding,scm-like with four MBT domains protein 2|Scm-related gene containing four mbt domains 2|scm-like with 4 MBT domains protein 2
474,4,"28490517,29168692,27564589,19965762,",ATOH1,ATH1|HATH1|MATH-1|bHLHa14,MIM:601461|HGNC:HGNC:797|Ensembl:ENSG00000172238|Vega:OTTHUMG00000130972,4,4q22.2,atonal bHLH transcription factor 1,protein-coding,protein atonal homolog 1|atonal homolog 1|atonal homolog bHLH transcription factor 1|class A basic helix-loop-helix protein 14|helix-loop-helix protein hATH-1
481,1,"26286140,",ATP1B1,ATP1B,MIM:182330|HGNC:HGNC:804|Ensembl:ENSG00000143153|Vega:OTTHUMG00000034590,1,1q24.2,ATPase Na+/K+ transporting subunit beta 1,protein-coding,"sodium/potassium-transporting ATPase subunit beta-1|ATPase, Na+/K+ transporting, beta 1 polypeptide|Beta 1-subunit of Na(+),K(+)-ATPase|Na, K-ATPase beta-1 polypeptide|adenosinetriphosphatase|sodium pump subunit beta-1|sodium-potassium ATPase subunit beta 1 (non-catalytic)|sodium/potassium-dependent ATPase beta-1 subunit|sodium/potassium-transporting ATPase beta-1 chain"
214,1,"22304788,",ALCAM,CD166|MEMD,MIM:601662|HGNC:HGNC:400|Ensembl:ENSG00000170017|Vega:OTTHUMG00000159192,3,3q13.11,activated leukocyte cell adhesion molecule,protein-coding,CD166 antigen
6622,1,"12783249,",SNCA,NACP|PARK1|PARK4|PD1,MIM:163890|HGNC:HGNC:11138|Ensembl:ENSG00000145335|Vega:OTTHUMG00000130948,4,4q22.1,synuclein alpha,protein-coding,"alpha-synuclein|non A-beta component of AD amyloid|synuclein alpha-140|synuclein, alpha (non A4 component of amyloid precursor)"
2074,1,"21643987,",ERCC6,ARMD5|CKN2|COFS|COFS1|CSB|POF11|RAD26|UVSS1,MIM:609413|HGNC:HGNC:3438|Ensembl:ENSG00000225830|Vega:OTTHUMG00000018195,10,10q11.23,"ERCC excision repair 6, chromatin remodeling factor",protein-coding,"DNA excision repair protein ERCC-6|ERCC6-PGBD3 fusion protein|ATP-dependent helicase ERCC6|Cockayne syndrome group B protein|cockayne syndrome protein CSB|excision repair cross-complementation group 6|excision repair cross-complementing rodent repair deficiency, complementation group 6"
2539,2,"30272333,29845423,",G6PD,G6PD1,MIM:305900|HGNC:HGNC:4057|Ensembl:ENSG00000160211|Vega:OTTHUMG00000024237,X,Xq28,glucose-6-phosphate dehydrogenase,protein-coding,glucose-6-phosphate 1-dehydrogenase
2919,1,"28859336,",CXCL1,FSP|GRO1|GROa|MGSA|MGSA-a|NAP-3|SCYB1,MIM:155730|HGNC:HGNC:4602|Ensembl:ENSG00000163739|Vega:OTTHUMG00000160866,4,4q13.3,C-X-C motif chemokine ligand 1,protein-coding,"growth-regulated alpha protein|C-X-C motif chemokine 1|GRO-alpha(1-73)|GRO1 oncogene (melanoma growth stimulating activity, alpha)|GRO1 oncogene (melanoma growth-stimulating activity)|MGSA alpha|chemokine (C-X-C motif) ligand 1 (melanoma growth stimulating activity, alpha)|fibroblast secretory protein|melanoma growth stimulating activity, alpha|melanoma growth stimulatory activity alpha|neutrophil-activating protein 3"
7187,1,"25468570,",TRAF3,CAP-1|CAP1|CD40bp|CRAF1|IIAE5|LAP1,MIM:601896|HGNC:HGNC:12033|Ensembl:ENSG00000131323|Vega:OTTHUMG00000171902,14,14q32.32,TNF receptor associated factor 3,protein-coding,TNF receptor-associated factor 3|CD40 associated protein 1|CD40 binding protein|CD40 receptor associated factor 1|LMP1-associated protein 1|RING-type E3 ubiquitin transferase TRAF3
7518,3,"23663450,16670198,19064702,",XRCC4,SSMED,MIM:194363|HGNC:HGNC:12831|Ensembl:ENSG00000152422|Vega:OTTHUMG00000131319,5,5q14.2,X-ray repair cross complementing 4,protein-coding,DNA repair protein XRCC4|X-ray repair complementing defective repair in Chinese hamster cells 4
23492,1,"28460453,",CBX7,-,MIM:608457|HGNC:HGNC:1557|Ensembl:ENSG00000100307|Vega:OTTHUMG00000150418,22,22q13.1,chromobox 7,protein-coding,chromobox protein homolog 7
57531,1,"27107267,",HACE1,SPPRS,MIM:610876|HGNC:HGNC:21033|Ensembl:ENSG00000085382|Vega:OTTHUMG00000015287,6,6q16.3,HECT domain and ankyrin repeat containing E3 ubiquitin protein ligase 1,protein-coding,E3 ubiquitin-protein ligase HACE1|HECT-type E3 ubiquitin transferase HACE1
8745,1,"15862898,",ADAM23,MDC-3|MDC3,MIM:603710|HGNC:HGNC:202|Ensembl:ENSG00000114948|Vega:OTTHUMG00000132919,2,2q33.3,ADAM metallopeptidase domain 23,protein-coding,"disintegrin and metalloproteinase domain-containing protein 23|metalloproteinase-like, disintegrin-like, and cysteine-rich protein 3"
5573,2,"12471216,17975024,",PRKAR1A,ACRDYS1|ADOHR|CAR|CNC|CNC1|PKR1|PPNAD1|PRKAR1|TSE1,MIM:188830|HGNC:HGNC:9388|Ensembl:ENSG00000108946|Vega:OTTHUMG00000180128,17,17q24.2,protein kinase cAMP-dependent type I regulatory subunit alpha,protein-coding,"cAMP-dependent protein kinase type I-alpha regulatory subunit|Carney complex type 1|cAMP-dependent protein kinase regulatory subunit RIalpha|cAMP-dependent protein kinase type I-alpha regulatory chain|protein kinase A type 1a regulatory subunit|protein kinase, cAMP-dependent, regulatory subunit type I alpha|protein kinase, cAMP-dependent, regulatory, type I, alpha|tissue-specific extinguisher 1"
768,5,"18173856,25130478,20398423,17200340,21761968,",CA9,CAIX|MN,MIM:603179|HGNC:HGNC:1383|Ensembl:ENSG00000107159|Vega:OTTHUMG00000021029,9,9p13.3,carbonic anhydrase 9,protein-coding,carbonic anhydrase 9|CA-IX|P54/58N|RCC-associated antigen G250|RCC-associated protein G250|carbonate dehydratase IX|carbonic anhydrase IX|carbonic dehydratase|membrane antigen MN|pMW1|renal cell carcinoma-associated antigen G250
673,54,"31495087,26314551,22892521,20569675,19667985,27608415,18716556,22246856,23612919,28667867,25729732,28986151,23442159,20068183,25618114,19016743,24792487,24238153,22568401,25794445,19794125,26927026,25937573,30224756,27792249,18974108,17318013,22038996,26083571,22492957,24433452,19855433,23547069,27984673,26071465,23435618,26597176,22591444,26206478,23965740,25581727,20156809,28879901,29546640,22586120,28500561,24375920,24413733,23096133,18398503,27658714,19543740,15791479,25346165,",BRAF,B-RAF1|B-raf|BRAF1|NS7|RAFB1,MIM:164757|HGNC:HGNC:1097|Ensembl:ENSG00000157764|Vega:OTTHUMG00000157457,7,7q34,"B-Raf proto-oncogene, serine/threonine kinase",protein-coding,serine/threonine-protein kinase B-raf|94 kDa B-raf protein|B-Raf proto-oncogene serine/threonine-protein kinase (p94)|B-Raf serine/threonine-protein|murine sarcoma viral (v-raf) oncogene homolog B1|proto-oncogene B-Raf|v-raf murine sarcoma viral oncogene homolog B|v-raf murine sarcoma viral oncogene homolog B1
1756,2,"30123936,18253029,",DMD,BMD|CMD3B|DXS142|DXS164|DXS206|DXS230|DXS239|DXS268|DXS269|DXS270|DXS272|MRX85,MIM:300377|HGNC:HGNC:2928|Ensembl:ENSG00000198947|Vega:OTTHUMG00000021336,X,Xp21.2-p21.1,dystrophin,protein-coding,dystrophin
10825,1,"28760640,",NEU3,SIAL3,MIM:604617|HGNC:HGNC:7760|Ensembl:ENSG00000162139|Vega:OTTHUMG00000165518,11,11q13.4,neuraminidase 3,protein-coding,sialidase-3|N-acetyl-alpha-neuraminidase 3|ganglioside sialidase|membrane sialidase|sialidase 3 (membrane sialidase)
2059,1,"19116338,",EPS8,DFNB102,MIM:600206|HGNC:HGNC:3420|Ensembl:ENSG00000151491|Vega:OTTHUMG00000168787,12,12p12.3,epidermal growth factor receptor pathway substrate 8,protein-coding,epidermal growth factor receptor kinase substrate 8
10763,10,"25967234,22350668,29654697,24519516,26242334,25178519,16826367,22886682,25527454,28389227,",NES,Nbla00170,MIM:600915|HGNC:HGNC:7756|Ensembl:ENSG00000132688|Vega:OTTHUMG00000034299,1,1q23.1,nestin,protein-coding,nestin
10215,9,"25085214,26287936,27179219,21193945,17690840,18312545,15198128,17917751,21835431,",OLIG2,BHLHB1|OLIGO2|PRKCBP2|RACK17|bHLHe19,MIM:606386|HGNC:HGNC:9398|Ensembl:ENSG00000205927|Vega:OTTHUMG00000065032,21,21q22.11,oligodendrocyte transcription factor 2,protein-coding,"oligodendrocyte transcription factor 2|basic domain, helix-loop-helix protein, class B, 1|class B basic helix-loop-helix protein 1|class E basic helix-loop-helix protein 19|human protein kinase C-binding protein RACK17|oligodendrocyte lineage transcription factor 2|oligodendrocyte-specific bHLH transcription factor 2|protein kinase C-binding protein 2"
5338,1,"24270883,",PLD2,PLD1C,MIM:602384|HGNC:HGNC:9068|Ensembl:ENSG00000129219|Vega:OTTHUMG00000090779,17,17p13.2,phospholipase D2,protein-coding,phospholipase D2|choline phosphatase 2|phosphatidylcholine-hydrolyzing phospholipase D2
4885,1,"24078801,",NPTX2,NARP|NP-II|NP2,MIM:600750|HGNC:HGNC:7953|Ensembl:ENSG00000106236|Vega:OTTHUMG00000154369,7,7q22.1,neuronal pentraxin 2,protein-coding,neuronal pentraxin-2|apexin|neuronal activity-regulated pentaxin|neuronal pentraxin II
5081,2,"23205730,25956343,",PAX7,HUP1|PAX7B|RMS2,MIM:167410|HGNC:HGNC:8621|Ensembl:ENSG00000009709|Vega:OTTHUMG00000002433,1,1p36.13,paired box 7,protein-coding,paired box protein Pax-7|PAX7 transcriptional factor|paired box homeotic gene 7|paired domain gene 7
5934,1,"15696973,",RBL2,P130|Rb2,MIM:180203|HGNC:HGNC:9894|Ensembl:ENSG00000103479|Vega:OTTHUMG00000133198,16,16q12.2,RB transcriptional corepressor like 2,protein-coding,retinoblastoma-like protein 2|130 kDa retinoblastoma-associated protein|PRB2|RBR-2|retinoblastoma-like 2|retinoblastoma-related protein 2
4176,3,"20661220,26504025,27868157,",MCM7,CDC47|MCM2|P1.1-MCM3|P1CDC47|P85MCM|PNAS146|PPP1R104,MIM:600592|HGNC:HGNC:6950|Ensembl:ENSG00000166508|Vega:OTTHUMG00000154671,7,7q22.1,minichromosome maintenance complex component 7,protein-coding,"DNA replication licensing factor MCM7|CDC47 homolog|homolog of S. cerevisiae Cdc47|minichromosome maintenance deficient 7|protein phosphatase 1, regulatory subunit 104"
1947,2,"25258252,30006524,",EFNB1,CFND|CFNS|EFB1|EFL3|EPLG2|Elk-L|LERK2,MIM:300035|HGNC:HGNC:3226|Ensembl:ENSG00000090776|Vega:OTTHUMG00000021751,X,Xq13.1,ephrin B1,protein-coding,ephrin-B1|ELK ligand|eph-related receptor tyrosine kinase ligand 2
3105,1,"14693734,",HLA-A,HLAA,MIM:142800|HGNC:HGNC:4931|Ensembl:ENSG00000206503|Vega:OTTHUMG00000130501,6,6p22.1,"major histocompatibility complex, class I, A",protein-coding,"HLA class I histocompatibility antigen, A-1 alpha chain|MHC class I antigen HLA-A heavy chain|leukocyte antigen class I-A"
1996,1,"22965691,",ELAVL4,HUD|PNEM,MIM:168360|HGNC:HGNC:3315|Ensembl:ENSG00000162374|Vega:OTTHUMG00000007877,1,1p33-p32.3,ELAV like RNA binding protein 4,protein-coding,"ELAV-like protein 4|ELAV (embryonic lethal, abnormal vision, Drosophila)-like 4 (Hu antigen D)|ELAV like neuron-specific RNA binding protein 4|Hu antigen D|paraneoplastic encephalomyelitis antigen HuD"
144455,1,"27460513,",E2F7,-,MIM:612046|HGNC:HGNC:23820|Ensembl:ENSG00000165891|Vega:OTTHUMG00000169969,12,12q21.2,E2F transcription factor 7,protein-coding,transcription factor E2F7|E2F-7
8313,1,"17373666,",AXIN2,AXIL|ODCRCS,MIM:604025|HGNC:HGNC:904|Ensembl:ENSG00000168646|Vega:OTTHUMG00000179353,17,17q24.1,axin 2,protein-coding,axin-2|axin-like protein|axis inhibition protein 2|conductin
5781,6,"27041571,28035384,28328117,28035977,23813970,21393858,",PTPN11,BPTP3|CFC|JMML|METCDS|NS1|PTP-1D|PTP2C|SH-PTP2|SH-PTP3|SHP2,MIM:176876|HGNC:HGNC:9644|Ensembl:ENSG00000179295|Vega:OTTHUMG00000134334,12,12q24.13,"protein tyrosine phosphatase, non-receptor type 11",protein-coding,tyrosine-protein phosphatase non-receptor type 11|PTP-2C|protein-tyrosine phosphatase 1D|protein-tyrosine phosphatase 2C
2956,3,"19248684,19584161,25078279,",MSH6,GTBP|GTMBP|HNPCC5|HSAP|p160,MIM:600678|HGNC:HGNC:7329|Ensembl:ENSG00000116062|Vega:OTTHUMG00000129129,2,2p16.3,mutS homolog 6,protein-coding,DNA mismatch repair protein Msh6|G/T mismatch-binding protein|mutS protein homolog 6|mutS-alpha 160 kDa subunit|sperm-associated protein
56034,1,"12176024,",PDGFC,FALLOTEIN|SCDGF,MIM:608452|HGNC:HGNC:8801|Ensembl:ENSG00000145431|Vega:OTTHUMG00000161803,4,4q32.1,platelet derived growth factor C,protein-coding,platelet-derived growth factor C|PDGF-C|VEGF-E|secretory growth factor-like protein|spinal cord-derived growth factor
10445,1,"26849376,",MCRS1,ICP22BP|INO80Q|MCRS2|MSP58|P78,MIM:609504|HGNC:HGNC:6960|Ensembl:ENSG00000187778|Vega:OTTHUMG00000169620,12,12q13.12,microspherule protein 1,protein-coding,microspherule protein 1|58 kDa microspherule protein|INO80 complex subunit J|INO80 complex subunit Q|cell cycle-regulated factor (78 kDa)|cell cycle-regulated factor p78
54914,1,"22427331,",FOCAD,KIAA1797,MIM:614606|HGNC:HGNC:23377|Ensembl:ENSG00000188352|Vega:OTTHUMG00000066930,9,9p21.3,focadhesin,protein-coding,focadhesin
7143,1,"20202125,",TNR,TN-R,MIM:601995|HGNC:HGNC:11953|Ensembl:ENSG00000116147|Vega:OTTHUMG00000034876,1,1q25.1,tenascin R,protein-coding,tenascin-R|janusin|restrictin
328,2,"21429202,11705870,",APEX1,APE|APE1|APEN|APEX|APX|HAP1|REF1,MIM:107748|HGNC:HGNC:587|Ensembl:ENSG00000100823|Vega:OTTHUMG00000029544,14,14q11.2,apurinic/apyrimidinic endodeoxyribonuclease 1,protein-coding,DNA-(apurinic or apyrimidinic site) lyase|AP endonuclease class I|AP lyase|APEX nuclease (multifunctional DNA repair enzyme) 1|apurinic-apyrimidinic endonuclease 1|apurinic/apyrimidinic (abasic) endonuclease|deoxyribonuclease (apurinic or apyrimidinic)|protein REF-1|redox factor-1
23627,1,"20981146,",PRND,DOPPEL|DPL|PrPLP|dJ1068H6.4,MIM:604263|HGNC:HGNC:15748|Ensembl:ENSG00000171864|Vega:OTTHUMG00000031789,20,20p13,prion like protein doppel,protein-coding,"prion-like protein doppel|downstream prion protein-like|prion gene complex, downstream|prion protein 2 (dublet)"
239,1,"20382140,",ALOX12,12-LOX|12S-LOX|LOG12,MIM:152391|HGNC:HGNC:429|Ensembl:ENSG00000108839|Vega:OTTHUMG00000102088,17,17p13.1,"arachidonate 12-lipoxygenase, 12S type",protein-coding,"arachidonate 12-lipoxygenase, 12S-type|12(S)-lipoxygenase|12S-lipoxygenase|lipoxin synthase 12-LO|platelet 12-LOX|platelet-type 12-lipoxygenase|platelet-type lipoxygenase 12"
79727,1,"23846349,",LIN28A,CSDD1|LIN-28|LIN28|ZCCHC1|lin-28A,MIM:611043|HGNC:HGNC:15986|Ensembl:ENSG00000131914|Vega:OTTHUMG00000003550,1,1p36.11,lin-28 homolog A,protein-coding,"protein lin-28 homolog A|RNA-binding protein LIN-28|zinc finger CCHC domain-containing protein 1|zinc finger, CCHC domain containing 1"
2277,1,"17926187,",VEGFD,FIGF|VEGF-D,MIM:300091|HGNC:HGNC:3708|Ensembl:ENSG00000165197|Vega:OTTHUMG00000021175,X,Xp22.2,vascular endothelial growth factor D,protein-coding,vascular endothelial growth factor D|c-fos induced growth factor (vascular endothelial growth factor D)
7525,1,"25940087,",YES1,HsT441|P61-YES|Yes|c-yes,MIM:164880|HGNC:HGNC:12841|Ensembl:ENSG00000176105|Vega:OTTHUMG00000131472,18,18p11.32,"YES proto-oncogene 1, Src family tyrosine kinase",protein-coding,"tyrosine-protein kinase Yes|YES1 proto-oncogene, Src family tyrosine kinase|Yamaguchi sarcoma oncogene|cellular yes-1 protein|proto-oncogene c-Yes|proto-oncogene tyrosine-protein kinase YES|v-yes-1 Yamaguchi sarcoma viral oncogene homolog 1"
23499,1,"27959385,",MACF1,ABP620|ACF7|MACF|OFC4,MIM:608271|HGNC:HGNC:13664|Ensembl:ENSG00000127603|Vega:OTTHUMG00000007754,1,1p34.3,microtubule-actin crosslinking factor 1,protein-coding,microtubule-actin cross-linking factor 1|620 kDa actin binding protein|actin cross-linking family protein 7|macrophin 1 isoform|trabeculin-alpha
4803,1,"19626992,",NGF,Beta-NGF|HSAN5|NGFB,MIM:162030|HGNC:HGNC:7808|Ensembl:ENSG00000134259|Vega:OTTHUMG00000011880,1,1p13.2,nerve growth factor,protein-coding,"beta-nerve growth factor|nerve growth factor (beta polypeptide)|nerve growth factor, beta subunit"
2353,1,"30257388,",FOS,AP-1|C-FOS|p55,MIM:164810|HGNC:HGNC:3796|Ensembl:ENSG00000170345|Vega:OTTHUMG00000171774,14,14q24.3,"Fos proto-oncogene, AP-1 transcription factor subunit",protein-coding,"proto-oncogene c-Fos|FBJ murine osteosarcoma viral (v-fos) oncogene homolog (oncogene FOS)|FBJ murine osteosarcoma viral oncogene homolog|Fos proto-oncogene, AP-1 trancription factor subunit|G0/G1 switch regulatory protein 7|activator protein 1|cellular oncogene c-fos"
1316,4,"25182666,20116377,17143513,12740910,",KLF6,BCD1|CBA1|COPEB|CPBP|GBF|PAC1|ST12|ZF9,MIM:602053|HGNC:HGNC:2235|Ensembl:ENSG00000067082|Vega:OTTHUMG00000017567,10,10p15.2,Kruppel like factor 6,protein-coding,Krueppel-like factor 6|B-cell-derived protein 1|GC-rich binding factor|GC-rich sites-binding factor GBF|Kruppel-like zinc finger protein Zf9|core promoter element-binding protein|proto-oncogene BCD1|protooncogene B-cell derived 1|suppression of tumorigenicity 12 (prostate)|suppressor of tumorigenicity 12 protein|transcription factor Zf9
8772,1,"20889682,",FADD,GIG3|MORT1,MIM:602457|HGNC:HGNC:3573|Ensembl:ENSG00000168040|Vega:OTTHUMG00000167264,11,11q13.3,Fas associated via death domain,protein-coding,FAS-associated death domain protein|Fas (TNFRSF6)-associated via death domain|Fas-associating death domain-containing protein|Fas-associating protein with death domain|growth-inhibiting gene 3 protein|mediator of receptor-induced toxicity
7078,4,"15592495,27314542,19922547,17206475,",TIMP3,HSMRK222|K222|K222TA2|SFD,MIM:188826|HGNC:HGNC:11822|Ensembl:ENSG00000100234|Vega:OTTHUMG00000030784,22,22q12.3,TIMP metallopeptidase inhibitor 3,protein-coding,metalloproteinase inhibitor 3|MIG-5 protein|TIMP-3|protein MIG-5|tissue inhibitor of metalloproteinases 3
3745,1,"28144039,",KCNB1,DRK1|Kv2.1,MIM:600397|HGNC:HGNC:6231|Ensembl:ENSG00000158445|Vega:OTTHUMG00000033051,20,20q13.13,potassium voltage-gated channel subfamily B member 1,protein-coding,"potassium voltage-gated channel subfamily B member 1|delayed rectifier potassium channel 1|potassium voltage-gated channel, Shab-related subfamily, member 1|voltage-gated potassium channel subunit Kv2.1"
7015,44,"26957363,28868656,24951106,16479078,23512291,23530248,30830680,25081751,27230769,26351078,24154961,28040793,24722048,21082235,27571882,29808339,26608520,24174165,26545048,22210010,26095778,12759234,26617880,27465278,24930669,27503138,26597176,25150284,24337442,25314060,19430894,26314843,26741813,26014354,28851427,24261697,24937153,17417773,26556853,26061753,27694758,24174164,28823044,23764841,",TERT,CMM9|DKCA2|DKCB4|EST2|PFBMFT1|TCS1|TP2|TRT|hEST2|hTRT,MIM:187270|HGNC:HGNC:11730|Ensembl:ENSG00000164362|Vega:OTTHUMG00000090357,5,5p15.33,telomerase reverse transcriptase,protein-coding,telomerase reverse transcriptase|telomerase catalytic subunit|telomerase-associated protein 2
2263,2,"24968791,23325524,",FGFR2,BBDS|BEK|BFR-1|CD332|CEK3|CFD1|ECT1|JWS|K-SAM|KGFR|TK14|TK25,MIM:176943|HGNC:HGNC:3689|Ensembl:ENSG00000066468|Vega:OTTHUMG00000019175,10,10q26.13,fibroblast growth factor receptor 2,protein-coding,"fibroblast growth factor receptor 2|BEK fibroblast growth factor receptor|bacteria-expressed kinase|keratinocyte growth factor receptor|protein tyrosine kinase, receptor like 14"
10023,3,"20096670,25922553,20041315,",FRAT1,-,MIM:602503|HGNC:HGNC:3944|Ensembl:ENSG00000165879|Vega:OTTHUMG00000018848,10,10q24.1,"FRAT1, WNT signaling pathway regulator",protein-coding,proto-oncogene FRAT1|FRAT-1|frequently rearranged in advanced T-cell lymphomas 1
5243,8,"24896362,15015771,25928919,18568776,28137267,19567673,12125964,20815915,",ABCB1,ABC20|CD243|CLCS|GP170|MDR1|P-GP|PGY1,MIM:171050|HGNC:HGNC:40|Ensembl:ENSG00000085563|Vega:OTTHUMG00000023393,7,7q21.12,ATP binding cassette subfamily B member 1,protein-coding,"multidrug resistance protein 1|ATP-binding cassette, sub-family B (MDR/TAP), member 1|P glycoprotein|P-glycoprotein 1|colchicin sensitivity|doxorubicin resistance"
472,7,"23620409,25159481,26400962,21156285,25676421,29369420,16087685,",ATM,AT1|ATA|ATC|ATD|ATDC|ATE|TEL1|TELO1,MIM:607585|HGNC:HGNC:795|Ensembl:ENSG00000149311|Vega:OTTHUMG00000166480,11,11q22.3,ATM serine/threonine kinase,protein-coding,"serine-protein kinase ATM|A-T mutated|AT mutated|TEL1, telomere maintenance 1, homolog|ataxia telangiectasia mutated"
25865,1,"25218347,",PRKD2,HSPC187|PKD2|nPKC-D2,MIM:607074|HGNC:HGNC:17293|Ensembl:ENSG00000105287|Vega:OTTHUMG00000183431,19,19q13.32,protein kinase D2,protein-coding,serine/threonine-protein kinase D2
3394,2,"18580679,16780917,",IRF8,H-ICSBP|ICSBP|ICSBP1|IMD32A|IMD32B|IRF-8,MIM:601565|HGNC:HGNC:5358|Ensembl:ENSG00000140968|Vega:OTTHUMG00000137648,16,16q24.1,interferon regulatory factor 8,protein-coding,interferon regulatory factor 8|interferon consensus sequence binding protein 1
317,2,"27863378,18093951,",APAF1,APAF-1|CED4,MIM:602233|HGNC:HGNC:576|Ensembl:ENSG00000120868|Vega:OTTHUMG00000170214,12,12q23.1,apoptotic peptidase activating factor 1,protein-coding,apoptotic protease-activating factor 1
608,1,"29641319,",TNFRSF17,BCM|BCMA|CD269|TNFRSF13A,MIM:109545|HGNC:HGNC:11913|Ensembl:ENSG00000048462|Vega:OTTHUMG00000129826,16,16p13.13,TNF receptor superfamily member 17,protein-coding,tumor necrosis factor receptor superfamily member 17|B cell maturation antigen|B-cell maturation factor|B-cell maturation protein
9700,1,"21799785,",ESPL1,ESP1|SEPA,MIM:604143|HGNC:HGNC:16856|Ensembl:ENSG00000135476|Vega:OTTHUMG00000169674,12,12q13.13,"extra spindle pole bodies like 1, separase",protein-coding,"separin|caspase-like protein ESPL1|extra spindle pole bodies 1, separase|extra spindle pole bodies homolog 1|extra spindle poles like 1|extra spindle poles-like 1 protein|separin, cysteine protease"
9833,4,"17960622,25017123,17722061,21558073,",MELK,HPK38,MIM:607025|HGNC:HGNC:16870|Ensembl:ENSG00000165304|Vega:OTTHUMG00000019906,9,9p13.2,maternal embryonic leucine zipper kinase,protein-coding,maternal embryonic leucine zipper kinase|pEg3 kinase|protein kinase Eg3|protein kinase PK38|tyrosine-protein kinase MELK
1234,1,"29456131,",CCR5,CC-CKR-5|CCCKR5|CCR-5|CD195|CKR-5|CKR5|CMKBR5|IDDM22,MIM:601373|HGNC:HGNC:1606|Ensembl:ENSG00000160791|Vega:OTTHUMG00000133481,3,3p21.31,C-C motif chemokine receptor 5 (gene/pseudogene),protein-coding,C-C chemokine receptor type 5|C-C motif chemokine receptor 5 A159A|HIV-1 fusion coreceptor|chemokine (C-C motif) receptor 5|chemokine receptor CCR5|chemokine recptor CCR5 Delta32|chemr13
1649,1,"21471847,",DDIT3,C/EBPzeta|CEBPZ|CHOP|CHOP-10|CHOP10|GADD153,MIM:126337|HGNC:HGNC:2726|Ensembl:ENSG00000175197|Vega:OTTHUMG00000170046,12,12q13.3,DNA damage inducible transcript 3,protein-coding,DNA damage-inducible transcript 3 protein|C/EBP zeta|CCAAT/enhancer-binding protein homologous protein|c/EBP-homologous protein 10|growth arrest and DNA damage-inducible protein GADD153
83943,1,"27356265,",IMMP2L,IMMP2L-IT1|IMP2|IMP2-LIKE,MIM:605977|HGNC:HGNC:14598|Ensembl:ENSG00000184903|Vega:OTTHUMG00000155023,7,7q31.1,inner mitochondrial membrane peptidase subunit 2,protein-coding,mitochondrial inner membrane protease subunit 2|IMP2 inner mitochondrial membrane peptidase-like|IMP2 inner mitochondrial membrane protease-like|inner mitochondrial membrane peptidase 2 like
79944,1,"18671189,",L2HGDH,C14orf160|L2HGA,MIM:609584|HGNC:HGNC:20499|Ensembl:ENSG00000087299|Vega:OTTHUMG00000140289,14,14q21.3,L-2-hydroxyglutarate dehydrogenase,protein-coding,"L-2-hydroxyglutarate dehydrogenase, mitochondrial|2-hydroxyglutarate dehydrogenase|L-alpha-hydroxyglutarate dehydrogenase|alpha-hydroxyglutarate oxidoreductase|alpha-ketoglutarate reductase|duranin"
8663,1,"25823503,",EIF3C,EIF3CL|EIF3S8|eIF3-p110,MIM:603916|HGNC:HGNC:3279|Ensembl:ENSG00000184110|Vega:OTTHUMG00000099443,16,16p11.2,eukaryotic translation initiation factor 3 subunit C,protein-coding,"eukaryotic translation initiation factor 3 subunit C|cell migration-inducing protein 17|eIF3 p110|eukaryotic translation initiation factor 3 subunit 8|eukaryotic translation initiation factor 3, subunit 8 (110kD)|eukaryotic translation initiation factor 3, subunit 8, 110kDa"
55904,1,"26626085,",KMT2E,HDCMC04P|MLL5|NKp44L,MIM:608444|HGNC:HGNC:18541|Ensembl:ENSG00000005483|Vega:OTTHUMG00000157403,7,7q22.3,lysine methyltransferase 2E,protein-coding,"histone-lysine N-methyltransferase 2E|histone-lysine N-methyltransferase MLL5|lysine (K)-specific methyltransferase 2E|myeloid/lymphoid or mixed-lineage leukemia 5 (trithorax homolog, Drosophila)|myeloid/lymphoid or mixed-lineage leukemia protein 5"
546,10,"27650176,22869205,29535300,26918938,29404769,27788029,25608029,26741321,22886134,23765250,",ATRX,JMS|MRX52|RAD54|RAD54L|XH2|XNP|ZNF-HX,MIM:300032|MIM:300504|HGNC:HGNC:886|Ensembl:ENSG00000085224|Vega:OTTHUMG00000022686,X,Xq21.1,"ATRX, chromatin remodeler",protein-coding,"transcriptional regulator ATRX|ATP-dependent helicase ATRX|X-linked helicase II|X-linked nuclear protein|alpha thalassemia/mental retardation syndrome X-linked (RAD54 homolog, S. cerevisiae)"
92140,5,"25197376,27667169,27923917,25182604,27956703,",MTDH,3D3|AEG-1|AEG1|LYRIC|LYRIC/3D3,MIM:610323|HGNC:HGNC:29608|Ensembl:ENSG00000147649|Vega:OTTHUMG00000164692,8,8q22.1,metadherin,protein-coding,protein LYRIC|3D3/LYRIC|astrocyte elevated gene 1|astrocyte elevated gene-1 protein|lysine-rich CEACAM1 co-isolated protein|metastasis adhesion protein
83483,1,"16278383,",PLVAP,FELS|PV-1|PV1|gp68,MIM:607647|HGNC:HGNC:13635|Ensembl:ENSG00000130300|Vega:OTTHUMG00000182784,19,19p13.11,plasmalemma vesicle associated protein,protein-coding,plasmalemma vesicle-associated protein|fenestrated endothelial-linked structure protein|fenestrated-endothelial linked structure protein; PV-1 protein|plasmalemma vesicle protein 1
11156,1,"18021371,",PTP4A3,PRL-3|PRL-R|PRL3,MIM:606449|HGNC:HGNC:9636|Ensembl:ENSG00000184489|Vega:OTTHUMG00000164490,8,8q24.3,"protein tyrosine phosphatase type IVA, member 3",protein-coding,protein tyrosine phosphatase type IVA 3|potentially prenylated protein tyrosine phosphatase|protein-tyrosine phosphatase 4a3|protein-tyrosine phosphatase of regenerating liver 3
1474,1,"18607344,",CST6,-,MIM:601891|HGNC:HGNC:2478|Ensembl:ENSG00000175315|Vega:OTTHUMG00000166750,11,11q13.1,cystatin E/M,protein-coding,cystatin-M|cystatin 6|cystatin M/E|cystatin-E|cysteine proteinase inhibitor
2535,1,"21850537,",FZD2,Fz2|fz-2|fzE2|hFz2,MIM:600667|HGNC:HGNC:4040|Ensembl:ENSG00000180340|Vega:OTTHUMG00000181819,17,17q21.31,frizzled class receptor 2,protein-coding,"frizzled-2|frizzled 2, seven transmembrane spanning receptor|frizzled family receptor 2|frizzled homolog 2"
2152,1,"25450387,",F3,CD142|TF|TFA,MIM:134390|HGNC:HGNC:3541|Ensembl:ENSG00000117525|Vega:OTTHUMG00000010716,1,1p21.3,"coagulation factor III, tissue factor",protein-coding,"tissue factor|coagulation factor III (thromboplastin, tissue factor)"
998,2,"18974134,27486972,",CDC42,CDC42Hs|G25K|TKS,MIM:116952|HGNC:HGNC:1736|Ensembl:ENSG00000070831|Vega:OTTHUMG00000002753,1,1p36.12,cell division cycle 42,protein-coding,"cell division control protein 42 homolog|G25K GTP-binding protein|GTP binding protein, 25kDa|dJ224A6.1.1 (cell division cycle 42 (GTP-binding protein, 25kD))|dJ224A6.1.2 (cell division cycle 42 (GTP-binding protein, 25kD))|growth-regulating protein|small GTP binding protein CDC42"
3119,1,"19487887,",HLA-DQB1,CELIAC1|HLA-DQB|IDDM1,MIM:604305|HGNC:HGNC:4944|Ensembl:ENSG00000179344|Vega:OTTHUMG00000031124,6,6p21.32,"major histocompatibility complex, class II, DQ beta 1",protein-coding,"HLA class II histocompatibility antigen, DQ beta 1 chain|MHC class II DQ beta chain|MHC class II HLA-DQ beta glycoprotein|MHC class II antigen DQB1|MHC class II antigen HLA-DQ-beta-1"
1789,4,"26892683,27543768,24316981,20398054,",DNMT3B,ICF|ICF1|M.HsaIIIB,MIM:602900|HGNC:HGNC:2979|Ensembl:ENSG00000088305|Vega:OTTHUMG00000032226,20,20q11.21,DNA methyltransferase 3 beta,protein-coding,DNA (cytosine-5)-methyltransferase 3B|DNA (cytosine-5-)-methyltransferase 3 beta|DNA MTase HsaIIIB|DNA cytosine-5--methyltransferase 3 beta|DNA methyltransferase HsaIIIB
6935,6,"29294030,27041571,28945795,24390222,27568035,25521330,",ZEB1,AREB6|BZP|DELTAEF1|FECD6|NIL2A|PPCD3|TCF8|ZFHEP|ZFHX1A,MIM:189909|HGNC:HGNC:11642|Ensembl:ENSG00000148516|Vega:OTTHUMG00000017907,10,10p11.22,zinc finger E-box binding homeobox 1,protein-coding,zinc finger E-box-binding homeobox 1|delta-crystallin enhancer binding factor 1|negative regulator of IL2|posterior polymorphous corneal dystrophy 3|transcription factor 8 (represses interleukin 2 expression)|zinc finger homeodomain enhancer-binding protein
9070,1,"25996283,",ASH2L,ASH2|ASH2L1|ASH2L2|Bre2,MIM:604782|HGNC:HGNC:744|Ensembl:ENSG00000129691|Vega:OTTHUMG00000164016,8,8p11.23,ASH2 like histone lysine methyltransferase complex subunit,protein-coding,"set1/Ash2 histone methyltransferase complex subunit ASH2|ASH2-like protein|ash2 (absent, small, or homeotic)-like"
158763,2,"27713425,25024229,",ARHGAP36,-,MIM:300937|HGNC:HGNC:26388|Ensembl:ENSG00000147256|Vega:OTTHUMG00000022402,X,Xq26.1,Rho GTPase activating protein 36,protein-coding,rho GTPase-activating protein 36
2017,1,"25385572,",CTTN,EMS1,MIM:164765|HGNC:HGNC:3338|Ensembl:ENSG00000085733|Vega:OTTHUMG00000134307,11,11q13.3,cortactin,protein-coding,src substrate cortactin|1110020L01Rik|amplaxin|ems1 sequence (mammary tumor and squamous cell carcinoma-associated (p80/85 src substrate)|oncogene EMS1
4322,2,"22327326,20878060,",MMP13,CLG3|MANDP1|MDST|MMP-13,MIM:600108|HGNC:HGNC:7159|Ensembl:ENSG00000137745|Vega:OTTHUMG00000165850,11,11q22.2,matrix metallopeptidase 13,protein-coding,collagenase 3|matrix metalloproteinase 13 (collagenase 3)
5241,2,"18980792,25802405,",PGR,NR3C3|PR,MIM:607311|HGNC:HGNC:8910|Ensembl:ENSG00000082175|Vega:OTTHUMG00000167531,11,11q22.1,progesterone receptor,protein-coding,progesterone receptor|nuclear receptor subfamily 3 group C member 3
3556,1,"29238884,",IL1RAP,C3orf13|IL-1RAcP|IL1R3,MIM:602626|HGNC:HGNC:5995|Ensembl:ENSG00000196083|Vega:OTTHUMG00000156211,3,3q28,interleukin 1 receptor accessory protein,protein-coding,interleukin-1 receptor accessory protein|IL-1 receptor accessory protein|IL-1R3|interleukin-1 receptor 3|interleukin-1 receptor accessory protein beta
5159,1,"27764516,",PDGFRB,CD140B|IBGC4|IMF1|JTK12|KOGS|PDGFR|PDGFR-1|PDGFR1|PENTT,MIM:173410|HGNC:HGNC:8804|Ensembl:ENSG00000113721|Vega:OTTHUMG00000130053,5,5q32,platelet derived growth factor receptor beta,protein-coding,"platelet-derived growth factor receptor beta|Activated tyrosine kinase PDGFRB|CD140 antigen-like family member B|NDEL1-PDGFRB|PDGF-R-beta|PDGFR-beta|beta-type platelet-derived growth factor receptor|platelet-derived growth factor receptor 1|platelet-derived growth factor receptor, beta polypeptide"
5008,1,"15809742,",OSM,-,MIM:165095|HGNC:HGNC:8506|Ensembl:ENSG00000099985|Vega:OTTHUMG00000150913,22,22q12.2,oncostatin M,protein-coding,oncostatin-M
1545,2,"17575219,26510398,",CYP1B1,ASGD6|CP1B|CYPIB1|GLC3A|P4501B1,MIM:601771|HGNC:HGNC:2597|Ensembl:ENSG00000138061|Vega:OTTHUMG00000100970,2,2p22.2,cytochrome P450 family 1 subfamily B member 1,protein-coding,"cytochrome P450 1B1|aryl hydrocarbon hydroxylase|cytochrome P450, family 1, subfamily B, polypeptide 1|cytochrome P450, subfamily I (dioxin-inducible), polypeptide 1 (glaucoma 3, primary infantile)|flavoprotein-linked monooxygenase|microsomal monooxygenase|xenobiotic monooxygenase"
7428,9,"28036268,23902947,19808854,11990703,24149047,28099933,16142346,20205103,26592496,",VHL,HRCA1|RCA1|VHL1|pVHL,MIM:608537|HGNC:HGNC:12687|Ensembl:ENSG00000134086|Vega:OTTHUMG00000128668,3,3p25.3,von Hippel-Lindau tumor suppressor,protein-coding,"von Hippel-Lindau disease tumor suppressor|elongin binding protein|protein G7|von Hippel-Lindau tumor suppressor, E3 ubiquitin protein ligase"
10413,6,"25750037,19952108,28759011,21874045,22618028,28796324,",YAP1,COB1|YAP|YAP2|YAP65|YKI,MIM:606608|HGNC:HGNC:16262|Ensembl:ENSG00000137693|Vega:OTTHUMG00000167322,11,11q22.1,Yes associated protein 1,protein-coding,transcriptional coactivator YAP1|65 kDa Yes-associated protein|protein yorkie homolog|yes-associated protein 1|yes-associated protein 2|yes-associated protein YAP65 homolog|yorkie homolog
83593,1,"21194982,",RASSF5,Maxp1|NORE1|NORE1A|NORE1B|RAPL|RASSF3,MIM:607020|HGNC:HGNC:17609|Ensembl:ENSG00000266094|Vega:OTTHUMG00000184616,1,1q32.1,Ras association domain family member 5,protein-coding,ras association domain-containing protein 5|Rap1-binding protein|Ras association (RalGDS/AF-6) domain family 5|Ras association (RalGDS/AF-6) domain family member 5|Ras effector-like protein|new ras effector 1|novel Ras effector 1|regulator for cell adhesion and polarization enriched in lymphoid tissue|tumor suppressor RASSF3
3077,1,"25491948,",HFE,HFE1|HH|HLA-H|MVCD7|TFQTL2,MIM:613609|HGNC:HGNC:4886|Ensembl:ENSG00000010704|Vega:OTTHUMG00000016348,6,6p22.2,hemochromatosis,protein-coding,hereditary hemochromatosis protein|MHC class I-like protein HFE|hereditary hemochromatosis protein HLA-H|high Fe
5368,1,"22706982,",PNOC,N/OFQ|NOP|OFQ|PPNOC|ppN/OFQ,MIM:601459|HGNC:HGNC:9163|Ensembl:ENSG00000168081|Vega:OTTHUMG00000102125,8,8p21.1,prepronociceptin,protein-coding,prepronociceptin|nociceptin|nocistatin|orphanin FQ|pre-pro-N/OFQ|pronociceptin
51668,1,"18154656,",HSPB11,C1orf41|HSPCO34|IFT25|PP25,HGNC:HGNC:25019|Ensembl:ENSG00000081870|Vega:OTTHUMG00000008408,1,1p32.3,heat shock protein family B (small) member 11,protein-coding,"intraflagellar transport protein 25 homolog|heat shock protein beta-11|heat shock protein family B (small), member 11|intraflagellar transport 25 homolog|placental protein 25"
51176,4,"17585052,12707037,21685909,24858819,",LEF1,LEF-1|TCF10|TCF1ALPHA|TCF7L3,MIM:153245|HGNC:HGNC:6551|Ensembl:ENSG00000138795|Vega:OTTHUMG00000131809,4,4q25,lymphoid enhancer binding factor 1,protein-coding,lymphoid enhancer-binding factor 1|T cell-specific transcription factor 1-alpha|TCF1-alpha
10855,2,"22009724,16826429,",HPSE,HPA|HPA1|HPR1|HPSE1|HSE1,MIM:604724|HGNC:HGNC:5164|Ensembl:ENSG00000173083|Vega:OTTHUMG00000130425,4,4q21.23,heparanase,protein-coding,heparanase|endo-glucoronidase|heparanase-1
4314,2,"21853476,27438616,",MMP3,CHDS6|MMP-3|SL-1|STMY|STMY1|STR1,MIM:185250|HGNC:HGNC:7173|Ensembl:ENSG00000149968|Vega:OTTHUMG00000048254,11,11q22.2,matrix metallopeptidase 3,protein-coding,"stromelysin-1|matrix metalloproteinase 3 (stromelysin 1, progelatinase)|proteoglycanase|transin-1"
5757,1,"20430720,",PTMA,TMSA,MIM:188390|HGNC:HGNC:9623|Ensembl:ENSG00000187514|Vega:OTTHUMG00000153810,2,2q37.1,"prothymosin, alpha",protein-coding,prothymosin alpha|gene sequence 28|prothymosin alpha protein
2185,2,"22188814,15967096,",PTK2B,CADTK|CAKB|FADK2|FAK2|PKB|PTK|PYK2|RAFTK,MIM:601212|HGNC:HGNC:9612|Ensembl:ENSG00000120899|Vega:OTTHUMG00000102082,8,8p21.2,protein tyrosine kinase 2 beta,protein-coding,protein-tyrosine kinase 2-beta|CAK-beta|FADK 2|PTK2B protein tyrosine kinase 2 beta|calcium-dependent tyrosine kinase|calcium-regulated non-receptor proline-rich tyrosine kinase|cell adhesion kinase beta|focal adhesion kinase 2|proline-rich tyrosine kinase 2|protein kinase B|related adhesion focal tyrosine kinase
7412,1,"21895545,",VCAM1,CD106|INCAM-100,MIM:192225|HGNC:HGNC:12663|Ensembl:ENSG00000162692|Vega:OTTHUMG00000010982,1,1p21.2,vascular cell adhesion molecule 1,protein-coding,vascular cell adhesion protein 1|CD106 antigen
6794,1,"27498867,",STK11,LKB1|PJS|hLKB1,MIM:602216|HGNC:HGNC:11389|Ensembl:ENSG00000118046|Vega:OTTHUMG00000180118,19,19p13.3,serine/threonine kinase 11,protein-coding,serine/threonine-protein kinase STK11|liver kinase B1|polarization-related protein LKB1|renal carcinoma antigen NY-REN-19|serine/threonine-protein kinase 11|serine/threonine-protein kinase LKB1
8484,1,"22889491,",GALR3,-,MIM:603692|HGNC:HGNC:4134|Ensembl:ENSG00000128310|Vega:OTTHUMG00000150658,22,22q13.1,galanin receptor 3,protein-coding,"galanin receptor type 3|GAL3-R|GALR-3|galanin receptor, family member 3"
11200,4,"21156285,22355270,21945852,12393693,",CHEK2,CDS1|CHK2|HuCds1|LFS2|PP1425|RAD53|hCds1,MIM:604373|HGNC:HGNC:16627|Ensembl:ENSG00000183765|Vega:OTTHUMG00000151023,22,22q12.1,checkpoint kinase 2,protein-coding,serine/threonine-protein kinase Chk2|CHK2 checkpoint homolog|cds1 homolog|checkpoint-like protein CHK2
10418,1,"24158112,",SPON1,VSGP/F-spondin|f-spondin,MIM:604989|HGNC:HGNC:11252|Ensembl:ENSG00000262655|Vega:OTTHUMG00000181576,11,11p15.2,spondin 1,protein-coding,"spondin-1|spondin 1, (f-spondin) extracellular matrix protein|spondin 1, extracellular matrix protein|vascular smooth muscle cell growth-promoting factor"
3918,1,"15743799,",LAMC2,B2T|BM600|CSF|EBR2|EBR2A|LAMB2T|LAMNB2,MIM:150292|HGNC:HGNC:6493|Ensembl:ENSG00000058085|Vega:OTTHUMG00000035520,1,1q25.3,laminin subunit gamma 2,protein-coding,"laminin subunit gamma-2|BM600-100kDa|CSF 140 kDa subunit|cell-scattering factor 140 kDa subunit|epiligrin subunit gamma|kalinin subunit gamma|ladsin 140 kDa subunit|laminin B2t chain|laminin, gamma 2|large adhesive scatter factor 140 kDa subunit|nicein subunit gamma"
284,2,"18991494,16354591,",ANGPT1,AGP1|AGPT|ANG1,MIM:601667|HGNC:HGNC:484|Ensembl:ENSG00000154188|Vega:OTTHUMG00000164812,8,8q23.1,angiopoietin 1,protein-coding,angiopoietin-1|ANG-1
4267,4,"18552083,21267687,24797829,30845661,",CD99,HBA71|MIC2|MIC2X|MIC2Y|MSK5X,MIM:313470|MIM:450000|HGNC:HGNC:7082|Ensembl:ENSG00000002586|Vega:OTTHUMG00000021073,X|Y,Xp22.33 and Yp11.2,CD99 molecule (Xg blood group),protein-coding,"CD99 antigen|E2 antigen|MIC2 (monoclonal antibody 12E7)|T-cell surface glycoprotein E2|antigen identified by monoclonal 12E7, Y homolog|antigen identified by monoclonal antibodies 12E7, F21 and O13|cell surface antigen 12E7|cell surface antigen HBA-71|cell surface antigen O13|surface antigen MIC2"
3927,1,"20924110,",LASP1,Lasp-1|MLN50,MIM:602920|HGNC:HGNC:6513|Ensembl:ENSG00000002834|Vega:OTTHUMG00000133182,17,17q12,LIM and SH3 protein 1,protein-coding,LIM and SH3 domain protein 1|metastatic lymph node gene 50 protein
5270,1,"25901736,",SERPINE2,GDN|GDNPF|PI-7|PI7|PN-1|PN1|PNI,MIM:177010|HGNC:HGNC:8951|Ensembl:ENSG00000135919|Vega:OTTHUMG00000133163,2,2q36.1,serpin family E member 2,protein-coding,"glia-derived nexin|glial-derived neurite promoting factor|peptidase inhibitor 7|protease nexin I|serpin E2|serpin peptidase inhibitor, clade E (nexin, plasminogen activator inhibitor type 1), member 2"
771,2,"20398423,18322268,",CA12,CA-XII|CAXII|HsT18816|T18816,MIM:603263|HGNC:HGNC:1371|Ensembl:ENSG00000074410|Vega:OTTHUMG00000132881,15,15q22.2,carbonic anhydrase 12,protein-coding,carbonic anhydrase 12|carbonate dehydratase XII|carbonic anhydrase XII|carbonic dehydratase|tumor antigen HOM-RCC-3.1.3
9429,4,"26199091,27052877,19885582,19713741,",ABCG2,ABC15|ABCP|BCRP|BCRP1|BMDP|CD338|CDw338|EST157481|GOUT1|MRX|MXR|MXR-1|MXR1|UAQTL1,MIM:603756|HGNC:HGNC:74|Ensembl:ENSG00000118777|Vega:OTTHUMG00000130601,4,4q22.1,ATP binding cassette subfamily G member 2 (Junior blood group),protein-coding,"ATP-binding cassette sub-family G member 2|ABC transporter|ATP-binding cassette transporter G2|ATP-binding cassette, sub-family G (WHITE), member 2 (Junior blood group)|breast cancer resistance protein|mitoxantrone resistance-associated protein|multi drug resistance efflux transport ATP-binding cassette sub-family G (WHITE) member 2|placenta specific MDR protein|placenta-specific ATP-binding cassette transporter|urate exporter"
3187,1,"21915099,",HNRNPH1,HNRPH|HNRPH1|hnRNPH,MIM:601035|HGNC:HGNC:5041|Ensembl:ENSG00000169045|Vega:OTTHUMG00000130908,5,5q35.3,heterogeneous nuclear ribonucleoprotein H1,protein-coding,heterogeneous nuclear ribonucleoprotein H|heterogeneous nuclear ribonucleoprotein H1 (H)
2688,1,"12590639,",GH1,GH|GH-N|GHB5|GHN|IGHD1B|hGH-N,MIM:139250|HGNC:HGNC:4261|Ensembl:ENSG00000259384|Vega:OTTHUMG00000172293,17,17q23.3,growth hormone 1,protein-coding,somatotropin|growth hormone B5|pituitary growth hormone
10135,1,"21492230,",NAMPT,1110035O14Rik|PBEF|PBEF1|VF|VISFATIN,MIM:608764|HGNC:HGNC:30092|Ensembl:ENSG00000105835|Vega:OTTHUMG00000140388,7,7q22.3,nicotinamide phosphoribosyltransferase,protein-coding,nicotinamide phosphoribosyltransferase|NAmPRTase|pre-B cell-enhancing factor|pre-B-cell colony-enhancing factor 1
6696,9,"23204518,19048398,23793814,16651633,25277531,22882568,26381542,25266800,20428925,",SPP1,BNSP|BSPI|ETA-1|OPN,MIM:166490|HGNC:HGNC:11255|Ensembl:ENSG00000118785|Vega:OTTHUMG00000130599,4,4q22.1,secreted phosphoprotein 1,protein-coding,"osteopontin|SPP1/CALPHA1 fusion|early T-lymphocyte activation 1|nephropontin|osteopontin/immunoglobulin alpha 1 heavy chain constant region fusion protein|secreted phosphoprotein 1 (osteopontin, bone sialoprotein I, early T-lymphocyte activation 1)|secreted phosphoprotein 1 variant 6|urinary stone protein|uropontin"
1291,1,"18551403,",COL6A1,BTHLM1|OPLL|UCHMD1,MIM:120220|HGNC:HGNC:2211|Ensembl:ENSG00000142156|Vega:OTTHUMG00000090440,21,21q22.3,collagen type VI alpha 1 chain,protein-coding,"collagen alpha-1(VI) chain|alpha 1 (VI) chain (61 AA)|collagen VI, alpha-1 polypeptide|collagen, type VI, alpha 1"
5584,1,"20945390,",PRKCI,DXS1179E|PKCI|nPKC-iota,MIM:600539|HGNC:HGNC:9404|Ensembl:ENSG00000163558|Vega:OTTHUMG00000150214,3,3q26.2,protein kinase C iota,protein-coding,protein kinase C iota type|PRKC-lambda/iota|aPKC-lambda/iota|atypical protein kinase C-lambda/iota
6759,1,"21347689,",SSX4,CT5.4,MIM:300326|HGNC:HGNC:11338|Ensembl:ENSG00000268009|Vega:OTTHUMG00000022698,X,Xp11.23,SSX family member 4,protein-coding,"protein SSX4|cancer/testis antigen 5.4|synovial sarcoma, X breakpoint 4"
3107,1,"19487887,",HLA-C,D6S204|HLA-JY3|HLAC|HLC-C|MHC|PSORS1,MIM:142840|HGNC:HGNC:4933|Ensembl:ENSG00000204525|Vega:OTTHUMG00000031154,6,6p21.33,"major histocompatibility complex, class I, C",protein-coding,"HLA class I histocompatibility antigen, Cw-1 alpha chain|HLA class I histocompatibility antigen, C alpha chain|HLA-C alpha chain|HLA-C antigen|MHC class I antigen heavy chain HLA-C|human leukocyte antigen-C alpha chain|major histocompatibility antigen HLA-C"
1052,1,"19806320,",CEBPD,C/EBP-delta|CELF|CRP3|NF-IL6-beta,MIM:116898|HGNC:HGNC:1835|Ensembl:ENSG00000221869|Vega:OTTHUMG00000162290,8,8q11.21,CCAAT/enhancer binding protein delta,protein-coding,"CCAAT/enhancer-binding protein delta|CCAAT/enhancer binding protein (C/EBP), delta|c/EBP delta|nuclear factor NF-IL6-beta"
124540,1,"23667531,",MSI2,MSI2H,MIM:607897|HGNC:HGNC:18585|Ensembl:ENSG00000153944|Vega:OTTHUMG00000178398,17,17q22,musashi RNA binding protein 2,protein-coding,RNA-binding protein Musashi homolog 2|musashi homolog 2|musashi-2
7471,3,"12209999,20809334,20334650,",WNT1,BMND16|INT1|OI15,MIM:164820|HGNC:HGNC:12774|Ensembl:ENSG00000125084|Vega:OTTHUMG00000170403,12,12q13.12,Wnt family member 1,protein-coding,"proto-oncogene Wnt-1|proto-oncogene Int-1 homolog|wingless-type MMTV integration site family member 1|wingless-type MMTV integration site family, member 1 (oncogene INT1)"
57575,1,"21597995,",PCDH10,OL-PCDH|PCDH19,MIM:608286|HGNC:HGNC:13404|Ensembl:ENSG00000138650|Vega:OTTHUMG00000161301,4,4q28.3,protocadherin 10,protein-coding,protocadherin-10
1813,8,"19318729,12943989,18367633,15126577,28152577,27519461,28120505,21335363,",DRD2,D2DR|D2R,MIM:126450|HGNC:HGNC:3023|Ensembl:ENSG00000149295|Vega:OTTHUMG00000167717,11,11q23.2,dopamine receptor D2,protein-coding,D(2) dopamine receptor|dopamine D2 receptor|dopamine receptor D2 isoform|seven transmembrane helix receptor
1493,3,"26819049,24892807,21165767,",CTLA4,ALPS5|CD|CD152|CELIAC3|CTLA-4|GRD4|GSE|IDDM12,MIM:123890|HGNC:HGNC:2505|Ensembl:ENSG00000163599|Vega:OTTHUMG00000132877,2,2q33.2,cytotoxic T-lymphocyte associated protein 4,protein-coding,cytotoxic T-lymphocyte protein 4|CD152 isoform|celiac disease 3|cytotoxic T lymphocyte associated antigen 4 short spliced form|cytotoxic T-lymphocyte-associated serine esterase-4|insulin-dependent diabetes mellitus 12|ligand and transmembrane spliced cytotoxic T lymphocyte associated antigen 4
974,2,"25347427,23361872,",CD79B,AGM6|B29|IGB,MIM:147245|HGNC:HGNC:1699|Ensembl:ENSG00000007312|Vega:OTTHUMG00000172294,17,17q23.3,CD79b molecule,protein-coding,"B-cell antigen receptor complex-associated protein beta chain|B-cell-specific glycoprotein B29|CD79b antigen (immunoglobulin-associated beta)|CD79b molecule, immunoglobulin-associated beta|Ig-beta|immunoglobulin-associated B29 protein"
8572,1,"24039914,",PDLIM4,RIL,MIM:603422|HGNC:HGNC:16501|Ensembl:ENSG00000131435|Vega:OTTHUMG00000059645,5,5q31.1,PDZ and LIM domain 4,protein-coding,PDZ and LIM domain protein 4|LIM domain protein|LIM protein RIL|enigma homolog|reversion-induced LIM protein
3981,2,"23663450,19174520,",LIG4,LIG4S,MIM:601837|HGNC:HGNC:6601|Ensembl:ENSG00000174405|Vega:OTTHUMG00000017328,13,13q33.3,DNA ligase 4,protein-coding,"DNA ligase 4|DNA joinase|DNA ligase IV|DNA repair enzyme|ligase IV, DNA, ATP-dependent|polydeoxyribonucleotide synthase [ATP] 4|polynucleotide ligase|sealase"
1271,1,"23061382,",CNTFR,-,MIM:118946|HGNC:HGNC:2170|Ensembl:ENSG00000122756|Vega:OTTHUMG00000019821,9,9p13.3,ciliary neurotrophic factor receptor,protein-coding,ciliary neurotrophic factor receptor subunit alpha|CNTF receptor subunit alpha|CNTFR-alpha
83939,2,"21688289,27802424,",EIF2A,CDA02|EIF-2A|MST089|MSTP004|MSTP089,MIM:609234|HGNC:HGNC:3254|Ensembl:ENSG00000144895|Vega:OTTHUMG00000159775,3,3q25.1,eukaryotic translation initiation factor 2A,protein-coding,"eukaryotic translation initiation factor 2A|65 kDa eukaryotic translation initiation factor 2A|eukaryotic translation initiation factor 2A, 65kDa"
9709,1,"23372434,",HERPUD1,HERP|Mif1|SUP,MIM:608070|HGNC:HGNC:13744|Ensembl:ENSG00000051108|Vega:OTTHUMG00000133276,16,16q13,homocysteine inducible ER protein with ubiquitin like domain 1,protein-coding,"homocysteine-responsive endoplasmic reticulum-resident ubiquitin-like domain member 1 protein|MMS-inducible|homocysteine-inducible endoplasmic reticulum stress-inducible ubiquitin-like domain member 1 protein|homocysteine-inducible, endoplasmic reticulum stress-inducible, ubiquitin-like domain member 1|methyl methanesulfonate (MMF)-inducible fragment protein 1"
10631,1,"25519301,",POSTN,OSF-2|OSF2|PDLPOSTN|PN,MIM:608777|HGNC:HGNC:16953|Ensembl:ENSG00000133110|Vega:OTTHUMG00000016751,13,13q13.3,periostin,protein-coding,"periostin|osteoblast specific factor 2 (fasciclin I-like)|periodontal ligament-specific periostin|periostin, osteoblast specific factor"
374383,2,"29679856,26891663,",NCR3LG1,B7-H6|B7H6|DKFZp686O24166,MIM:613714|HGNC:HGNC:42400|Ensembl:ENSG00000188211|Vega:OTTHUMG00000165913,11,11p15.1,natural killer cell cytotoxicity receptor 3 ligand 1,protein-coding,natural cytotoxicity triggering receptor 3 ligand 1|B7 homolog 6|putative Ig-like domain-containing protein DKFZp686O24166/DKFZp686I21167
23645,2,"29186961,27802424,",PPP1R15A,GADD34,MIM:611048|HGNC:HGNC:14375|Ensembl:ENSG00000087074|Vega:OTTHUMG00000183330,19,19q13.33,protein phosphatase 1 regulatory subunit 15A,protein-coding,"protein phosphatase 1 regulatory subunit 15A|growth arrest and DNA damage-inducible protein GADD34|growth arrest and DNA-damage-inducible 34|myeloid differentiation primary response protein MyD116 homolog|protein phosphatase 1, regulatory (inhibitor) subunit 15A"
2195,2,"22986533,27834469,",FAT1,CDHF7|CDHR8|FAT|ME5|hFat1,MIM:600976|HGNC:HGNC:3595|Ensembl:ENSG00000083857|Vega:OTTHUMG00000160320,4,4q35.2,FAT atypical cadherin 1,protein-coding,protocadherin Fat 1|FAT tumor suppressor 1|cadherin ME5|cadherin family member 7|cadherin-related family member 8|cadherin-related tumor suppressor homolog|protein fat homolog
10437,1,"30587343,",IFI30,GILT|IFI-30|IP-30|IP30,MIM:604664|HGNC:HGNC:5398|Ensembl:ENSG00000216490|Vega:OTTHUMG00000183373,19,19p13.11,"IFI30, lysosomal thiol reductase",protein-coding,"gamma-interferon-inducible lysosomal thiol reductase|gamma-interferon-inducible protein IP-30|interferon gamma-inducible protein 30 preproprotein|interferon, gamma-inducible protein 30|legumaturain"
6566,3,"19427019,17016429,27144334,",SLC16A1,HHF7|MCT|MCT1|MCT1D,MIM:600682|HGNC:HGNC:10922|Ensembl:ENSG00000155380|Vega:OTTHUMG00000012129,1,1p13.2,solute carrier family 16 member 1,protein-coding,"monocarboxylate transporter 1|MCT 1|solute carrier family 16 (monocarboxylate transporter), member 1|solute carrier family 16 (monocarboxylic acid transporters), member 1|solute carrier family 16, member 1 (monocarboxylic acid transporter 1)"
11127,1,"23389290,",KIF3A,FLA10|KLP-20,MIM:604683|HGNC:HGNC:6319|Ensembl:ENSG00000131437|Vega:OTTHUMG00000059725,5,5q31.1,kinesin family member 3A,protein-coding,kinesin-like protein KIF3A|kinesin family protein 3A|microtubule plus end-directed kinesin motor 3A
7442,1,"22820645,",TRPV1,VR1,MIM:602076|HGNC:HGNC:12716|Ensembl:ENSG00000196689|Vega:OTTHUMG00000177649,17,17p13.2,transient receptor potential cation channel subfamily V member 1,protein-coding,transient receptor potential cation channel subfamily V member 1|OTRPC1|capsaicin receptor|osm-9-like TRP channel 1|transient receptor potential vanilloid 1a|transient receptor potential vanilloid 1b|vanilloid receptor subtype 1
3203,1,"23349797,",HOXA6,HOX1|HOX1.2|HOX1B,MIM:142951|HGNC:HGNC:5107|Ensembl:ENSG00000106006|Vega:OTTHUMG00000023216,7,7p15.2,homeobox A6,protein-coding,homeobox protein Hox-A6|homeo box 1B|homeo box A6|homeobox protein HOXA6|homeobox protein Hox-1B
3718,1,"24965108,",JAK3,JAK-3|JAK3_HUMAN|JAKL|L-JAK|LJAK,MIM:600173|HGNC:HGNC:6193|Ensembl:ENSG00000105639|Vega:OTTHUMG00000165648,19,19p13.11,Janus kinase 3,protein-coding,"tyrosine-protein kinase JAK3|Janus kinase 3 (a protein tyrosine kinase, leukocyte)|leukocyte Janus kinase"
2982,1,"15201957,",GUCY1A3,GC-SA3|GUC1A3|GUCA3|GUCSA3|GUCY1A1|MYMY6,MIM:139396|HGNC:HGNC:4685|Ensembl:ENSG00000164116|Vega:OTTHUMG00000161700,4,4q32.1,guanylate cyclase 1 soluble subunit alpha,protein-coding,"guanylate cyclase soluble subunit alpha-3|GC-S-alpha-1|GCS-alpha-3|guanylate cyclase 1, soluble, alpha 3|soluble guanylate cyclase large subunit"
1307,1,"18804107,",COL16A1,447AA|FP1572,MIM:120326|HGNC:HGNC:2193|Ensembl:ENSG00000084636|Vega:OTTHUMG00000003883,1,1p35.2,collagen type XVI alpha 1 chain,protein-coding,"collagen alpha-1(XVI) chain|alpha 1 type XVI collagen|collagen XVI, alpha-1 polypeptide|collagen, type XVI, alpha 1"
7732,1,"28684796,",RNF112,BFP|ZNF179,MIM:601237|HGNC:HGNC:12968|Ensembl:ENSG00000128482|Vega:OTTHUMG00000059601,17,17p11.2,ring finger protein 112,protein-coding,RING finger protein 112|brain finger protein|neurolastin|zinc finger protein 179
54567,2,"23207622,21517260,",DLL4,AOS6|hdelta2,MIM:605185|HGNC:HGNC:2910|Ensembl:ENSG00000128917|Vega:OTTHUMG00000172511,15,15q15.1,delta like canonical Notch ligand 4,protein-coding,delta-like protein 4|delta 4|delta ligand 4|delta-like 4 homolog|delta-like 4 protein|delta4|drosophila Delta homolog 4|notch ligand DLL4|notch ligand delta-2
29802,1,"24493312,",VPREB3,8HS20|N27C7-2,MIM:605017|HGNC:HGNC:12710|Ensembl:ENSG00000128218|IMGT/GENE-DB:VPREB3|Vega:OTTHUMG00000150738,22,22q11.23|22q11,V-set pre-B cell surrogate light chain 3,protein-coding,pre-B lymphocyte protein 3|pre-B lymphocyte 3|pre-B lymphocyte gene 3
5080,2,"18273794,21059263,",PAX6,AN|AN2|ASGD5|D11S812E|FVH1|MGDA|WAGR,MIM:607108|HGNC:HGNC:8620|Ensembl:ENSG00000007372|Vega:OTTHUMG00000041447,11,11p13,paired box 6,protein-coding,paired box protein Pax-6|aniridia type II protein|oculorhombin|paired box homeotic gene-6
2475,20,"22158946,29328863,22899290,24737380,21228927,23693095,26575021,30511495,28122379,19371356,20133820,28879901,28482067,21334199,21393858,27524416,28759011,22711601,26617839,25601471,",MTOR,FRAP|FRAP1|FRAP2|RAFT1|RAPT1|SKS,MIM:601231|HGNC:HGNC:3942|Ensembl:ENSG00000198793|Vega:OTTHUMG00000002001,1,1p36.22,mechanistic target of rapamycin,protein-coding,serine/threonine-protein kinase mTOR|FK506 binding protein 12-rapamycin associated protein 2|FK506-binding protein 12-rapamycin complex-associated protein 1|FKBP-rapamycin associated protein|FKBP12-rapamycin complex-associated protein 1|mammalian target of rapamycin|mechanistic target of rapamycin (serine/threonine kinase)|rapamycin and FKBP12 target 1|rapamycin associated protein FRAP2|rapamycin target protein 1
79885,1,"28782861,",HDAC11,HD11,MIM:607226|HGNC:HGNC:19086|Ensembl:ENSG00000163517|Vega:OTTHUMG00000129800,3,3p25.1,histone deacetylase 11,protein-coding,histone deacetylase 11
6648,2,"18682580,26400460,",SOD2,IPO-B|IPOB|MNSOD|MVCD6|Mn-SOD,MIM:147460|HGNC:HGNC:11180|Ensembl:ENSG00000112096|Vega:OTTHUMG00000015940,6,6q25.3,superoxide dismutase 2,protein-coding,"superoxide dismutase [Mn], mitochondrial|Mn superoxide dismutase|indophenoloxidase B|manganese-containing superoxide dismutase|mangano-superoxide dismutase|superoxide dismutase 2, mitochondrial"
5395,3,"21204794,30478739,21425258,",PMS2,HNPCC4|MLH4|PMS2CL|PMSL2,MIM:600259|HGNC:HGNC:9122|Ensembl:ENSG00000122512|Vega:OTTHUMG00000023135,7,7p22.1,"PMS1 homolog 2, mismatch repair system component",protein-coding,"mismatch repair endonuclease PMS2|DNA mismatch repair protein PMS2|PMS1 homolog 2, mismatch repair protein|PMS1 protein homolog 2|PMS2 postmeiotic segregation increased 2|postmeiotic segregation increased 2 nirs variant 6"
80781,1,"12231538,",COL18A1,KNO|KNO1|KS,MIM:120328|HGNC:HGNC:2195|Ensembl:ENSG00000182871|Vega:OTTHUMG00000090407,21,21q22.3,collagen type XVIII alpha 1 chain,protein-coding,"collagen alpha-1(XVIII) chain|antiangiogenic agent|collagen alpha-1(XVIII) chain isoform 1 preproprotein|collagen, type XVIII, alpha 1|endostatin|multi-functional protein MFP"
6597,2,"26290144,27065321,",SMARCA4,BAF190|BAF190A|BRG1|CSS4|MRD16|RTPS2|SNF2|SNF2L4|SNF2LB|SWI2|hSNF2b,MIM:603254|HGNC:HGNC:11100|Ensembl:ENSG00000127616|Vega:OTTHUMG00000169272,19,19p13.2,"SWI/SNF related, matrix associated, actin dependent regulator of chromatin, subfamily a, member 4",protein-coding,transcription activator BRG1|ATP-dependent helicase SMARCA4|BRG1-associated factor 190A|BRM/SWI2-related gene 1|SNF2-beta|SNF2-like 4|brahma protein-like 1|global transcription activator homologous sequence|homeotic gene regulator|mitotic growth and transcription activator|nuclear protein GRB1|protein BRG-1|protein brahma homolog 1|sucrose nonfermenting-like 4
9737,1,"22483848,",GPRASP1,GASP|GASP-1|GASP1,MIM:300417|HGNC:HGNC:24834|Ensembl:ENSG00000198932|Vega:OTTHUMG00000022061,X,Xq22.1,G protein-coupled receptor associated sorting protein 1,protein-coding,G-protein coupled receptor-associated sorting protein 1
5460,6,"28186969,23670345,21725800,18985733,27585657,21938739,",POU5F1,OCT3|OCT4|OTF-3|OTF3|OTF4|Oct-3|Oct-4,MIM:164177|HGNC:HGNC:9221|Ensembl:ENSG00000204531|Vega:OTTHUMG00000031206,6,6p21.33,POU class 5 homeobox 1,protein-coding,"POU domain, class 5, transcription factor 1|POU class 5 homeobox 1 transcript variant OCT4B1|POU class 5 homeobox 1 transcript variant OCT4B2|POU class 5 homeobox 1 transcript variant OCT4B3|POU class 5 homeobox 1 transcript variant OCT4B4|POU class 5 homeobox 1 transcript variant OCT4B5|POU class 5 homeobox 1 transcript variant OCT4B6|POU classV homeobox 1 variant 2|POU domain transcription factor OCT4|POU-type homeodomain-containing DNA-binding protein|octamer-binding protein 3|octamer-binding protein 4|octamer-binding transcription factor 3"
8290,1,"25696994,",HIST3H3,H3.4|H3/g|H3FT|H3t,MIM:602820|HGNC:HGNC:4778|Ensembl:ENSG00000168148|Vega:OTTHUMG00000040044,1,1q42.13,histone cluster 3 H3,protein-coding,"histone H3.1t|H3 histone family, member T|H3/t|histone 3, H3"
8658,1,"22154485,",TNKS,ARTD5|PARP-5a|PARP5A|PARPL|TIN1|TINF1|TNKS1|pART5,MIM:603303|HGNC:HGNC:11941|Ensembl:ENSG00000173273|Vega:OTTHUMG00000090481,8,8p23.1,tankyrase,protein-coding,"tankyrase-1|ADP-ribosyltransferase diphtheria toxin-like 5|TANK1|TNKS-1|TRF1-interacting ankyrin-related ADP-ribose polymerase 1|poly [ADP-ribose] polymerase 5A|tankyrase I|tankyrase, TRF1-interacting ankyrin-related ADP-ribose polymerase"
3181,2,"20010808,15147968,",HNRNPA2B1,HNRNPA2|HNRNPB1|HNRPA2|HNRPA2B1|HNRPB1|IBMPFD2|RNPA2|SNRPB1,MIM:600124|HGNC:HGNC:5033|Ensembl:ENSG00000122566|Vega:OTTHUMG00000023471,7,7p15.2,heterogeneous nuclear ribonucleoprotein A2/B1,protein-coding,heterogeneous nuclear ribonucleoproteins A2/B1|hnRNP A2 / hnRNP B1|nuclear ribonucleoprotein particle A2 protein
147040,1,"15249678,",KCTD11,C17orf36|KCASH1|REN|REN/KCTD11,MIM:609848|HGNC:HGNC:21302|Ensembl:ENSG00000213859|Vega:OTTHUMG00000132061,17,17p13.1,potassium channel tetramerization domain containing 11,protein-coding,"BTB/POZ domain-containing protein KCTD11|RING-type E3 ubiquitin transferase KCTD11|potassium channel tetramerisation domain containing 11|retinoic acid, EGF, NGF induced gene protein|retinoic acid, EGF, NGF induced gene/potassium channel tetramerization domain containing 11"
8651,2,"28035384,17867599,",SOCS1,CIS1|CISH1|JAB|SOCS-1|SSI-1|SSI1|TIP-3|TIP3,MIM:603597|HGNC:HGNC:19383|Ensembl:ENSG00000185338|Vega:OTTHUMG00000129792,16,16p13.13,suppressor of cytokine signaling 1,protein-coding,suppressor of cytokine signaling 1|JAK binding protein|STAT induced SH3 protein 1|STAT-induced STAT inhibitor 1|Tec-interacting protein 3|cytokine-inducible SH2 protein 1
121642,1,"19290481,",ALKBH2,ABH2,MIM:610602|HGNC:HGNC:32487|Ensembl:ENSG00000189046|Vega:OTTHUMG00000169246,12,12q24.11,"alkB homolog 2, alpha-ketoglutarate dependent dioxygenase",protein-coding,"DNA oxidative demethylase ALKBH2|2OG-Fe(II) oxy DC1|alkB, alkylation repair homolog 2|alkylated DNA repair protein alkB homolog 2|alpha-ketoglutarate-dependent dioxygenase alkB homolog 2|oxy DC1"
9928,4,"15897902,26933822,28504687,22999822,",KIF14,MKS12,MIM:611279|HGNC:HGNC:19181|Ensembl:ENSG00000118193|Vega:OTTHUMG00000035723,1,1q32.1,kinesin family member 14,protein-coding,kinesin-like protein KIF14
8503,1,"17360667,",PIK3R3,p55|p55-GAMMA|p55PIK,MIM:606076|HGNC:HGNC:8981|Ensembl:ENSG00000117461|Ensembl:ENSG00000278139|Vega:OTTHUMG00000008096|Vega:OTTHUMG00000186753,1,1p34.1,phosphoinositide-3-kinase regulatory subunit 3,protein-coding,"phosphatidylinositol 3-kinase regulatory subunit gamma|PI3-kinase regulatory subunit gamma|PI3-kinase subunit p55-gamma|PI3K regulatory subunit gamma|phosphatidylinositol 3-kinase 55 kDa regulatory subunit gamma|phosphatidylinositol 3-kinase, regulatory subunit, polypeptide 3 (p55, gamma)|phosphoinositide-3-kinase, regulatory subunit 3 (gamma)|ptdIns-3-kinase regulatory subunit p55-gamma"
55294,4,"18931460,27625374,28903484,26575021,",FBXW7,AGO|CDC4|FBW6|FBW7|FBX30|FBXO30|FBXW6|SEL-10|SEL10|hAgo|hCdc4,MIM:606278|HGNC:HGNC:16712|Ensembl:ENSG00000109670|Vega:OTTHUMG00000185246,4,4q31.3,F-box and WD repeat domain containing 7,protein-coding,"F-box/WD repeat-containing protein 7|F-box and WD repeat domain containing 7, E3 ubiquitin protein ligase|F-box and WD-40 domain protein 7 (archipelago homolog, Drosophila)|F-box protein FBW7|F-box protein FBX30|F-box protein SEL-10|archipelago|homolog of C elegans sel-10"
2272,1,"19760177,",FHIT,AP3Aase|FRA3B,MIM:601153|HGNC:HGNC:3701|Ensembl:ENSG00000189283|Vega:OTTHUMG00000158591,3,3p14.2,fragile histidine triad,protein-coding,"bis(5'-adenosyl)-triphosphatase|AP3A hydrolase|diadenosine 5',5'''-P1,P3-triphosphate hydrolase|dinucleosidetriphosphatase"
4791,1,"21871426,",NFKB2,CVID10|H2TF1|LYT-10|LYT10|NF-kB2|p100|p49/p100|p52,MIM:164012|HGNC:HGNC:7795|Ensembl:ENSG00000077150|Vega:OTTHUMG00000018962,10,10q24.32,nuclear factor kappa B subunit 2,protein-coding,"nuclear factor NF-kappa-B p100 subunit|DNA-binding factor KBF2|NFKB, p52/p100 subunit|lymphocyte translocation chromosome 10 protein|nuclear factor Kappa-B, subunit 2|nuclear factor NF-kappa-B p52 subunit|nuclear factor of Kappa light chain gene enhancer in B cells 2|nuclear factor of kappa light polypeptide gene enhancer in B-cells 2 (p49/p100)|oncogene Lyt-10|transcription factor NFKB2"
6752,9,"25554089,30193580,15857828,18695896,23677175,26391562,28120505,24182563,18808065,",SSTR2,-,MIM:182452|HGNC:HGNC:11331|Ensembl:ENSG00000180616|Vega:OTTHUMG00000178343,17,17q25.1,somatostatin receptor 2,protein-coding,somatostatin receptor type 2|SRIF-1|SS2R
10,1,"18349284,",NAT2,AAC2|NAT-2|PNAT,MIM:612182|HGNC:HGNC:7646|Ensembl:ENSG00000156006|Vega:OTTHUMG00000130826,8,8p22,N-acetyltransferase 2,protein-coding,arylamine N-acetyltransferase 2|N-acetyltransferase 2 (arylamine N-acetyltransferase)|N-acetyltransferase type 2|arylamide acetylase 2
3226,1,"30429891,",HOXC10,HOX3I,MIM:605560|HGNC:HGNC:5122|Ensembl:ENSG00000180818|Vega:OTTHUMG00000160031,12,12q13.13,homeobox C10,protein-coding,homeobox protein Hox-C10|homeo box C10|homeobox protein Hox-3I|homeoprotein C10
9166,2,"16595162,19813143,",EBAG9,EB9|PDAF,MIM:605772|HGNC:HGNC:3123|Ensembl:ENSG00000147654|Vega:OTTHUMG00000165346,8,8q23.2,"estrogen receptor binding site associated, antigen, 9",protein-coding,receptor-binding cancer antigen expressed on SiSo cells|cancer-associated surface antigen RCAS1|estrogen receptor-binding fragment-associated gene 9 protein
1164,1,"21948653,",CKS2,CKSHS2,MIM:116901|HGNC:HGNC:2000|Ensembl:ENSG00000123975|Vega:OTTHUMG00000020180,9,9q22.2,CDC28 protein kinase regulatory subunit 2,protein-coding,cyclin-dependent kinases regulatory subunit 2|CDC28 protein kinase 2|CKS-2|CKS1(S. cerevisiae Cdc28/Cdc2 kinase subunit) homolog-2
2697,4,"12484567,25815348,25386667,25023895,",GJA1,AVSD3|CMDR|CX43|EKVP|EKVP3|GJAL|HLHS1|HSS|ODDD|PPKCA,MIM:121014|HGNC:HGNC:4274|Ensembl:ENSG00000152661|Vega:OTTHUMG00000015479,6,6q22.31,gap junction protein alpha 1,protein-coding,"gap junction alpha-1 protein|connexin-43|gap junction 43 kDa heart protein|gap junction protein, alpha 1, 43kDa"
6423,2,"18079202,20208569,",SFRP2,FRP-2|SARP1|SDF-5,MIM:604157|HGNC:HGNC:10777|Ensembl:ENSG00000145423|Vega:OTTHUMG00000161559,4,4q31.3,secreted frizzled related protein 2,protein-coding,secreted frizzled-related protein 2|SARP-1|sFRP-2|secreted apoptosis related protein 1|testicular tissue protein Li 170
5777,2,"14691303,12438221,",PTPN6,HCP|HCPH|HPTP1C|PTP-1C|SH-PTP1|SHP-1|SHP-1L|SHP1,MIM:176883|HGNC:HGNC:9658|Ensembl:ENSG00000111679|Vega:OTTHUMG00000168518,12,12p13.31,"protein tyrosine phosphatase, non-receptor type 6",protein-coding,tyrosine-protein phosphatase non-receptor type 6|hematopoietic cell phosphatase|hematopoietic cell protein-tyrosine phosphatase|protein-tyrosine phosphatase 1C|protein-tyrosine phosphatase SHP-1
6404,4,"21864485,17721882,20690162,19628338,",SELPLG,CD162|CLA|PSGL-1|PSGL1,MIM:600738|HGNC:HGNC:10722|Ensembl:ENSG00000110876|Vega:OTTHUMG00000169411,12,12q24.11,selectin P ligand,protein-coding,P-selectin glycoprotein ligand 1|cutaneous lymphocyte-associated associated antigen
27434,1,"12368208,",POLM,Pol Mu|Tdt-N,MIM:606344|HGNC:HGNC:9185|Ensembl:ENSG00000122678|Vega:OTTHUMG00000155353,7,7p13,DNA polymerase mu,protein-coding,"DNA-directed DNA/RNA polymerase mu|Pol iota|polymerase (DNA) mu|polymerase (DNA-directed), mu|terminal transferase"
6620,1,"12783249,",SNCB,-,MIM:602569|HGNC:HGNC:11140|Ensembl:ENSG00000074317|Vega:OTTHUMG00000130661,5,5q35.2,synuclein beta,protein-coding,beta-synuclein
23705,2,"17130425,24727323,",CADM1,BL2|IGSF4|IGSF4A|NECL2|Necl-2|RA175|ST17|SYNCAM|TSLC1|sTSLC-1|sgIGSF|synCAM1,MIM:605686|HGNC:HGNC:5951|Ensembl:ENSG00000182985|Vega:OTTHUMG00000168202,11,11q23.3,cell adhesion molecule 1,protein-coding,"cell adhesion molecule 1|TSLC-1|TSLC1/Nectin-like 2/IGSF4|immunoglobulin superfamily member 4|immunoglobulin superfamily, member 4D variant 1|immunoglobulin superfamily, member 4D variant 2|nectin-like 2|nectin-like protein 2|spermatogenic immunoglobulin superfamily|synaptic cell adhesion molecule|truncated CADM1 protein|tumor suppressor in lung cancer 1"
56475,1,"16682948,",RPRM,REPRIMO,MIM:612171|HGNC:HGNC:24201|Ensembl:ENSG00000177519|Vega:OTTHUMG00000131905,2,2q23.3,"reprimo, TP53 dependent G2 arrest mediator homolog",protein-coding,"protein reprimo|candidate mediator of the p53 dependent G2 arrest|reprimo, TP53 dependant G2 arrest mediator candidate|reprimo, TP53 dependent G2 arrest mediator candidate"
958,3,"20303602,18490492,18606651,",CD40,Bp50|CDW40|TNFRSF5|p50,MIM:109535|HGNC:HGNC:11919|Ensembl:ENSG00000101017|Vega:OTTHUMG00000033053,20,20q13.12,CD40 molecule,protein-coding,"tumor necrosis factor receptor superfamily member 5|B cell surface antigen CD40|B cell-associated molecule|CD40 molecule, TNF receptor superfamily member 5|CD40L receptor"
83998,1,"22713481,",REG4,GISP|REG-IV|RELP,MIM:609846|HGNC:HGNC:22977|Ensembl:ENSG00000134193|Vega:OTTHUMG00000012175,1,1p12,regenerating family member 4,protein-coding,"regenerating islet-derived protein 4|REG-4|REG-like protein|gastrointestinal secretory protein|reg IV|regenerating gene type IV|regenerating islet-derived family, member 4|regenerating islet-derived protein IV"
9021,3,"28035384,28035977,21590492,",SOCS3,ATOD4|CIS3|Cish3|SOCS-3|SSI-3|SSI3,MIM:604176|HGNC:HGNC:19391|Ensembl:ENSG00000184557|Vega:OTTHUMG00000177513,17,17q25.3,suppressor of cytokine signaling 3,protein-coding,suppressor of cytokine signaling 3|STAT-induced STAT inhibitor 3|cytokine-inducible SH2 protein 3
290,1,"19236378,",ANPEP,APN|CD13|GP150|LAP1|P150|PEPN,MIM:151530|HGNC:HGNC:500|Ensembl:ENSG00000166825|Vega:OTTHUMG00000149814,15,15q26.1,"alanyl aminopeptidase, membrane",protein-coding,aminopeptidase N|AP-M|AP-N|alanyl (membrane) aminopeptidase|aminopeptidase M|hAPN|membrane alanyl aminopeptidase|microsomal aminopeptidase|myeloid plasma membrane glycoprotein CD13
2542,2,"18267120,17460777,",SLC37A4,G6PT1|G6PT2|G6PT3|GSD1b|GSD1c|GSD1d|PRO0685|TRG-19|TRG19,MIM:602671|HGNC:HGNC:4061|Ensembl:ENSG00000137700,11,11q23.3,solute carrier family 37 member 4,protein-coding,"glucose-6-phosphate exchanger SLC37A4|glucose-5-phosphate transporter|glucose-6-phosphatase, transport (glucose) protein 3|glucose-6-phosphatase, transport (glucose-6-phosphate) protein 1|glucose-6-phosphatase, transport (phosphate/pyrophosphate) protein 2|glucose-6-phosphate translocase|microsomal glucose-6-phosphate transporter|solute carrier family 37 (glucose-6-phosphate transporter), member 4|transformation-related gene 19 protein"
8976,1,"24069415,",WASL,N-WASP|NWASP|WASPB,MIM:605056|HGNC:HGNC:12735|Ensembl:ENSG00000106299|Vega:OTTHUMG00000157346,7,7q31.32,Wiskott-Aldrich syndrome like,protein-coding,neural Wiskott-Aldrich syndrome protein
6778,2,"17210636,25893823,",STAT6,D12S1644|IL-4-STAT|STAT6B|STAT6C,MIM:601512|HGNC:HGNC:11368|Ensembl:ENSG00000166888|Vega:OTTHUMG00000171194,12,12q13.3,signal transducer and activator of transcription 6,protein-coding,"signal transducer and activator of transcription 6|STAT, interleukin4-induced|signal transducer and activator of transcription 6, interleukin-4 induced|transcription factor IL-4 STAT"
1978,1,"22690797,",EIF4EBP1,4E-BP1|4EBP1|BP-1|PHAS-I,MIM:602223|HGNC:HGNC:3288|Ensembl:ENSG00000187840|Vega:OTTHUMG00000164012,8,8p11.23,eukaryotic translation initiation factor 4E binding protein 1,protein-coding,eukaryotic translation initiation factor 4E-binding protein 1|eIF4E-binding protein 1|phosphorylated heat- and acid-stable protein regulated by insulin 1
56848,1,"24903384,",SPHK2,SK 2|SK-2|SPK 2|SPK-2,MIM:607092|HGNC:HGNC:18859|Ensembl:ENSG00000063176|Vega:OTTHUMG00000183318,19,19q13.33,sphingosine kinase 2,protein-coding,sphingosine kinase 2|sphingosine kinase type 2
5594,8,"28216156,19619936,18587705,27282353,22575864,17991734,17016429,23455179,",MAPK1,ERK|ERK-2|ERK2|ERT1|MAPK2|P42MAPK|PRKM1|PRKM2|p38|p40|p41|p41mapk|p42-MAPK,MIM:176948|HGNC:HGNC:6871|Ensembl:ENSG00000100030|Vega:OTTHUMG00000030508,22,22q11.22,mitogen-activated protein kinase 1,protein-coding,mitogen-activated protein kinase 1|MAP kinase 1|MAP kinase 2|MAP kinase isoform p42|MAPK 2|extracellular signal-regulated kinase 2|mitogen-activated protein kinase 2|protein tyrosine kinase ERK2
5764,3,"17443289,26645582,29531016,",PTN,HARP|HB-GAM|HBBM|HBGF-8|HBGF8|HBNF|HBNF-1|NEGF1|OSF-1,MIM:162095|HGNC:HGNC:9630|Ensembl:ENSG00000105894|Vega:OTTHUMG00000155709,7,7q33,pleiotrophin,protein-coding,"pleiotrophin|heparin affin regulatory protein|heparin-binding brain mitogen|heparin-binding growth factor 8|heparin-binding growth-associated molecule|heparin-binding neurite outgrowth promoting factor|heparin-binding neurite outgrowth-promoting factor 1|osteoblast-specific factor 1|pleiotrophin (heparin binding growth factor 8, neurite growth-promoting factor 1)"
1030,3,"24632607,20118908,23547836,",CDKN2B,CDK4I|INK4B|MTS2|P15|TP15|p15INK4b,MIM:600431|HGNC:HGNC:1788|Ensembl:ENSG00000147883|Vega:OTTHUMG00000019691,9,9p21.3,cyclin dependent kinase inhibitor 2B,protein-coding,"cyclin-dependent kinase 4 inhibitor B|CDK inhibitory protein|CDK4B inhibitor|MTS-2|cyclin-dependent kinase inhibitor 2B (p15, inhibits CDK4)|cyclin-dependent kinases 4 and 6 binding protein|multiple tumor suppressor 2|p14-INK4b|p14_CDK inhibitor|p14_INK4B|p15 CDK inhibitor|p15-INK4b|p15_INK4B"
1524,1,"20146987,",CX3CR1,CCRL1|CMKBRL1|CMKDR1|GPR13|GPRV28|V28,MIM:601470|HGNC:HGNC:2558|Ensembl:ENSG00000168329|Vega:OTTHUMG00000156249,3,3p22.2,C-X3-C motif chemokine receptor 1,protein-coding,CX3C chemokine receptor 1|C-X3-C CKR-1|CMK-BRL-1|CMK-BRL1|G-protein coupled receptor 13|beta chemokine receptor-like 1|chemokine (C-C) receptor-like 1|chemokine (C-X3-C motif) receptor 1|chemokine (C-X3-C) receptor 1|fractalkine receptor
11113,1,"29921697,",CIT,CITK|CRIK|MCPH17|STK21,MIM:605629|HGNC:HGNC:1985|Ensembl:ENSG00000122966|Vega:OTTHUMG00000134325,12,12q24.23,citron rho-interacting serine/threonine kinase,protein-coding,"citron Rho-interacting kinase|citron (rho-interacting, serine/threonine kinase 21)|serine/threonine kinase 21|serine/threonine-protein kinase 21"
10673,2,"22338013,16863659,",TNFSF13B,BAFF|BLYS|CD257|DTL|TALL-1|TALL1|THANK|TNFSF20|TNLG7A|ZTNF4,MIM:603969|HGNC:HGNC:11929|Ensembl:ENSG00000102524|Vega:OTTHUMG00000017329,13,13q33.3,TNF superfamily member 13b,protein-coding,"tumor necrosis factor ligand superfamily member 13B|ApoL related ligand TALL-1|B-cell-activating factor|B-lymphocyte stimulator|Delta4 BAFF|TNF and ApoL-related leukocyte expressed ligand 1|TNF homolog that activates apoptosis|delta BAFF|dendritic cell-derived TNF-like molecule|tumor necrosis factor (ligand) superfamily, member 13b|tumor necrosis factor (ligand) superfamily, member 20|tumor necrosis factor ligand 7A|tumor necrosis factor superfamily member 13b|tumor necrosis factor-like protein ZTNF4"
5142,1,"26503641,",PDE4B,DPDE4|PDEIVB,MIM:600127|HGNC:HGNC:8781|Ensembl:ENSG00000184588|Vega:OTTHUMG00000009088,1,1p31.3,phosphodiesterase 4B,protein-coding,"cAMP-specific 3',5'-cyclic phosphodiesterase 4B|dunce-like phosphodiesterase E4|phosphodiesterase 4B, cAMP-specific (phosphodiesterase E4 dunce homolog, Drosophila)"
11186,2,"15711568,14688019,",RASSF1,123F2|NORE2A|RASSF1A|RDA32|REH3P21,MIM:605082|HGNC:HGNC:9882|Ensembl:ENSG00000068028|Vega:OTTHUMG00000149958,3,3p21.31,Ras association domain family member 1,protein-coding,ras association domain-containing protein 1|Ras association (RalGDS/AF-6) domain family member 1|WUGSC:H_LUCA12.5|cardiac-specific ras association domain family 1 protein|pancreas-specific ras association domain family 1 protein|tumor suppressor protein RDA32
7046,1,"14704634,",TGFBR1,AAT5|ACVRLK4|ALK-5|ALK5|ESS1|LDS1|LDS1A|LDS2A|MSSE|SKR4|TGFR-1|tbetaR-I,MIM:190181|HGNC:HGNC:11772|Ensembl:ENSG00000106799|Vega:OTTHUMG00000020353,9,9q22.33,transforming growth factor beta receptor 1,protein-coding,"TGF-beta receptor type-1|activin A receptor type II-like kinase, 53kDa|activin A receptor type II-like protein kinase of 53kD|activin receptor-like kinase 5|mutant transforming growth factor beta receptor I|serine/threonine-protein kinase receptor R4|transforming growth factor beta receptor I|transforming growth factor-beta receptor type I"
10644,1,"22899010,",IGF2BP2,IMP-2|IMP2|VICKZ2,MIM:608289|HGNC:HGNC:28867|Ensembl:ENSG00000073792|Vega:OTTHUMG00000074025,3,3q27.2,insulin like growth factor 2 mRNA binding protein 2,protein-coding,insulin-like growth factor 2 mRNA-binding protein 2|IGF-II mRNA-binding protein 2|IGF2 mRNA-binding protein 2|VICKZ family member 2
9734,1,"27495233,",HDAC9,HD7|HD7b|HD9|HDAC|HDAC7|HDAC7B|HDAC9B|HDAC9FL|HDRP|MITR,MIM:606543|HGNC:HGNC:14065|Ensembl:ENSG00000048052|Vega:OTTHUMG00000152487,7,7p21.1,histone deacetylase 9,protein-coding,histone deacetylase 9|MEF-2 interacting transcription repressor (MITR) protein|histone deacetylase 4/5-related protein|histone deacetylase 7B
7153,5,"28214203,17410335,11958416,24637229,18402387,",TOP2A,TOP2|TP2A,MIM:126430|HGNC:HGNC:11989|Ensembl:ENSG00000131747|Vega:OTTHUMG00000155008,17,17q21.2,topoisomerase (DNA) II alpha,protein-coding,"DNA topoisomerase 2-alpha|DNA gyrase|DNA topoisomerase (ATP-hydrolyzing)|DNA topoisomerase II, 170 kD|DNA topoisomerase II, alpha isozyme|topoisomerase (DNA) II alpha 170kDa"
3123,1,"19487887,",HLA-DRB1,DRB1|HLA-DR1B|HLA-DRB|SS1,MIM:142857|HGNC:HGNC:4948|Ensembl:ENSG00000196126|Vega:OTTHUMG00000031196,6,6p21.32,"major histocompatibility complex, class II, DR beta 1",protein-coding,"major histocompatibility complex, class II, DR beta 1|HLA class II histocompatibility antigen, DR-1 beta chain|MHC class II HLA-DR beta 1 chain|human leucocyte antigen DRB1|lymphocyte antigen DRB1"
2261,3,"23325524,27659822,28468611,",FGFR3,ACH|CD333|CEK2|HSFGFR3EX|JTK4,MIM:134934|HGNC:HGNC:3690|Ensembl:ENSG00000068078|Vega:OTTHUMG00000121148,4,4p16.3,fibroblast growth factor receptor 3,protein-coding,fibroblast growth factor receptor 3|FGFR-3|fibroblast growth factor receptor 3 variant 4|hydroxyaryl-protein kinase|tyrosine kinase JTK4
4883,1,"20823417,",NPR3,ANP-C|ANPR-C|ANPRC|C5orf23|GUCY2B|NPR-C|NPRC,MIM:108962|HGNC:HGNC:7945|Ensembl:ENSG00000113389|Vega:OTTHUMG00000150316,5,5p13.3,natriuretic peptide receptor 3,protein-coding,atrial natriuretic peptide receptor 3|atrial natriuretic peptide clearance receptor|atrial natriuretic peptide receptor type C|atrionatriuretic peptide receptor C|guanylate cyclase C|natriuretic peptide receptor C/guanylate cyclase C (atrionatriuretic peptide receptor C)
2048,1,"22723427,",EPHB2,CAPB|DRT|EK5|EPHT3|ERK|Hek5|PCBC|Tyro5,MIM:600997|HGNC:HGNC:3393|Ensembl:ENSG00000133216|Vega:OTTHUMG00000002881,1,1p36.12,EPH receptor B2,protein-coding,ephrin type-B receptor 2|EPH-like kinase 5|developmentally-regulated Eph-related tyrosine kinase|elk-related tyrosine kinase|eph tyrosine kinase 3|protein-tyrosine kinase HEK5|renal carcinoma antigen NY-REN-47|tyrosine-protein kinase TYRO5|tyrosine-protein kinase receptor EPH-3
3625,1,"21168856,",INHBB,-,MIM:147390|HGNC:HGNC:6067|Ensembl:ENSG00000163083|Vega:OTTHUMG00000131437,2,2q14.2,inhibin beta B subunit,protein-coding,"inhibin beta B chain|Inhibin, beta-2|activin AB beta polypeptide|activin beta-B chain"
655,1,"21317922,",BMP7,OP-1,MIM:112267|HGNC:HGNC:1074|Ensembl:ENSG00000101144|Vega:OTTHUMG00000032812,20,20q13.31,bone morphogenetic protein 7,protein-coding,bone morphogenetic protein 7|osteogenic protein 1
6774,29,"27924626,15184909,15895073,28344319,23599149,28035384,28035977,25966666,24892807,22984561,30253331,20473906,26430964,24497534,28030813,20446017,20433747,27591677,22206672,18592012,19306372,25476455,30898167,23563237,18829483,21590492,19421230,24843164,20515335,",STAT3,ADMIO|ADMIO1|APRF|HIES,MIM:102582|HGNC:HGNC:11364|Ensembl:ENSG00000168610|Vega:OTTHUMG00000150645,17,17q21.2,signal transducer and activator of transcription 3,protein-coding,signal transducer and activator of transcription 3|DNA-binding protein APRF|acute-phase response factor
5316,1,"20106730,",PKNOX1,PREP1|pkonx1c,MIM:602100|HGNC:HGNC:9022|Ensembl:ENSG00000160199|Vega:OTTHUMG00000086833,21,21q22.3,PBX/knotted 1 homeobox 1,protein-coding,homeobox protein PKNOX1|PBX/knotted homeobox 1|Pbx regulating protein-1|homeobox protein PREP-1|human homeobox-containing protein
6667,1,"17616668,",SP1,-,MIM:189906|HGNC:HGNC:11205|Ensembl:ENSG00000185591|Vega:OTTHUMG00000170047,12,12q13.13,Sp1 transcription factor,protein-coding,transcription factor Sp1|specificity protein 1
6354,1,"19424580,",CCL7,FIC|MARC|MCP-3|MCP3|NC28|SCYA6|SCYA7,MIM:158106|HGNC:HGNC:10634|Ensembl:ENSG00000108688|Vega:OTTHUMG00000132889,17,17q12,C-C motif chemokine ligand 7,protein-coding,C-C motif chemokine 7|chemokine (C-C motif) ligand 7|monocyte chemoattractant protein 3|monocyte chemotactic protein 3|small inducible cytokine A7 (monocyte chemotactic protein 3)|small-inducible cytokine A7
7040,13,"23260996,25813152,14704634,22966790,28344175,22664874,25393149,17335076,27402407,23243310,19465936,16292494,19235591,",TGFB1,CED|DPD1|LAP|TGFB|TGFbeta,MIM:190180|HGNC:HGNC:11766|Ensembl:ENSG00000105329|Vega:OTTHUMG00000182760,19,19q13.2,transforming growth factor beta 1,protein-coding,transforming growth factor beta-1|TGF-beta-1|latency-associated peptide|prepro-transforming growth factor beta-1
84687,1,"27655131,",PPP1R9B,PPP1R6|PPP1R9|SPINO|Spn,MIM:603325|HGNC:HGNC:9298|Ensembl:ENSG00000108819|Vega:OTTHUMG00000162008,17,17q21.33,protein phosphatase 1 regulatory subunit 9B,protein-coding,"neurabin-2|neurabin-II|protein phosphatase 1, regulatory (inhibitor) subunit 9B|protein phosphatase 1, regulatory subunit 9B, spinophilin"
51105,1,"24492612,",PHF20L1,CGI-72|TDRD20B|URLC1,HGNC:HGNC:24280|Ensembl:ENSG00000129292|Vega:OTTHUMG00000148656,8,8q24.22,PHD finger protein 20 like 1,protein-coding,PHD finger protein 20-like protein 1|tudor domain containing 20B|tudor domain-containing protein PHF20L1|up-regulated in lung cancer 1
64067,1,"21703424,",NPAS3,MOP6|PASD6|bHLHe12,MIM:609430|HGNC:HGNC:19311|Ensembl:ENSG00000151322|Vega:OTTHUMG00000140215,14,14q13.1,neuronal PAS domain protein 3,protein-coding,neuronal PAS domain-containing protein 3|PAS domain-containing protein 6|basic-helix-loop-helix-PAS protein MOP6|class E basic helix-loop-helix protein 12|member of PAS protein 6|neuronal PAS3
2247,7,"23630597,16723715,12727994,17335076,27314542,15769981,19235591,",FGF2,BFGF|FGF-2|FGFB|HBGF-2,MIM:134920|HGNC:HGNC:3676|Ensembl:ENSG00000138685|Vega:OTTHUMG00000039506,4,4q28.1,fibroblast growth factor 2,protein-coding,fibroblast growth factor 2|basic fibroblast growth factor bFGF|fibroblast growth factor 2 (basic)|heparin-binding growth factor 2|prostatropin
23186,1,"27685921,",RCOR1,COREST|RCOR,MIM:607675|HGNC:HGNC:17441|Ensembl:ENSG00000089902|Vega:OTTHUMG00000171778,14,14q32.31-q32.32,REST corepressor 1,protein-coding,REST corepressor 1
864,1,"23934435,",RUNX3,AML2|CBFA3|PEBP2aC,MIM:600210|HGNC:HGNC:10473|Ensembl:ENSG00000020633|Vega:OTTHUMG00000003316,1,1p36.11,runt related transcription factor 3,protein-coding,"runt-related transcription factor 3|CBF-alpha-3|PEA2 alpha C|PEBP2 alpha C|SL3-3 enhancer factor 1 alpha C subunit|SL3/AKV core-binding factor alpha C subunit|acute myeloid leukemia 2 protein|acute myeloid leukemia gene 2|core-binding factor subunit alpha-3|core-binding factor, runt domain, alpha subunit 3|oncogene AML-2|polyomavirus enhancer-binding protein 2 alpha C subunit|transcription factor AML2"
4332,1,"24925224,",MNDA,PYHIN3,MIM:159553|HGNC:HGNC:7183|Ensembl:ENSG00000163563|Vega:OTTHUMG00000022776,1,1q23.1,myeloid cell nuclear differentiation antigen,protein-coding,myeloid cell nuclear differentiation antigen
3953,3,"26894859,19775291,21948653,",LEPR,CD295|LEP-R|LEPRD|OB-R|OBR,MIM:601007|HGNC:HGNC:6554|Ensembl:ENSG00000116678|Vega:OTTHUMG00000009115,1,1p31.3,leptin receptor,protein-coding,leptin receptor|OB receptor|huB219
64399,1,"20853133,",HHIP,HIP,MIM:606178|HGNC:HGNC:14866|Ensembl:ENSG00000164161|Vega:OTTHUMG00000161428,4,4q31.21,hedgehog interacting protein,protein-coding,hedgehog-interacting protein
83478,1,"27790861,",ARHGAP24,FILGAP|RC-GAP72|RCGAP72|p73|p73RhoGAP,MIM:610586|HGNC:HGNC:25361|Ensembl:ENSG00000138639|Vega:OTTHUMG00000130427,4,4q21.23-q21.3,Rho GTPase activating protein 24,protein-coding,rho GTPase-activating protein 24|RAC1- and CDC42-specific GTPase-activating protein of 72 kDa|filamin-A-associated RhoGAP|rhoGAP of 73 kDa|sarcoma antigen NY-SAR-88
1514,1,"15832773,",CTSL,CATL|CTSL1|MEP,MIM:116880|HGNC:HGNC:2537|Ensembl:ENSG00000135047|Vega:OTTHUMG00000020149,9,9q21.33,cathepsin L,protein-coding,cathepsin L1|major excreted protein
1647,2,"15201996,21813510,",GADD45A,DDIT1|GADD45,MIM:126335|HGNC:HGNC:4095|Ensembl:ENSG00000116717|Vega:OTTHUMG00000009374,1,1p31.3,growth arrest and DNA damage inducible alpha,protein-coding,growth arrest and DNA damage-inducible protein GADD45 alpha|DDIT-1|DNA damage-inducible transcript 1 protein|DNA damage-inducible transcript-1|growth arrest and DNA-damage-inducible 45 alpha
10653,2,"19047176,29987920,",SPINT2,DIAR3|HAI-2|HAI2|Kop|PB,MIM:605124|HGNC:HGNC:11247|Ensembl:ENSG00000167642|Vega:OTTHUMG00000181891,19,19q13.2,"serine peptidase inhibitor, Kunitz type 2",protein-coding,"kunitz-type protease inhibitor 2|hepatocyte growth factor activator inhibitor type 2|serine protease inhibitor, Kunitz type, 2|testicular tissue protein Li 183"
408,1,"28716052,",ARRB1,ARB1|ARR1,MIM:107940|HGNC:HGNC:711|Ensembl:ENSG00000137486|Vega:OTTHUMG00000165444,11,11q13.4,arrestin beta 1,protein-coding,beta-arrestin-1|arrestin 2
7013,1,"15792519,",TERF1,PIN2|TRBF1|TRF|TRF1|hTRF1-AS|t-TRF1,MIM:600951|HGNC:HGNC:11728|Ensembl:ENSG00000147601|Vega:OTTHUMG00000164522,8,8q21.11,telomeric repeat binding factor 1,protein-coding,telomeric repeat-binding factor 1|NIMA-interacting protein 2|TTAGGG repeat-binding factor 1|telomeric protein Pin2/TRF1|telomeric repeat binding factor (NIMA-interacting) 1
3265,2,"18021740,17712732,",HRAS,C-BAS/HAS|C-H-RAS|C-HA-RAS1|CTLO|H-RASIDX|HAMSV|HRAS1|RASH1|p21ras,MIM:190020|HGNC:HGNC:5173|Ensembl:ENSG00000174775|Vega:OTTHUMG00000131919,11,11p15.5,"HRas proto-oncogene, GTPase",protein-coding,GTPase HRas|GTP- and GDP-binding peptide B|Ha-Ras1 proto-oncoprotein|Harvey rat sarcoma viral oncogene homolog|Harvey rat sarcoma viral oncoprotein|Ras family small GTP binding protein H-Ras|c-has/bas p21 protein|c-ras-Ki-2 activated oncogene|p19 H-RasIDX protein|transformation gene: oncogene HAMSV|transforming protein p21|v-Ha-ras Harvey rat sarcoma viral oncogene homolog
3581,1,"14584047,",IL9R,CD129|IL-9R,MIM:300007|HGNC:HGNC:6030|Ensembl:ENSG00000124334|Vega:OTTHUMG00000022720,X|Y,Xq28 and Yq12,interleukin 9 receptor,protein-coding,interleukin-9 receptor|IL-9 receptor
196,2,"22311706,19465936,",AHR,bHLHe76,MIM:600253|HGNC:HGNC:348|Ensembl:ENSG00000106546|Ensembl:ENSG00000283321|Vega:OTTHUMG00000149967|Vega:OTTHUMG00000191686,7,7p21.1,aryl hydrocarbon receptor,protein-coding,aryl hydrocarbon receptor|AH-receptor|ah receptor|aromatic hydrocarbon receptor|class E basic helix-loop-helix protein 76
945,1,"18794057,",CD33,SIGLEC-3|SIGLEC3|p67,MIM:159590|HGNC:HGNC:1659|Ensembl:ENSG00000105383|Vega:OTTHUMG00000182891,19,19q13.41,CD33 molecule,protein-coding,myeloid cell surface antigen CD33|CD33 antigen (gp67)|CD33 molecule transcript|gp67|sialic acid-binding Ig-like lectin 3
1588,2,"29104246,15364411,",CYP19A1,ARO|ARO1|CPV1|CYAR|CYP19|CYPXIX|P-450AROM,MIM:107910|HGNC:HGNC:2594|Ensembl:ENSG00000137869|Vega:OTTHUMG00000131747,15,15q21.2,cytochrome P450 family 19 subfamily A member 1,protein-coding,"aromatase|cytochrome P-450AROM|cytochrome P450 19A1|cytochrome P450, family 19, subfamily A, polypeptide 1|cytochrome P450, subfamily XIX (aromatization of androgens)|estrogen synthase|estrogen synthetase|flavoprotein-linked monooxygenase|microsomal monooxygenase"
8805,1,"24469053,",TRIM24,PTC6|RNF82|TF1A|TIF1|TIF1A|TIF1ALPHA|hTIF1,MIM:603406|HGNC:HGNC:11812|Ensembl:ENSG00000122779|Vega:OTTHUMG00000155820,7,7q33-q34,tripartite motif containing 24,protein-coding,transcription intermediary factor 1-alpha|E3 ubiquitin-protein ligase TRIM24|RING finger protein 82|RING-type E3 ubiquitin transferase TIF1-alpha|TIF1-alpha|transcriptional intermediary factor 1
3791,12,"20497492,23475388,26627848,11960378,19779861,26081139,22541785,19021062,16944045,11908876,23624620,12213878,",KDR,CD309|FLK1|VEGFR|VEGFR2,MIM:191306|HGNC:HGNC:6307|Ensembl:ENSG00000128052|Vega:OTTHUMG00000128734,4,4q12,kinase insert domain receptor,protein-coding,vascular endothelial growth factor receptor 2|fetal liver kinase-1|kinase insert domain receptor (a type III receptor tyrosine kinase)|protein-tyrosine kinase receptor Flk-1|soluble VEGFR2|tyrosine kinase growth factor receptor
331,2,"16983704,29236891,",XIAP,API3|BIRC4|IAP-3|ILP1|MIHA|XLP2|hIAP-3|hIAP3,MIM:300079|HGNC:HGNC:592|Ensembl:ENSG00000101966|Vega:OTTHUMG00000022336,X,Xq25,X-linked inhibitor of apoptosis,protein-coding,"E3 ubiquitin-protein ligase XIAP|IAP-like protein|RING-type E3 ubiquitin transferase XIAP|X-linked IAP|X-linked inhibitor of apoptosis, E3 ubiquitin protein ligase|baculoviral IAP repeat-containing protein 4|inhibitor of apoptosis protein 3"
358,6,"14753494,21784068,17549682,26115524,20965731,12237771,",AQP1,AQP-CHIP|CHIP28|CO,MIM:107776|HGNC:HGNC:633|Ensembl:ENSG00000240583|Vega:OTTHUMG00000023944,7,7p14.3,aquaporin 1 (Colton blood group),protein-coding,"aquaporin-1|aquaporin 1 (channel-forming integral protein, 28kDa, CO blood group)|aquaporin 1, Colton blood group antigen|aquaporin-CHIP|channel-like integral membrane protein, 28-kDa|urine water channel|water channel protein for red blood cells and kidney proximal tubule"
6777,2,"17890450,24878107,",STAT5B,STAT5,MIM:604260|HGNC:HGNC:11367|Ensembl:ENSG00000173757|Vega:OTTHUMG00000150724,17,17q21.2,signal transducer and activator of transcription 5B,protein-coding,signal transducer and activator of transcription 5B|transcription factor STAT5B
3606,1,"25880879,",IL18,IGIF|IL-18|IL-1g|IL1F4,MIM:600953|HGNC:HGNC:5986|Ensembl:ENSG00000150782|Vega:OTTHUMG00000167006,11,11q23.1,interleukin 18,protein-coding,interleukin-18|IFN-gamma-inducing factor|IL-1 gamma|iboctadekin|interleukin 18 (interferon-gamma-inducing factor)|interleukin-1 gamma
767,1,"29792187,",CA8,CA-RP|CA-VIII|CALS|CAMRQ3|CARP,MIM:114815|HGNC:HGNC:1382|Ensembl:ENSG00000178538|Vega:OTTHUMG00000165325,8,8q12.1,carbonic anhydrase 8,protein-coding,carbonic anhydrase-related protein|CA-related protein|carbonate dehydratase|carbonic anhydrase VIII|carbonic anhydrase-like sequence
22809,1,"16170340,",ATF5,ATFX|HMFN0395,MIM:606398|HGNC:HGNC:790|Ensembl:ENSG00000169136|Vega:OTTHUMG00000183065,19,19q13.33,activating transcription factor 5,protein-coding,cyclic AMP-dependent transcription factor ATF-5|cAMP-dependent transcription factor ATF-5|transcription factor ATFx
6638,1,"25571951,",SNRPN,HCERN3|PWCR|RT-LI|SM-D|SMN|SNRNP-N|SNURF-SNRPN|sm-N,MIM:182279|HGNC:HGNC:11164|Ensembl:ENSG00000128739|Vega:OTTHUMG00000129180,15,15q11.2,small nuclear ribonucleoprotein polypeptide N,protein-coding,small nuclear ribonucleoprotein-associated protein N|SM protein N|sm protein D|tissue-specific splicing protein
116071,1,"27785591,",BATF2,SARI,MIM:614983|HGNC:HGNC:25163|Ensembl:ENSG00000168062|Vega:OTTHUMG00000165633,11,11q13.1,basic leucine zipper ATF-like transcription factor 2,protein-coding,"basic leucine zipper transcriptional factor ATF-like 2|B-ATF-2|basic leucine zipper transcription factor, ATF-like 2|suppressor of AP-1 regulated by IFN"
7161,8,"17626635,28971956,20803057,23338942,25910708,20336668,12353228,17912537,",TP73,P73,MIM:601990|HGNC:HGNC:12003|Ensembl:ENSG00000078900|Vega:OTTHUMG00000000610,1,1p36.32,tumor protein p73,protein-coding,tumor protein p73|p53-like transcription factor|p53-related protein
9531,2,"21561597,27456361,",BAG3,BAG-3|BIS|CAIR-1|MFM6,MIM:603883|HGNC:HGNC:939|Ensembl:ENSG00000151929|Vega:OTTHUMG00000019155,10,10q26.11,BCL2 associated athanogene 3,protein-coding,BAG family molecular chaperone regulator 3|BCL2-binding athanogene 3|bcl-2-binding protein Bis|docking protein CAIR-1
7465,3,"27072241,24661910,20668041,",WEE1,WEE1A|WEE1hu,MIM:193525|HGNC:HGNC:12761|Ensembl:ENSG00000166483|Vega:OTTHUMG00000165863,11,11p15.4,WEE1 G2 checkpoint kinase,protein-coding,wee1-like protein kinase|WEE1 homolog|WEE1+ homolog|wee1A kinase
7049,1,"14704634,",TGFBR3,BGCAN|betaglycan,MIM:600742|HGNC:HGNC:11774|Ensembl:ENSG00000069702|Vega:OTTHUMG00000010097,1,1p22.1,transforming growth factor beta receptor 3,protein-coding,transforming growth factor beta receptor type 3|TGF-beta receptor type 3|TGF-beta receptor type III|TGFR-3|betaglycan proteoglycan|transforming growth factor beta receptor III
219736,1,"27564589,",STOX1,C10orf24,MIM:609397|HGNC:HGNC:23508|Ensembl:ENSG00000165730|Vega:OTTHUMG00000018367,10,10q22.1,storkhead box 1,protein-coding,storkhead-box protein 1|winged-helix domain-containing protein
7283,1,"24620973,",TUBG1,CDCBM4|GCP-1|TUBG|TUBGCP1,MIM:191135|HGNC:HGNC:12417|Ensembl:ENSG00000131462|Vega:OTTHUMG00000180277,17,17q21.2,tubulin gamma 1,protein-coding,"tubulin gamma-1 chain|gamma-tubulin complex component 1|tubulin, gamma polypeptide"
1312,1,"27091610,",COMT,HEL-S-98n,MIM:116790|HGNC:HGNC:2228|Ensembl:ENSG00000093010|Vega:OTTHUMG00000150529,22,22q11.21,catechol-O-methyltransferase,protein-coding,catechol O-methyltransferase|catechol-O-methyltransferase isoform|epididymis secretory sperm binding protein Li 98n|testicular tissue protein Li 42
56920,1,"18781179,",SEMA3G,sem2,HGNC:HGNC:30400|Ensembl:ENSG00000010319|Vega:OTTHUMG00000158570,3,3p21.1,semaphorin 3G,protein-coding,"semaphorin-3G|sema domain, immunoglobulin domain (Ig), short basic domain, secreted, (semaphorin) 3G|semaphorin sem2"
5293,3,"23341541,17371233,24698326,",PIK3CD,APDS|IMD14|P110DELTA|PI3K|p110D,MIM:602839|HGNC:HGNC:8977|Ensembl:ENSG00000171608|Vega:OTTHUMG00000001450,1,1p36.22,"phosphatidylinositol-4,5-bisphosphate 3-kinase catalytic subunit delta",protein-coding,"phosphatidylinositol 4,5-bisphosphate 3-kinase catalytic subunit delta isoform|PI3-kinase p110 subunit delta|PI3Kdelta|phosphatidylinositol-4,5-bisphosphate 3-kinase 110 kDa catalytic subunit delta|phosphatidylinositol-4,5-bisphosphate 3-kinase catalytic subunit delta isoform|phosphoinositide-3-kinase C|phosphoinositide-3-kinase, catalytic, delta polypeptide variant p37delta|ptdIns-3-kinase subunit p110-delta"
4129,1,"26689994,",MAOB,-,MIM:309860|HGNC:HGNC:6834|Ensembl:ENSG00000069535|Vega:OTTHUMG00000021388,X,Xp11.3,monoamine oxidase B,protein-coding,"amine oxidase [flavin-containing] B|MAO, brain|MAO, platelet|MAO-B|adrenalin oxidase|monoamine oxidase type B|tyramine oxidase"
91653,1,"25263791,",BOC,CDON2,MIM:608708|HGNC:HGNC:17173|Ensembl:ENSG00000144857|Vega:OTTHUMG00000159305,3,3q13.2,"BOC cell adhesion associated, oncogene regulated",protein-coding,"brother of CDO|Boc homolog|brother of CDON|cell adhesion associated, oncogene regulated 2"
1021,5,"29202464,23172372,18607543,16314645,17989712,",CDK6,MCPH12|PLSTIRE,MIM:603368|HGNC:HGNC:1777|Ensembl:ENSG00000105810|Vega:OTTHUMG00000131697,7,7q21.2,cyclin dependent kinase 6,protein-coding,cyclin-dependent kinase 6|cell division protein kinase 6|serine/threonine-protein kinase PLSTIRE
26354,1,"20572164,",GNL3,C77032|E2IG3|NNP47|NS,MIM:608011|HGNC:HGNC:29931|Ensembl:ENSG00000163938|Vega:OTTHUMG00000158752,3,3p21.1,G protein nucleolar 3,protein-coding,guanine nucleotide-binding protein-like 3|E2-induced gene 3 protein|estradiol-induced nucleotide binding protein|guanine nucleotide binding protein-like 3 (nucleolar)|novel nucleolar protein 47|nucleolar GTP-binding protein 3|nucleostemin
2706,1,"12484567,",GJB2,CX26|DFNA3|DFNA3A|DFNB1|DFNB1A|HID|KID|NSRD1|PPK,MIM:121011|HGNC:HGNC:4284|Ensembl:ENSG00000165474|Vega:OTTHUMG00000016513,13,13q12.11,gap junction protein beta 2,protein-coding,"gap junction beta-2 protein|connexin 26|gap junction protein, beta 2, 26kDa|mutant gap junction protein beta 2"
3312,1,"25527454,",HSPA8,HEL-33|HEL-S-72p|HSC54|HSC70|HSC71|HSP71|HSP73|HSPA10|LAP-1|LAP1|NIP71,MIM:600816|HGNC:HGNC:5241|Ensembl:ENSG00000109971|Vega:OTTHUMG00000166030,11,11q24.1,heat shock protein family A (Hsp70) member 8,protein-coding,heat shock cognate 71 kDa protein|LPS-associated protein 1|N-myristoyltransferase inhibitor protein 71|constitutive heat shock protein 70|epididymis luminal protein 33|epididymis secretory sperm binding protein Li 72p|heat shock 70kDa protein 8|heat shock 70kd protein 10|heat shock cognate protein 54|lipopolysaccharide-associated protein 1
9590,2,"29391485,24042196,",AKAP12,AKAP250|SSeCKS,MIM:604698|HGNC:HGNC:370|Ensembl:ENSG00000131016|Vega:OTTHUMG00000015833,6,6q25.1,A-kinase anchoring protein 12,protein-coding,"A-kinase anchor protein 12|A kinase (PRKA) anchor protein 12|A-kinase anchor protein, 250kDa|AKAP 250|Src-Suppressed C Kinase Substrate|kinase scaffold protein gravin|myasthenia gravis autoantigen gravin"
8797,1,"19148581,",TNFRSF10A,APO2|CD261|DR4|TRAILR-1|TRAILR1,MIM:603611|HGNC:HGNC:11904|Ensembl:ENSG00000104689|Vega:OTTHUMG00000097843,8,8p21.3,TNF receptor superfamily member 10a,protein-coding,"tumor necrosis factor receptor superfamily member 10A|TNF-related apoptosis-inducing ligand receptor 1|TRAIL receptor 1|TRAIL-R1|cytotoxic TRAIL receptor|death receptor 4|tumor necrosis factor receptor superfamily member 10a variant 2|tumor necrosis factor receptor superfamily, member 10a"
4170,2,"18032706,21471522,",MCL1,BCL2L3|EAT|MCL1-ES|MCL1L|MCL1S|Mcl-1|TM|bcl2-L-3|mcl1/EAT,MIM:159552|HGNC:HGNC:6943|Ensembl:ENSG00000143384|Vega:OTTHUMG00000034867,1,1q21.2,"MCL1, BCL2 family apoptosis regulator",protein-coding,induced myeloid leukemia cell differentiation protein Mcl-1|BCL2 family apoptosis regulator|bcl-2-like protein 3|bcl-2-related protein EAT/mcl1|myeloid cell leukemia 1|myeloid cell leukemia ES|myeloid cell leukemia sequence 1 (BCL2-related)
4821,1,"21059263,",NKX2-2,NKX2.2|NKX2B,MIM:604612|HGNC:HGNC:7835|Ensembl:ENSG00000125820|Vega:OTTHUMG00000170524,20,20p11.22,NK2 homeobox 2,protein-coding,"homeobox protein Nkx-2.2|NK2 transcription factor related, locus 2|NK2 transcription factor-like protein B|homeobox protein NK-2 homolog B"
5444,1,"23651475,",PON1,ESA|MVCD5|PON,MIM:168820|HGNC:HGNC:9204|Ensembl:ENSG00000005421|Vega:OTTHUMG00000153894,7,7q21.3,paraoxonase 1,protein-coding,serum paraoxonase/arylesterase 1|A-esterase 1|K-45|PON 1|aromatic esterase 1|arylesterase 1|arylesterase B-type|esterase A|paraoxonase B-type|serum aryldiakylphosphatase|serum aryldialkylphosphatase 1
8239,1,"23667531,",USP9X,DFFRX|FAF|FAM|MRX99|MRXS99F,MIM:300072|HGNC:HGNC:12632|Ensembl:ENSG00000124486|Vega:OTTHUMG00000021367,X,Xp11.4,"ubiquitin specific peptidase 9, X-linked",protein-coding,"probable ubiquitin carboxyl-terminal hydrolase FAF-X|Drosophila fat facets related, X-linked|deubiquitinating enzyme FAF-X|fat facets in mammals|fat facets protein related, X-linked|hFAM|ubiquitin specific protease 9, X chromosome (fat facets-like Drosophila)|ubiquitin thioesterase FAF-X|ubiquitin thiolesterase FAF-X|ubiquitin-specific processing protease FAF-X|ubiquitin-specific protease 9, X chromosome"
572,1,"16949642,",BAD,BBC2|BCL2L8,MIM:603167|HGNC:HGNC:936|Ensembl:ENSG00000002330|Vega:OTTHUMG00000134302,11,11q13.1,BCL2 associated agonist of cell death,protein-coding,bcl2-associated agonist of cell death|BCL-X/BCL-2 binding protein|BCL2-antagonist of cell death protein|BCL2-binding component 6|BCL2-binding protein|bcl-2-binding component 6|bcl-2-like protein 8|bcl-XL/Bcl-2-associated death promoter|bcl2 antagonist of cell death|bcl2-L-8
1654,1,"29621097,",DDX3X,CAP-Rf|DBX|DDX14|DDX3|HLP2|MRX102,MIM:300160|HGNC:HGNC:2745|Ensembl:ENSG00000215301|Vega:OTTHUMG00000021369,X,Xp11.4,"DEAD-box helicase 3, X-linked",protein-coding,"ATP-dependent RNA helicase DDX3X|DEAD (Asp-Glu-Ala-Asp) box helicase 3, X-linked|DEAD (Asp-Glu-Ala-Asp) box polypeptide 3, X-linked|DEAD box protein 3, X-chromosomal|DEAD box, X isoform|DEAD/H (Asp-Glu-Ala-Asp/His) box polypeptide 3|DEAD/H box-3|helicase-like protein 2"
8089,1,"22068108,",YEATS4,4930573H17Rik|B230215M10Rik|GAS41|NUBI-1|YAF9,MIM:602116|HGNC:HGNC:24859|Ensembl:ENSG00000127337|Vega:OTTHUMG00000169358,12,12q15,YEATS domain containing 4,protein-coding,YEATS domain-containing protein 4|NuMA binding protein 1|glioma-amplified sequence 41|nuBI1
675,2,"19530235,17476307,",BRCA2,BRCC2|BROVCA2|FACD|FAD|FAD1|FANCD|FANCD1|GLM3|PNCA2|XRCC11,MIM:600185|HGNC:HGNC:1101|Ensembl:ENSG00000139618|Vega:OTTHUMG00000017411,13,13q13.1,"BRCA2, DNA repair associated",protein-coding,"breast cancer type 2 susceptibility protein|BRCA1/BRCA2-containing complex, subunit 2|Fanconi anemia group D1 protein|breast and ovarian cancer susceptibility gene, early onset|breast and ovarian cancer susceptibility protein 2|breast cancer 2 tumor suppressor|breast cancer 2, early onset|mutant BRCA2|truncated breast cancer 2"
8312,3,"12209999,12555076,19633924,",AXIN1,AXIN|PPP1R49,MIM:603816|HGNC:HGNC:903|Ensembl:ENSG00000103126|Vega:OTTHUMG00000064930,16,16p13.3,axin 1,protein-coding,"axin-1|axis inhibition protein 1|axis inhibitor 1|fused, mouse, homolog of|protein phosphatase 1, regulatory subunit 49"
7473,1,"24303070,",WNT3,INT4|TETAMS,MIM:165330|HGNC:HGNC:12782|Ensembl:ENSG00000108379|Vega:OTTHUMG00000178076,17,17q21.31-q21.32,Wnt family member 3,protein-coding,"proto-oncogene Wnt-3|WNT-3 proto-oncogene protein|proto-oncogene Int-4 homolog|wingless-type MMTV integration site family, member 3"
1870,1,"17588684,",E2F2,E2F-2,MIM:600426|HGNC:HGNC:3114|Ensembl:ENSG00000007968|Vega:OTTHUMG00000003223,1,1p36.12,E2F transcription factor 2,protein-coding,transcription factor E2F2
2549,1,"24998422,",GAB1,-,MIM:604439|HGNC:HGNC:4066|Ensembl:ENSG00000109458|Vega:OTTHUMG00000161432,4,4q31.21,GRB2 associated binding protein 1,protein-coding,GRB2-associated-binding protein 1|GRB2-associated binder 1|growth factor receptor bound protein 2-associated protein 1
5214,1,"29677490,",PFKP,ATP-PFK|PFK-C|PFK-P|PFKF,MIM:171840|HGNC:HGNC:8878|Ensembl:ENSG00000067057|Vega:OTTHUMG00000017556,10,10p15.2,"phosphofructokinase, platelet",protein-coding,"ATP-dependent 6-phosphofructokinase, platelet type|6-phosphofructokinase type C|6-phosphofructokinase, platelet type|phosphofructo-1-kinase isozyme C|phosphofructokinase 1|phosphohexokinase"
5947,1,"22945948,",RBP1,CRABP-I|CRBP|CRBP1|CRBPI|RBPC,MIM:180260|HGNC:HGNC:9919|Ensembl:ENSG00000114115|Vega:OTTHUMG00000155751,3,3q23,retinol binding protein 1,protein-coding,"retinol-binding protein 1|CRBP-I|cellular retinol binding protein 1|cellular retinol-binding protein I|retinol-binding protein 1, cellular"
30817,1,"25200831,",ADGRE2,CD312|EMR2|VBU,MIM:606100|HGNC:HGNC:3337|Ensembl:ENSG00000127507|Vega:OTTHUMG00000183408,19,19p13.12,adhesion G protein-coupled receptor E2,protein-coding,"adhesion G protein-coupled receptor E2|EGF-like module-containing mucin-like hormone receptor-like 2|egf-like module containing, mucin-like, hormone receptor-like 2"
7019,1,"20643228,",TFAM,MTDPS15|MTTF1|MTTFA|TCF6|TCF6L1|TCF6L2|TCF6L3,MIM:600438|HGNC:HGNC:11741|Ensembl:ENSG00000108064|Vega:OTTHUMG00000018270,10,10q21.1,"transcription factor A, mitochondrial",protein-coding,"transcription factor A, mitochondrial|mitochondrial transcription factor 1|mitochondrial transcription factor A|transcription factor 6|transcription factor 6-like 1|transcription factor 6-like 2 (mitochondrial transcription factor)|transcription factor 6-like 3"
4513,1,"22235799,",COX2,COII|MTCO2,MIM:516040|HGNC:HGNC:7421,MT,-,cytochrome c oxidase subunit II,protein-coding,-
51547,1,"16525639,",SIRT7,SIR2L7,MIM:606212|HGNC:HGNC:14935|Ensembl:ENSG00000187531|Vega:OTTHUMG00000177957,17,17q25.3,sirtuin 7,protein-coding,"NAD-dependent protein deacetylase sirtuin-7|NAD-dependent deacetylase sirtuin-7|SIR2-like protein 7|regulatory protein SIR2 homolog 7|silent mating type information regulation 2, S.cerevisiae, homolog 7|sir2-related protein type 7|sirtuin type 7"
6662,4,"30272322,27625374,22714060,27589569,",SOX9,CMD1|CMPD1|SRA1|SRXX2|SRXY10,MIM:608160|HGNC:HGNC:11204|Ensembl:ENSG00000125398|Vega:OTTHUMG00000166300,17,17q24.3,SRY-box 9,protein-coding,"transcription factor SOX-9|SRY (sex determining region Y)-box9|SRY (sex-determining region Y)-box 9 protein|SRY-related HMG-box, gene 9"
11230,1,"20412121,",PRAF2,JM4|Yip6a,MIM:300840|HGNC:HGNC:28911|Ensembl:ENSG00000243279|Vega:OTTHUMG00000034499,X,Xp11.23,PRA1 domain family member 2,protein-coding,PRA1 family protein 2|Jena-Muenchen 4
7155,1,"28554742,",TOP2B,TOPIIB|top2beta,MIM:126431|HGNC:HGNC:11990|Ensembl:ENSG00000077097|Vega:OTTHUMG00000155596,3,3p24.2,topoisomerase (DNA) II beta,protein-coding,"DNA topoisomerase 2-beta|DNA topoisomerase II, 180 kD|DNA topoisomerase II, beta isozyme|U937 associated antigen|antigen MLAA-44|topo II beta|topoisomerase (DNA) II beta 180kDa|topoisomerase II beta|topoisomerase IIb"
2145,1,"27311868,",EZH1,KMT6B,MIM:601674|HGNC:HGNC:3526|Ensembl:ENSG00000108799|Vega:OTTHUMG00000180645,17,17q21.2,enhancer of zeste 1 polycomb repressive complex 2 subunit,protein-coding,histone-lysine N-methyltransferase EZH1|ENX-2|enhancer of zeste homolog 1
4507,1,"26088413,",MTAP,BDMF|DMSFH|DMSMFH|HEL-249|LGMBF|MSAP|c86fus,MIM:156540|HGNC:HGNC:7413|Ensembl:ENSG00000099810|Vega:OTTHUMG00000019690,9,9p21.3,methylthioadenosine phosphorylase,protein-coding,S-methyl-5'-thioadenosine phosphorylase|5'-methylthioadenosine phosphorylase|MTA phosphorylase|MTAPase|MeSAdo phosphorylase|epididymis luminal protein 249
28985,1,"23258846,",MCTS1,MCT-1|MCT1,MIM:300587|HGNC:HGNC:23357|Ensembl:ENSG00000232119|Vega:OTTHUMG00000022303,X,Xq24,"MCTS1, re-initiation and release factor",protein-coding,malignant T-cell-amplified sequence 1|malignant T-cell amplified sequence 1|multiple copies T-cell malignancies|multiple copies in T-cell lymphoma-1
3725,3,"25813203,26747248,27956703,",JUN,AP-1|AP1|c-Jun|p39,MIM:165160|HGNC:HGNC:6204|Ensembl:ENSG00000177606|Vega:OTTHUMG00000008376,1,1p32.1,"Jun proto-oncogene, AP-1 transcription factor subunit",protein-coding,transcription factor AP-1|Jun activation domain binding protein|activator protein 1|enhancer-binding protein AP1|jun oncogene|proto-oncogene c-Jun|v-jun avian sarcoma virus 17 oncogene homolog|v-jun sarcoma virus 17 oncogene homolog
2890,2,"23110111,18317690,",GRIA1,GLUH1|GLUR1|GLURA|GluA1|HBGR1,MIM:138248|HGNC:HGNC:4571|Ensembl:ENSG00000155511|Vega:OTTHUMG00000130148,5,5q33.2,glutamate ionotropic receptor AMPA type subunit 1,protein-coding,"glutamate receptor 1|AMPA 1|AMPA-selective glutamate receptor 1|gluR-1|gluR-A|gluR-K1|glutamate receptor, ionotropic, AMPA 1"
8878,2,"30842153,25841304,",SQSTM1,A170|DMRV|FTDALS3|NADGP|OSIL|PDB3|ZIP3|p60|p62|p62B,MIM:601530|HGNC:HGNC:11280|Ensembl:ENSG00000161011|Vega:OTTHUMG00000150643,5,5q35.3,sequestosome 1,protein-coding,sequestosome-1|EBI3-associated protein of 60 kDa|EBI3-associated protein p60|EBIAP|oxidative stress induced like|phosphotyrosine independent ligand for the Lck SH2 domain p62|phosphotyrosine-independent ligand for the Lck SH2 domain of 62 kDa|ubiquitin-binding protein p62
2324,2,"19701853,17926187,",FLT4,FLT-4|FLT41|LMPH1A|PCL|VEGFR-3|VEGFR3,MIM:136352|HGNC:HGNC:3767|Ensembl:ENSG00000037280|Vega:OTTHUMG00000130931,5,5q35.3,fms related tyrosine kinase 4,protein-coding,vascular endothelial growth factor receptor 3|fms-like tyrosine kinase 4|tyrosine-protein kinase receptor FLT4
85416,1,"20199689,",ZIC5,-,HGNC:HGNC:20322|Ensembl:ENSG00000139800|Vega:OTTHUMG00000017280,13,13q32.3,Zic family member 5,protein-coding,"zinc finger protein ZIC 5|Zic family member 5 (odd-paired homolog, Drosophila)|zinc finger protein of the cerebellum 5"
135,1,"27038930,",ADORA2A,A2aR|ADORA2|RDC8,MIM:102776|HGNC:HGNC:263|Ensembl:ENSG00000128271|Vega:OTTHUMG00000150761,22,22q11.23,adenosine A2a receptor,protein-coding,adenosine receptor A2a|adenosine receptor subtype A2a
4751,1,"28321704,",NEK2,HsPK21|NEK2A|NLK1|PPP1R111|RP67,MIM:604043|HGNC:HGNC:7745|Ensembl:ENSG00000117650|Vega:OTTHUMG00000037121,1,1q32.3,NIMA related kinase 2,protein-coding,"serine/threonine-protein kinase Nek2|NIMA (never in mitosis gene a)-related kinase 2|nimA-like protein kinase 1|nimA-related protein kinase 2|protein phosphatase 1, regulatory subunit 111"
348,2,"29168082,24944262,",APOE,AD2|APO-E|ApoE4|LDLCQ5|LPG,MIM:107741|HGNC:HGNC:613|Ensembl:ENSG00000130203|Vega:OTTHUMG00000128901,19,19q13.32,apolipoprotein E,protein-coding,apolipoprotein E|apolipoprotein E3
3913,1,"16146715,",LAMB2,LAMS|NPHS5,MIM:150325|HGNC:HGNC:6487|Ensembl:ENSG00000172037|Vega:OTTHUMG00000156807,3,3p21.31,laminin subunit beta 2,protein-coding,"laminin subunit beta-2|S-LAM beta|S-laminin subunit beta|laminin B1s chain|laminin S|laminin, beta 2 (laminin S)"
10419,2,"30429891,25742700,",PRMT5,HRMT1L5|IBP72|JBP1|SKB1|SKB1Hs,MIM:604045|HGNC:HGNC:10894|Ensembl:ENSG00000100462|Vega:OTTHUMG00000028709,14,14q11.2,protein arginine methyltransferase 5,protein-coding,protein arginine N-methyltransferase 5|72 kDa ICln-binding protein|HMT1 hnRNP methyltransferase-like 5|SKB1 homolog|histone-arginine N-methyltransferase PRMT5|jak-binding protein 1|shk1 kinase-binding protein 1 homolog
10630,4,"29676036,28073783,25470350,20665731,",PDPN,AGGRUS|GP36|GP40|Gp38|HT1A-1|OTS8|PA2.26|T1A|T1A-2|T1A2|TI1A,MIM:608863|HGNC:HGNC:29602|Ensembl:ENSG00000162493|Vega:OTTHUMG00000007912,1,1p36.21,podoplanin,protein-coding,"podoplanin|PA2.26 antigen|T1-alpha|glycoprotein 36|glycoprotein, 36-KD|hT1alpha-1|hT1alpha-2|lung type I cell membrane associated glycoprotein|lung type-I cell membrane-associated glycoprotein (T1A-2)"
4684,2,"17635242,17216340,",NCAM1,CD56|MSK39|NCAM,MIM:116930|HGNC:HGNC:7656|Ensembl:ENSG00000149294|Vega:OTTHUMG00000167196,11,11q23.2,neural cell adhesion molecule 1,protein-coding,"neural cell adhesion molecule 1|antigen recognized by monoclonal antibody 5.1H11|neural cell adhesion molecule, NCAM"
23261,1,"21857646,",CAMTA1,CANPMR,MIM:611501|HGNC:HGNC:18806|Ensembl:ENSG00000171735|Vega:OTTHUMG00000001212,1,1p36.31-p36.23,calmodulin binding transcription activator 1,protein-coding,calmodulin-binding transcription activator 1
284361,1,"20680400,",EMC10,C19orf63|HSM1|HSS1,MIM:614545|HGNC:HGNC:27609|Ensembl:ENSG00000161671|Vega:OTTHUMG00000183042,19,19q13.33,ER membrane protein complex subunit 10,protein-coding,ER membrane protein complex subunit 10|UPF0510 protein INM02|hematopoietic signal peptide-containing membrane domain-containing 1|hematopoietic signal peptide-containing secreted 1
29967,1,"27142828,",LRP12,ST7,HGNC:HGNC:31708|Ensembl:ENSG00000147650|Vega:OTTHUMG00000164892,8,8q22.3,LDL receptor related protein 12,protein-coding,low-density lipoprotein receptor-related protein 12|suppressor of tumorigenicity 7 protein
2052,1,"22994552,",EPHX1,EPHX|EPOX|HYL1|MEH,MIM:132810|HGNC:HGNC:3401|Ensembl:ENSG00000143819|Vega:OTTHUMG00000037743,1,1q42.12,epoxide hydrolase 1,protein-coding,"epoxide hydrolase 1|epoxide hydratase|epoxide hydrolase 1 microsomal|epoxide hydrolase 1, microsomal (xenobiotic)"
993,2,"19305144,20217459,",CDC25A,CDC25A2,MIM:116947|HGNC:HGNC:1725|Ensembl:ENSG00000164045|Vega:OTTHUMG00000133535,3,3p21.31,cell division cycle 25A,protein-coding,M-phase inducer phosphatase 1|CDC25 isoform A1-CAG|CDC25A2-CAG isoform|dual specificity phosphatase CDC25A
627,4,"22710963,27091610,19626994,19642024,",BDNF,ANON2|BULN2,MIM:113505|HGNC:HGNC:1033|Ensembl:ENSG00000176697|Vega:OTTHUMG00000178797,11,11p14.1,brain derived neurotrophic factor,protein-coding,brain-derived neurotrophic factor|abrineurin|neurotrophin
10112,1,"28070829,",KIF20A,MKLP2|RAB6KIFL,MIM:605664|HGNC:HGNC:9787|Ensembl:ENSG00000112984|Vega:OTTHUMG00000129195,5,5q31.2,kinesin family member 20A,protein-coding,"kinesin-like protein KIF20A|GG10_2|RAB6 interacting, kinesin-like (rabkinesin6)|mitotic kinesin-like protein 2|rab6-interacting kinesin-like protein|rabkinesin-6"
8208,1,"24039914,",CHAF1B,CAF-1|CAF-IP60|CAF1|CAF1A|CAF1P60|MPHOSPH7|MPP7,MIM:601245|HGNC:HGNC:1911|Ensembl:ENSG00000159259|Vega:OTTHUMG00000086606,21,21q22.12-q22.13,chromatin assembly factor 1 subunit B,protein-coding,chromatin assembly factor 1 subunit B|CAF-1 subunit B|CAF-I 60 kDa subunit|CAF-I p60|M-phase phosphoprotein 7|chromatin assembly factor I p60 subunit|human chromatin assembly factor-I p60 subunit
3611,1,"21060779,",ILK,HEL-S-28|ILK-1|ILK-2|P59|p59ILK,MIM:602366|HGNC:HGNC:6040|Ensembl:ENSG00000166333|Vega:OTTHUMG00000133407,11,11p15.4,integrin linked kinase,protein-coding,integrin-linked protein kinase|59 kDa serine/threonine-protein kinase|epididymis secretory protein Li 28|integrin-linked kinase-2
7813,1,"23910958,",EVI5,EVI-5|NB4S,MIM:602942|HGNC:HGNC:3501|Ensembl:ENSG00000067208|Vega:OTTHUMG00000010895,1,1p22.1,ecotropic viral integration site 5,protein-coding,ecotropic viral integration site 5 protein homolog|dJ846D11.1 (ecotropic viral integration site 5)|neuroblastoma stage 4S gene protein
327657,1,"18550480,",SERPINA9,GCET1|SERPINA11|SERPINA11b,MIM:615677|HGNC:HGNC:15995|Ensembl:ENSG00000170054|Vega:OTTHUMG00000167710,14,14q32.13,serpin family A member 9,protein-coding,"serpin A9|centerin|germinal center B-cell-expressed transcript 1 protein|serine (or cysteine) proteinase inhibitor, clade A (alpha-1 antiproteinase, antitrypsin), member 9|serine proteinase inhibitor A11|serpin peptidase inhibitor, clade A (alpha-1 antiproteinase, antitrypsin), member 9"
6098,1,"30350109,",ROS1,MCF3|ROS|c-ros-1,MIM:165020|HGNC:HGNC:10261|Ensembl:ENSG00000047936|Vega:OTTHUMG00000016188,6,6q22.1,"ROS proto-oncogene 1, receptor tyrosine kinase",protein-coding,"proto-oncogene tyrosine-protein kinase ROS|ROS proto-oncogene 1 , receptor tyrosine kinase|c-ros oncogene 1 , receptor tyrosine kinase|proto-oncogene c-Ros-1|transmembrane tyrosine-specific protein kinase|v-ros avian UR2 sarcoma virus oncogene homolog 1"
2303,1,"25605149,",FOXC2,FKHL14|LD|MFH-1|MFH1,MIM:602402|HGNC:HGNC:3801|Ensembl:ENSG00000176692|Vega:OTTHUMG00000137652,16,16q24.1,forkhead box C2,protein-coding,"forkhead box protein C2|MFH-1,mesenchyme forkhead 1|forkhead box C2 (MFH-1, mesenchyme forkhead 1)|forkhead, Drosophila, homolog-like 14|forkhead-related protein FKHL14|mesenchyme fork head protein 1|mesenchyme forkhead 1|transcription factor FKH-14"
8202,2,"24680642,21735116,",NCOA3,ACTR|AIB-1|AIB1|CAGH16|CTG26|KAT13B|RAC3|SRC-3|SRC3|TNRC14|TNRC16|TRAM-1|bHLHe42|pCIP,MIM:601937|HGNC:HGNC:7670|Ensembl:ENSG00000124151|Vega:OTTHUMG00000033061,20,20q13.12,nuclear receptor coactivator 3,protein-coding,nuclear receptor coactivator 3|CBP-interacting protein|amplified in breast cancer 1 protein|class E basic helix-loop-helix protein 42|receptor-associated coactivator 3|steroid receptor coactivator protein 3|thyroid hormone receptor activator molecule 1
1025,2,"15753651,27322055,",CDK9,C-2k|CDC2L4|CTK1|PITALRE|TAK,MIM:603251|HGNC:HGNC:1780|Ensembl:ENSG00000136807|Vega:OTTHUMG00000020715,9,9q34.11,cyclin dependent kinase 9,protein-coding,cyclin-dependent kinase 9|CDC2-related kinase|cell division cycle 2-like protein kinase 4|cell division protein kinase 9|serine/threonine protein kinase PITALRE|tat-associated kinase complex catalytic subunit
4826,1,"18701710,",NNAT,Peg5,MIM:603106|HGNC:HGNC:7860|Ensembl:ENSG00000053438|Vega:OTTHUMG00000032420,20,20q11.23,neuronatin,protein-coding,neuronatin
83417,3,"27666766,22716304,28390747,",FCRL4,CD307d|FCRH4|IGFP2|IRTA1,MIM:605876|HGNC:HGNC:18507|Ensembl:ENSG00000163518|Vega:OTTHUMG00000035488,1,1q23.1,Fc receptor like 4,protein-coding,"Fc receptor-like protein 4|IFGP family protein 2|fc receptor homolog 4|fcR-like protein 4|hIFGP2|immune receptor translocation-associated protein 1|immunoglobulin superfamily Fc receptor, gp42|immunoglobulin superfamily receptor translocation associated 1"
6790,6,"24620973,17292827,16080195,21617231,12883693,19616898,",AURKA,AIK|ARK1|AURA|BTAK|PPP1R47|STK15|STK6|STK7,MIM:603072|HGNC:HGNC:11393|Ensembl:ENSG00000087586|Vega:OTTHUMG00000032796,20,20q13.2,aurora kinase A,protein-coding,"aurora kinase A|aurora 2|aurora/IPL1-like kinase|aurora/IPL1-related kinase 1|breast tumor-amplified kinase|protein phosphatase 1, regulatory subunit 47|serine/threonine protein kinase 15|serine/threonine-protein kinase 6|serine/threonine-protein kinase aurora-A"
367,1,"24680642,",AR,AIS|AR8|DHTR|HUMARA|HYSP1|KD|NR3C4|SBMA|SMAX1|TFM,MIM:313700|HGNC:HGNC:644|Ensembl:ENSG00000169083|Vega:OTTHUMG00000021740,X,Xq12,androgen receptor,protein-coding,androgen receptor|dihydrotestosterone receptor|nuclear receptor subfamily 3 group C member 4
10848,1,"29257240,",PPP1R13L,IASPP|NKIP1|RAI|RAI4,MIM:607463|HGNC:HGNC:18838|Ensembl:ENSG00000104881|Vega:OTTHUMG00000181784,19,19q13.32,protein phosphatase 1 regulatory subunit 13 like,protein-coding,"relA-associated inhibitor|NFkB interacting protein 1|PPP1R13B-like protein|inhibitor of ASPP protein|inhibitor of apoptosis stimulating protein of p53|protein iASPP|protein phosphatase 1, regulatory (inhibitor) subunit 13 like|retinoic acid induced 4"
10494,1,"22782892,",STK25,SOK1|YSK1,MIM:602255|HGNC:HGNC:11404|Ensembl:ENSG00000115694|Vega:OTTHUMG00000133408,2,2q37.3,serine/threonine kinase 25,protein-coding,"serine/threonine-protein kinase 25|Ste20, yeast homolog|ste20-like kinase|ste20/oxidant stress response kinase 1|sterile 20/oxidant stress-response kinase 1"
3073,1,"16710745,",HEXA,TSD,MIM:606869|HGNC:HGNC:4878|Ensembl:ENSG00000213614|Vega:OTTHUMG00000133445,15,15q23,hexosaminidase subunit alpha,protein-coding,beta-hexosaminidase subunit alpha|N-acetyl-beta-glucosaminidase subunit alpha|beta-N-acetylhexosaminidase subunit alpha|hexosaminidase A (alpha polypeptide)|hexosaminidase subunit A
940,2,"26819049,26719098,",CD28,Tp44,MIM:186760|HGNC:HGNC:1653|Ensembl:ENSG00000178562|Vega:OTTHUMG00000132878,2,2q33.2,CD28 molecule,protein-coding,T-cell-specific surface glycoprotein CD28|CD28 antigen
5599,2,"28402860,12140754,",MAPK8,JNK|JNK-46|JNK1|JNK1A2|JNK21B1/2|PRKM8|SAPK1|SAPK1c,MIM:601158|HGNC:HGNC:6881|Ensembl:ENSG00000107643|Vega:OTTHUMG00000018172,10,10q11.22,mitogen-activated protein kinase 8,protein-coding,mitogen-activated protein kinase 8|JUN N-terminal kinase|MAP kinase 8|c-Jun N-terminal kinase 1|mitogen-activated protein kinase 8 isoform JNK1 alpha1|mitogen-activated protein kinase 8 isoform JNK1 beta2|stress-activated protein kinase 1|stress-activated protein kinase 1c
8741,1,"17190854,",TNFSF13,APRIL|CD256|TALL-2|TALL2|TNLG7B|TRDL-1|UNQ383/PRO715|ZTNF2,MIM:604472|HGNC:HGNC:11928|Ensembl:ENSG00000161955|Vega:OTTHUMG00000108145,17,17p13.1,TNF superfamily member 13,protein-coding,"tumor necrosis factor ligand superfamily member 13|TNF- and APOL-related leukocyte expressed ligand 2|a proliferation-inducing ligand|tumor necrosis factor (ligand) superfamily, member 13|tumor necrosis factor ligand 7B|tumor necrosis factor superfamily member 13|tumor necrosis factor-like protein ZTNF2|tumor necrosis factor-related death ligand-1"
55013,1,"28754121,",MCUB,CCDC109B,HGNC:HGNC:26076|Ensembl:ENSG00000005059|Vega:OTTHUMG00000161103,4,4q25,mitochondrial calcium uniporter dominant negative beta subunit,protein-coding,"calcium uniporter regulatory subunit MCUb, mitochondrial|coiled-coil domain containing 109B|coiled-coil domain-containing protein 109B|mitochondrial calcium uniporter regulatory subunit MCUb"
170825,1,"29794476,",GSX2,GSH2,MIM:616253|HGNC:HGNC:24959|Ensembl:ENSG00000180613|Vega:OTTHUMG00000128696,4,4q12,GS homeobox 2,protein-coding,GS homeobox 2|genetic-screened homeobox 2|homeobox protein GSH-2
140823,1,"25193023,",ROMO1,C20orf52|MTGM|MTGMP|bA353C18.2,HGNC:HGNC:16185|Ensembl:ENSG00000125995|Vega:OTTHUMG00000032360,20,20q11.22,reactive oxygen species modulator 1,protein-coding,reactive oxygen species modulator 1|PCM19|ROS modulator 1|epididymis tissue protein Li 175|glyrichin|mitochondrial targeting GXXXG protein|mitochondrial targeting GxxxG motif protein|protein MGR2 homolog
3975,1,"22875024,",LHX1,LIM-1|LIM1,MIM:601999|HGNC:HGNC:6593|Ensembl:ENSG00000273706|Vega:OTTHUMG00000188456,17,17q12,LIM homeobox 1,protein-coding,LIM/homeobox protein Lhx1|LIM homeobox protein 1|homeobox protein Lim-1
9451,3,"21688289,27181404,27802424,",EIF2AK3,PEK|PERK|WRS,MIM:604032|HGNC:HGNC:3255|Ensembl:ENSG00000172071|Vega:OTTHUMG00000155046,2,2p11.2,eukaryotic translation initiation factor 2 alpha kinase 3,protein-coding,eukaryotic translation initiation factor 2-alpha kinase 3|PRKR-like endoplasmic reticulum kinase|pancreatic EIF2-alpha kinase
324,4,"16843107,24309598,14729851,28792655,",APC,BTPS2|DP2|DP2.5|DP3|GS|PPP1R46,MIM:611731|HGNC:HGNC:583|Ensembl:ENSG00000134982|Vega:OTTHUMG00000128806,5,5q22.2,"APC, WNT signaling pathway regulator",protein-coding,"adenomatous polyposis coli protein|WNT signaling pathway regulator|adenomatosis polyposis coli tumor suppressor|deleted in polyposis 2.5|protein phosphatase 1, regulatory subunit 46|truncated adenomatosis polyposis coli"
1460,1,"25788269,",CSNK2B,CK2B|CK2N|CSK2B|Ckb1|Ckb2|G5A,MIM:115441|HGNC:HGNC:2460|Ensembl:ENSG00000204435|Vega:OTTHUMG00000177888,6,6p21.33,casein kinase 2 beta,protein-coding,"casein kinase II subunit beta|CK II beta|CSNK2B-LY6G5B-1072|CSNK2B-LY6G5B-1103|CSNK2B-LY6G5B-532|CSNK2B-LY6G5B-560|CSNK2B-LY6G5B-562|Casein kinase II beta subunit|alternative name: G5a, phosvitin|casein kinase 2, beta polypeptide|casein kinase II b subunit splicing isoform 132|casein kinase II b subunit splicing isoform 247|casein kinase II b subunit splicing isoform 318|casein kinase II b subunit splicing isoform 660|casein kinase II b subunit splicing isoform 806|chimera CSNK2B-LY6G5B splicing isoform 1072|chimera CSNK2B-LY6G5B splicing isoform 1103|chimera CSNK2B-LY6G5B splicing isoform 532|chimera CSNK2B-LY6G5B splicing isoform 560|chimera CSNK2B-LY6G5B splicing isoform 562|phosvitin|protein G5a"
79631,1,"25015090,",EFL1,EFTUD1|FAM42A|HsT19294|RIA1,MIM:617538|HGNC:HGNC:25789|Ensembl:ENSG00000140598|Vega:OTTHUMG00000172573,15,15q25.2,elongation factor like GTPase 1,protein-coding,elongation factor-like GTPase 1|elongation factor Tu GTP binding domain containing 1|elongation factor Tu GTP-binding domain-containing protein 1|elongation factor-like 1|ribosome assembly 1 homolog
3162,3,"24413553,22593583,24234335,",HMOX1,HMOX1D|HO-1|HSP32|bK286B10,MIM:141250|HGNC:HGNC:5013|Ensembl:ENSG00000100292|Vega:OTTHUMG00000150960,22,22q12.3,heme oxygenase 1,protein-coding,"heme oxygenase 1|heat shock protein, 32-kD|heme oxygenase (decycling) 1"
27030,1,"27401157,",MLH3,HNPCC7,MIM:604395|HGNC:HGNC:7128|Ensembl:ENSG00000119684|Vega:OTTHUMG00000171766,14,14q24.3,mutL homolog 3,protein-coding,DNA mismatch repair protein Mlh3
351,1,"17951083,",APP,AAA|ABETA|ABPP|AD1|APPI|CTFgamma|CVAP|PN-II|PN2|preA4,MIM:104760|HGNC:HGNC:620|Ensembl:ENSG00000142192|Vega:OTTHUMG00000078438,21,21q21.3,amyloid beta precursor protein,protein-coding,amyloid beta A4 protein|alzheimer disease amyloid protein|amyloid beta (A4) precursor protein|amyloid precursor protein|beta-amyloid peptide|beta-amyloid peptide(1-40)|beta-amyloid peptide(1-42)|beta-amyloid precursor protein|cerebral vascular amyloid peptide|peptidase nexin-II|protease nexin-II|testicular tissue protein Li 2
2066,3,"16878160,16842254,19017278,",ERBB4,ALS19|HER4|p180erbB4,MIM:600543|HGNC:HGNC:3432|Ensembl:ENSG00000178568|Vega:OTTHUMG00000133012,2,2q34,erb-b2 receptor tyrosine kinase 4,protein-coding,receptor tyrosine-protein kinase erbB-4|ERBB4 transcript variant I12DEL|ERBB4 transcript variant I20DEL|avian erythroblastic leukemia viral (v-erb-b2) oncogene homolog 4|human epidermal growth factor receptor 4|proto-oncogene-like protein c-ErbB-4|tyrosine kinase-type cell surface receptor HER4|v-erb-a erythroblastic leukemia viral oncogene homolog 4|v-erb-b2 avian erythroblastic leukemia viral oncogene homolog 4
8744,1,"23095505,",TNFSF9,4-1BB-L|CD137L|TNLG5A,MIM:606182|HGNC:HGNC:11939|Ensembl:ENSG00000125657|Vega:OTTHUMG00000181831,19,19p13.3,TNF superfamily member 9,protein-coding,"tumor necrosis factor ligand superfamily member 9|4-1BB ligand|4-1BBL|homolog of mouse 4-1BB-L|receptor 4-1BB ligand|tumor necrosis factor (ligand) superfamily, member 9|tumor necrosis factor ligand 5A|tumor necrosis factor superfamily member 9"
6753,1,"25554089,",SSTR3,SS-3-R|SS3-R|SS3R|SSR-28,MIM:182453|HGNC:HGNC:11332|Ensembl:ENSG00000278195|Vega:OTTHUMG00000150537,22,22q13.1,somatostatin receptor 3,protein-coding,somatostatin receptor type 3
595,20,"20809334,27466513,18079202,19900369,24722063,18379871,15601836,16614728,24870765,17240151,22776845,12231535,22304571,29489901,27984122,24610618,19806481,23991960,25450356,18343791,",CCND1,BCL1|D11S287E|PRAD1|U21B31,MIM:168461|HGNC:HGNC:1582|Ensembl:ENSG00000110092|Vega:OTTHUMG00000167877,11,11q13.3,cyclin D1,protein-coding,G1/S-specific cyclin-D1|B-cell CLL/lymphoma 1|B-cell lymphoma 1 protein|BCL-1 oncogene|PRAD1 oncogene
23136,4,"16142420,16213361,15731777,25621889,",EPB41L3,4.1B|DAL-1|DAL1,MIM:605331|HGNC:HGNC:3380|Ensembl:ENSG00000082397|Vega:OTTHUMG00000131562,18,18p11.31,erythrocyte membrane protein band 4.1 like 3,protein-coding,band 4.1-like protein 3|differentially expressed in adenocarcinoma of the lung protein 1
1755,6,"12672033,22805772,11912156,15355985,12185598,12168116,",DMBT1,GP340|SAG|SALSA|muclin,MIM:601969|HGNC:HGNC:2926|Ensembl:ENSG00000187908|Vega:OTTHUMG00000019185,10,10q26.13,deleted in malignant brain tumors 1,protein-coding,deleted in malignant brain tumors 1 protein|glycoprotein 340|gp-340|hensin|salivary agglutinin|salivary scavenger and agglutinin|surfactant pulmonary-associated D-binding protein|vomeroglandin
10286,1,"27356265,",BCAS2,DAM1|SPF27|Snt309,MIM:605783|HGNC:HGNC:975|Ensembl:ENSG00000116752|Vega:OTTHUMG00000011898,1,1p13.2,"BCAS2, pre-mRNA processing factor",protein-coding,"pre-mRNA-splicing factor SPF27|DNA amplified in mammary carcinoma 1 protein|breast carcinoma amplified sequence 2|spliceosome associated protein, amplified in breast cancer|spliceosome-associated protein SPF 27"
6672,1,"21274506,",SP100,lysp100b,MIM:604585|HGNC:HGNC:11206|Ensembl:ENSG00000067066|Vega:OTTHUMG00000133203,2,2q37.1,SP100 nuclear antigen,protein-coding,nuclear autoantigen Sp-100|SP100-HMG nuclear autoantigen|nuclear dot-associated Sp100 protein|speckled 100 kDa
1854,1,"16325515,",DUT,dUTPase,MIM:601266|HGNC:HGNC:3078|Ensembl:ENSG00000128951|Vega:OTTHUMG00000172155,15,15q21.1,deoxyuridine triphosphatase,protein-coding,"deoxyuridine 5'-triphosphate nucleotidohydrolase, mitochondrial|dUTP diphosphatase|dUTP nucleotidohydrolase|dUTP pyrophosphatase"
6348,1,"22307528,",CCL3,G0S19-1|LD78ALPHA|MIP-1-alpha|MIP1A|SCYA3,MIM:182283|HGNC:HGNC:10627|Ensembl:ENSG00000277632|Vega:OTTHUMG00000188413,17,17q12,C-C motif chemokine ligand 3,protein-coding,C-C motif chemokine 3|G0/G1 switch regulatory protein 19-1|PAT 464.1|SIS-beta|chemokine (C-C motif) ligand 3|macrophage inflammatory protein 1-alpha|small inducible cytokine A3 (homologous to mouse Mip-1a)|tonsillar lymphocyte LD78 alpha protein
6863,1,"24374326,",TAC1,Hs.2563|NK2|NKNA|NPK|TAC2,MIM:162320|HGNC:HGNC:11517|Ensembl:ENSG00000006128|Vega:OTTHUMG00000154069,7,7q21.3,tachykinin precursor 1,protein-coding,"protachykinin-1|PPT|neurokinin 1|neurokinin 2|neurokinin A|neurokinin alpha|neuromedin L|neuropeptide K|neuropeptide gamma|preprotachykinin|protachykinin|substance K|substance P|tachykinin 2|tachykinin, precursor 1 (substance K, substance P, neurokinin 1, neurokinin 2, neuromedin L, neurokinin alpha, neuropeptide K, neuropeptide gamma)"
379,1,"12472661,",ARL4D,ARF4L|ARL6,MIM:600732|HGNC:HGNC:656|Ensembl:ENSG00000175906|Vega:OTTHUMG00000180881,17,17q21.31,ADP ribosylation factor like GTPase 4D,protein-coding,ADP-ribosylation factor-like protein 4D|ADP-ribosylation factor-like 4D|ADP-ribosylation factor-like 6|ADP-ribosylation factor-like protein 4L
5978,7,"28218430,16478988,28483947,23216891,15767543,30224756,27685921,",REST,NRSF|WT6|XBR,MIM:600571|HGNC:HGNC:9966|Ensembl:ENSG00000084093|Vega:OTTHUMG00000128770,4,4q12,RE1 silencing transcription factor,protein-coding,RE1-silencing transcription factor|RE1-silencing transcription factor variant E1a/E2/E3/E4c|RE1-silencing transcription factor variant E1a/E2/E3/E5|RE1-silencing transcription factor variant E1a/E2/E3/N3a/E4i|RE1-silencing transcription factor variant E1a/E2/E3/N3c/E4|RE1-silencing transcription factor variant E1a/E2/E4|RE1-silencing transcription factor variant E1a/E2/E5|RE1-silencing transcription factor variant E1a/E2a/E2k|RE1-silencing transcription factor variant E1a/E2d/E4g|RE1-silencing transcription factor variant E1a/E2e/E4h|RE1-silencing transcription factor variant E1a/E2f/E4e|RE1-silencing transcription factor variant E1a/E2k/E2i/E3/E4j|RE1-silencing transcription factor variant E1b/E2/E3/E5|RE1-silencing transcription factor variant E1b/E2/E3/N3b/E4i|RE1-silencing transcription factor variant E1b/E2/E3/N3c/E4|RE1-silencing transcription factor variant E1b/E2a/E2k|RE1-silencing transcription factor variant E1b/E2c/E2j/E3/E4|RE1-silencing transcription factor variant E1b/E2e/E4h|RE1-silencing transcription factor variant E1c/E2/E3/E5|RE1-silencing transcription factor variant E1c/E2a/E2k|RE1-silencing transcription factor variant E1c/E2g/E3/E4|neural-restrictive silencer factor|neuron restrictive silencer factor|repressor binding to the X2 box
1386,1,"26747248,",ATF2,CRE-BP1|CREB-2|CREB2|HB16|TREB7,MIM:123811|HGNC:HGNC:784|Ensembl:ENSG00000115966|Vega:OTTHUMG00000132424,2,2q31.1,activating transcription factor 2,protein-coding,"cyclic AMP-dependent transcription factor ATF-2|activating transcription factor 2 splice variant ATF2-var2|cAMP response element-binding protein CRE-BP1|cAMP responsive element binding protein 2, formerly|cAMP-dependent transcription factor ATF-2|cyclic AMP-responsive element-binding protein 2|histone acetyltransferase ATF2"
64065,1,"28323918,",PERP,KCP1|KRTCAP1|PIGPC1|THW|dJ496H19.1,MIM:609301|HGNC:HGNC:17637|Ensembl:ENSG00000112378|Vega:OTTHUMG00000015668,6,6q23.3,"PERP, TP53 apoptosis effector",protein-coding,p53 apoptosis effector related to PMP-22|1110017A08Rik|KCP-1|keratinocyte-associated protein 1|keratinocytes associated protein 1|p53 apoptosis effector related to PMP22|p53-induced protein PIGPC1|transmembrane protein THW
4015,2,"25790191,29729273,",LOX,AAT10,MIM:153455|HGNC:HGNC:6664|Ensembl:ENSG00000113083|Vega:OTTHUMG00000128914,5,5q23.1,lysyl oxidase,protein-coding,protein-lysine 6-oxidase
4071,1,"25855954,",TM4SF1,H-L6|L6|M3S1|TAAL6,MIM:191155|HGNC:HGNC:11853|Ensembl:ENSG00000169908|Vega:OTTHUMG00000159597,3,3q25.1,transmembrane 4 L six family member 1,protein-coding,"transmembrane 4 L6 family member 1|membrane component, chromosome 3, surface marker 1|transmembrane 4 superfamily member 1|tumor-associated antigen L6"
862,1,"14551142,",RUNX1T1,AML1-MTG8|AML1T1|CBFA2T1|CDR|ETO|MTG8|ZMYND2,MIM:133435|HGNC:HGNC:1535|Ensembl:ENSG00000079102|Vega:OTTHUMG00000164066,8,8q21.3,RUNX1 translocation partner 1,protein-coding,"protein CBFA2T1|acute myelogenous leukemia 1 translocation 1, cyclin-D related|core-binding factor, runt domain, alpha subunit 2; translocated to, 1; cyclin D-related|eight twenty one protein|myeloid translocation gene on 8q22|runt related transcription factor 1; translocated to, 1 (cyclin D related)|zinc finger MYND domain-containing protein 2"
27133,1,"26258683,",KCNH5,EAG2|H-EAG2|Kv10.2|hEAG2,MIM:605716|HGNC:HGNC:6254|Ensembl:ENSG00000140015|Vega:OTTHUMG00000029041,14,14q23.2,potassium voltage-gated channel subfamily H member 5,protein-coding,"potassium voltage-gated channel subfamily H member 5|ether-a-go-go-related potassium channel 2|potassium channel, voltage gated eag related subfamily H, member 5|potassium voltage-gated channel, subfamily H (eag-related), member 5|voltage-gated potassium channel subunit Kv10.2"
1894,1,"25237947,",ECT2,ARHGEF31,MIM:600586|HGNC:HGNC:3155|Ensembl:ENSG00000114346|Vega:OTTHUMG00000156762,3,3q26.31,epithelial cell transforming 2,protein-coding,protein ECT2|epithelial cell-transforming sequence 2 oncogene
3956,2,"18519761,18671640,",LGALS1,GAL1|GBP,MIM:150570|HGNC:HGNC:6561|Ensembl:ENSG00000100097|Vega:OTTHUMG00000150661,22,22q13.1,galectin 1,protein-coding,"galectin-1|14 kDa laminin-binding protein|14 kDa lectin|HBL|HLBP14|HPL|S-Lac lectin 1|beta-galactoside-binding lectin L-14-I|beta-galactoside-binding protein 14kDa|gal-1|galaptin|lactose-binding lectin 1|lectin, galactoside-binding, soluble, 1|putative MAPK-activating protein PM12"
23682,1,"24026199,",RAB38,NY-MEL-1|rrGTPbp,MIM:606281|HGNC:HGNC:9776|Ensembl:ENSG00000123892|Vega:OTTHUMG00000167288,11,11q14.2,"RAB38, member RAS oncogene family",protein-coding,ras-related protein Rab-38|Rab-related GTP-binding protein|melanoma antigen NY-MEL-1
3586,8,"21057561,22628023,23570798,26516307,23613317,30253331,14592815,20306684,",IL10,CSIF|GVHDS|IL-10|IL10A|TGIF,MIM:124092|HGNC:HGNC:5962|Ensembl:ENSG00000136634|Vega:OTTHUMG00000036386,1,1q32.1,interleukin 10,protein-coding,interleukin-10|T-cell growth inhibitory factor|cytokine synthesis inhibitory factor
121227,1,"19216216,",LRIG3,LIG3,MIM:608870|HGNC:HGNC:30991|Ensembl:ENSG00000139263|Vega:OTTHUMG00000169940,12,12q14.1,leucine rich repeats and immunoglobulin like domains 3,protein-coding,leucine-rich repeats and immunoglobulin-like domains protein 3|LIG-3
2260,8,"28646488,26083571,27791984,27608415,21527531,21937681,29728520,28468611,",FGFR1,BFGFR|CD331|CEK|ECCL|FGFBR|FGFR-1|FLG|FLT-2|FLT2|HBGFR|HH2|HRTFDS|KAL2|N-SAM|OGD|bFGF-R-1,MIM:136350|HGNC:HGNC:3688|Ensembl:ENSG00000077782|Vega:OTTHUMG00000147366,8,8p11.23,fibroblast growth factor receptor 1,protein-coding,fibroblast growth factor receptor 1|FGFR1/PLAG1 fusion|FMS-like tyrosine kinase 2|basic fibroblast growth factor receptor 1|fms-related tyrosine kinase 2|heparin-binding growth factor receptor|hydroxyaryl-protein kinase|proto-oncogene c-Fgr
56834,1,"25524330,",GPR137,C11orf4|GPR137A|TM7SF1L1,HGNC:HGNC:24300|Ensembl:ENSG00000173264|Vega:OTTHUMG00000167817,11,11q13.1,G protein-coupled receptor 137,protein-coding,integral membrane protein GPR137|transmembrane 7 superfamily member 1-like 1 protein
28996,3,"18408760,19794125,20360400,",HIPK2,PRO0593,MIM:606868|HGNC:HGNC:14402|Ensembl:ENSG00000064393|Vega:OTTHUMG00000157704,7,7q34,homeodomain interacting protein kinase 2,protein-coding,homeodomain-interacting protein kinase 2|hHIPk2
25937,1,"22190458,",WWTR1,TAZ,MIM:607392|HGNC:HGNC:24042|Ensembl:ENSG00000018408|Vega:OTTHUMG00000159614,3,3q25.1,WW domain containing transcription regulator 1,protein-coding,WW domain-containing transcription regulator protein 1|transcriptional co-activator with PDZ-binding motif
5033,1,"28964577,",P4HA1,P4HA,MIM:176710|HGNC:HGNC:8546|Ensembl:ENSG00000122884|Vega:OTTHUMG00000018449,10,10q22.1,prolyl 4-hydroxylase subunit alpha 1,protein-coding,"prolyl 4-hydroxylase subunit alpha-1|C-P4Halpha(I)|collagen prolyl 4-hydroxylase alpha(I)|procollagen-proline, 2-oxoglutarate 4-dioxygenase (proline 4-hydroxylase), alpha polypeptide I|procollagen-proline,2-oxoglutarate-4-dioxygenase subunit alpha-1|prolyl 4-hydroxylase, alpha polypeptide I"
23581,1,"23408445,",CASP14,ARCI12,MIM:605848|HGNC:HGNC:1502|Ensembl:ENSG00000105141|Vega:OTTHUMG00000183205,19,19p13.12,caspase 14,protein-coding,"caspase-14|CASP-14|apoptosis-related cysteine protease|caspase 14, apoptosis-related cysteine peptidase|caspase 14, apoptosis-related cysteine protease"
9966,1,"24023314,",TNFSF15,TL1|TL1A|TNLG1B|VEGI|VEGI192A,MIM:604052|HGNC:HGNC:11931|Ensembl:ENSG00000181634|Vega:OTTHUMG00000021011,9,9q32,TNF superfamily member 15,protein-coding,"tumor necrosis factor ligand superfamily member 15|TNF ligand-related molecule 1|TNF superfamily ligand TL1A|tumor necrosis factor (ligand) superfamily, member 15|tumor necrosis factor ligand 1B|tumor necrosis factor superfamily member 15|vascular endothelial cell growth inhibitor|vascular endothelial growth inhibitor-192A"
4172,2,"20661220,26504025,",MCM3,HCC5|P1-MCM3|P1.h|RLFB,MIM:602693|HGNC:HGNC:6945|Ensembl:ENSG00000112118|Vega:OTTHUMG00000014844,6,6p12.2,minichromosome maintenance complex component 3,protein-coding,"DNA replication licensing factor MCM3|DNA polymerase alpha holoenzyme-associated protein P1|DNA replication factor MCM3|MCM3 minichromosome maintenance deficient 3|RLF subunit beta|cervical cancer proto-oncogene 5|hRlf beta subunit|minichromosome maintenance deficient 3|p102|replication licensing factor, beta subunit"
9076,1,"20546350,",CLDN1,CLD1|ILVASC|SEMP1,MIM:603718|HGNC:HGNC:2032|Ensembl:ENSG00000163347|Vega:OTTHUMG00000156214,3,3q28,claudin 1,protein-coding,claudin-1|senescence-associated epithelial membrane protein 1
4656,1,"17378694,",MYOG,MYF4|bHLHc3|myf-4,MIM:159980|HGNC:HGNC:7612|Ensembl:ENSG00000122180|Vega:OTTHUMG00000042127,1,1q32.1,myogenin,protein-coding,myogenin|class C basic helix-loop-helix protein 3|myogenic factor 4
6391,9,"24758179,27700540,29126304,11897817,15342702,21106325,20236688,26652933,17804857,",SDHC,CYB560|CYBL|PGL3|QPS1|SDH3,MIM:602413|HGNC:HGNC:10682|Ensembl:ENSG00000143252|Vega:OTTHUMG00000034468,1,1q23.3,succinate dehydrogenase complex subunit C,protein-coding,"succinate dehydrogenase cytochrome b560 subunit, mitochondrial|cytochrome B large subunit of complex II|integral membrane protein CII-3b|large subunit of cytochrome b|succinate dehydrgenase cytochrome b|succinate dehydrogenase 3, integral membrane subunit|succinate dehydrogenase complex subunit C integral membrane protein 15kDa|succinate dehydrogenase complex, subunit C, integral membrane protein, 15kD|succinate-ubiquinone oxidoreductase cytochrome B large subunit"
3565,1,"26674732,",IL4,BCGF-1|BCGF1|BSF-1|BSF1|IL-4,MIM:147780|HGNC:HGNC:6014|Ensembl:ENSG00000113520|Vega:OTTHUMG00000059724,5,5q31.1,interleukin 4,protein-coding,interleukin-4|B cell growth factor 1|B_cell stimulatory factor 1|binetrakin|interleukin 4 variant 2|lymphocyte stimulatory factor 1|pitrakinra
54949,2,"28099933,24973967,",SDHAF2,C11orf79|PGL2|SDH5,MIM:613019|HGNC:HGNC:26034|Ensembl:ENSG00000167985|Ensembl:ENSG00000256591|Vega:OTTHUMG00000168148|Vega:OTTHUMG00000168279,11,11q12.2,succinate dehydrogenase complex assembly factor 2,protein-coding,"succinate dehydrogenase assembly factor 2, mitochondrial|SDH assembly factor 2|hSDH5|succinate dehydrogenase subunit 5, mitochondrial"
3398,2,"18085637,23390122,",ID2,GIG8|ID2A|ID2H|bHLHb26,MIM:600386|HGNC:HGNC:5361|Ensembl:ENSG00000115738|Vega:OTTHUMG00000112454,2,2p25.1,"inhibitor of DNA binding 2, HLH protein",protein-coding,"DNA-binding protein inhibitor ID-2|DNA-binding protein inhibitor ID2|cell growth-inhibiting gene 8|class B basic helix-loop-helix protein 26|helix-loop-helix protein ID2|inhibitor of DNA binding 2, dominant negative helix-loop-helix protein|inhibitor of differentiation 2"
2923,1,"29207176,",PDIA3,ER60|ERp57|ERp60|ERp61|GRP57|GRP58|HEL-S-269|HEL-S-93n|HsT17083|P58|PI-PLC,MIM:602046|HGNC:HGNC:4606|Ensembl:ENSG00000167004|Vega:OTTHUMG00000044444,15,15q15.3,protein disulfide isomerase family A member 3,protein-coding,"protein disulfide-isomerase A3|58 kDa glucose-regulated protein|58 kDa microsomal protein|ER protein 57|ER protein 60|disulfide isomerase ER-60|endoplasmic reticulum P58|endoplasmic reticulum resident protein 57|endoplasmic reticulum resident protein 60|epididymis secretory protein Li 269|epididymis secretory sperm binding protein Li 93n|glucose regulated protein, 58kDa|phospholipase C-alpha|protein disulfide isomerase-associated 3"
7042,1,"17453002,",TGFB2,G-TSF|LDS4|TGF-beta2,MIM:190220|HGNC:HGNC:11768|Ensembl:ENSG00000092969|Vega:OTTHUMG00000039521,1,1q41,transforming growth factor beta 2,protein-coding,transforming growth factor beta-2|BSC-1 cell growth inhibitor|cetermin|glioblastoma-derived T-cell suppressor factor|polyergin|prepro-transforming growth factor beta-2
8553,2,"16136500,27591677,",BHLHE40,BHLHB2|Clast5|DEC1|HLHB2|SHARP-2|SHARP2|STRA13|Stra14,MIM:604256|HGNC:HGNC:1046|Ensembl:ENSG00000134107|Vega:OTTHUMG00000119035,3,3p26.1,basic helix-loop-helix family member e40,protein-coding,"class E basic helix-loop-helix protein 40|basic helix-loop-helix domain containing, class B, 2|class B basic helix-loop-helix protein 2|differentially expressed in chondrocytes 1|differentially expressed in chondrocytes protein 1|differentiated embryo chondrocyte expressed gene 1|enhancer-of-split and hairy-related protein 2|stimulated by retinoic acid gene 13 protein"
29851,2,"20207847,30087107,",ICOS,AILIM|CD278|CVID1,MIM:604558|HGNC:HGNC:5351|Ensembl:ENSG00000163600|Vega:OTTHUMG00000132880,2,2q33.2,inducible T-cell costimulator,protein-coding,inducible T-cell costimulator|activation-inducible lymphocyte immunomediatory molecule|inducible T-cell co-stimulator|inducible costimulator
2113,3,"16894529,19148472,16722933,",ETS1,ETS-1|EWSR2|c-ets-1|p54,MIM:164720|HGNC:HGNC:3488|Ensembl:ENSG00000134954|Vega:OTTHUMG00000165799,11,11q24.3,"ETS proto-oncogene 1, transcription factor",protein-coding,protein C-ets-1|Avian erythroblastosis virus E26 (v-ets) oncogene homolog-1|v-ets avian erythroblastosis virus E2 oncogene homolog 1|v-ets avian erythroblastosis virus E26 oncogene homolog 1
2950,8,"25735248,22502660,21128213,15642394,23065688,24460273,18584351,18425080,",GSTP1,DFN7|FAEES3|GST3|GSTP|HEL-S-22|PI,MIM:134660|HGNC:HGNC:4638|Ensembl:ENSG00000084207|Vega:OTTHUMG00000137430,11,11q13.2,glutathione S-transferase pi 1,protein-coding,"glutathione S-transferase P|GST class-pi|GSTP1-1|deafness, X-linked 7|epididymis secretory protein Li 22|fatty acid ethyl ester synthase III"
3383,5,"19306055,29086194,22541082,24289603,21895545,",ICAM1,BB2|CD54|P3.58,MIM:147840|HGNC:HGNC:5344|Ensembl:ENSG00000090339|Vega:OTTHUMG00000180403,19,19p13.2,intercellular adhesion molecule 1,protein-coding,"intercellular adhesion molecule 1|ICAM-1|cell surface glycoprotein P3.58|intercellular adhesion molecule 1 (CD54), human rhinovirus receptor|major group rhinovirus receptor"
4756,2,"22666451,23775842,",NEO1,IGDCC2|NGN|NTN1R2,MIM:601907|HGNC:HGNC:7754|Ensembl:ENSG00000067141|Vega:OTTHUMG00000133509,15,15q24.1,neogenin 1,protein-coding,neogenin|immunoglobulin superfamily DCC subclass member 2|neogenin homolog 1
10641,1,"26455908,",NPRL2,FFEVF2|NPR2|NPR2L|TUSC4,MIM:607072|HGNC:HGNC:24969|Ensembl:ENSG00000114388|Vega:OTTHUMG00000156864,3,3p21.31,"NPR2 like, GATOR1 complex subunit",protein-coding,GATOR complex protein NPRL2|nitrogen permease regulator 2-like protein|2810446G01Rik|G21 protein|NPR2-like protein|gene 21 protein|homologous to yeast nitrogen permease (candidate tumor suppressor)|tumor suppressor candidate 4
2313,1,"20308673,",FLI1,BDPLT21|EWSR2|SIC-1,MIM:193067|HGNC:HGNC:3749|Ensembl:ENSG00000151702|Vega:OTTHUMG00000165792,11,11q24.3,"Fli-1 proto-oncogene, ETS transcription factor",protein-coding,Friend leukemia integration 1 transcription factor|Ewing sarcoma breakpoint region 2|Friend leukemia virus integration 1|transcription factor ERGB
55553,1,"15696967,",SOX6,HSSOX6|SOXD,MIM:607257|HGNC:HGNC:16421|Ensembl:ENSG00000110693|Vega:OTTHUMG00000165876,11,11p15.2,SRY-box 6,protein-coding,transcription factor SOX-6|SRY (sex determining region Y)-box 6|SRY-box containing gene 6
80329,1,"26151313,",ULBP1,N2DL-1|NKG2DL1|RAET1I,MIM:605697|HGNC:HGNC:14893|Ensembl:ENSG00000111981|Vega:OTTHUMG00000015810,6,6q25.1,UL16 binding protein 1,protein-coding,NKG2D ligand 1|alcan-beta|retinoic acid early transcript 1I
3945,1,"18593994,",LDHB,HEL-S-281|LDH-B|LDH-H|LDHBD|TRG-5,MIM:150100|HGNC:HGNC:6541|Ensembl:ENSG00000111716|Vega:OTTHUMG00000133760,12,12p12.1,lactate dehydrogenase B,protein-coding,L-lactate dehydrogenase B chain|LDH heart subunit|epididymis secretory protein Li 281|lactate dehydrogenase H chain|renal carcinoma antigen NY-REN-46|testicular secretory protein Li 25
4214,1,"30483764,",MAP3K1,MAPKKK1|MEKK|MEKK 1|MEKK1|SRXY6,MIM:600982|HGNC:HGNC:6848|Ensembl:ENSG00000095015|Vega:OTTHUMG00000059486,5,5q11.2,mitogen-activated protein kinase kinase kinase 1,protein-coding,"mitogen-activated protein kinase kinase kinase 1|MAP/ERK kinase kinase 1|MAPK/ERK kinase kinase 1|MEK kinase 1|mitogen-activated protein kinase kinase kinase 1, E3 ubiquitin protein ligase"
115290,1,"30064493,",FBXO17,FBG4|FBX26|FBXO26|Fbx17,MIM:609094|HGNC:HGNC:18754|Ensembl:ENSG00000269190,19,19q13.2,F-box protein 17,protein-coding,F-box only protein 17|F-box only protein 26|F-box protein FBG4
7083,4,"18981415,23229746,21505426,20450760,",TK1,TK2,MIM:188300|HGNC:HGNC:11830|Ensembl:ENSG00000167900|Vega:OTTHUMG00000150674,17,17q25.3,thymidine kinase 1,protein-coding,"thymidine kinase, cytosolic|thymidine kinase 1 soluble isoform"
4920,1,"23278988,",ROR2,BDB|BDB1|NTRKR2,MIM:602337|HGNC:HGNC:10257|Ensembl:ENSG00000169071|Vega:OTTHUMG00000020211,9,9q22.31,receptor tyrosine kinase like orphan receptor 2,protein-coding,tyrosine-protein kinase transmembrane receptor ROR2|neurotrophic tyrosine kinase receptor-related 2
7128,4,"28682481,19412163,19608751,19380636,",TNFAIP3,A20|AISBL|OTUD7C|TNFA1P2,MIM:191163|HGNC:HGNC:11896|Ensembl:ENSG00000118503|Vega:OTTHUMG00000015664,6,6q23.3,TNF alpha induced protein 3,protein-coding,"tumor necrosis factor alpha-induced protein 3|OTU domain-containing protein 7C|putative DNA-binding protein A20|tumor necrosis factor inducible protein A20|tumor necrosis factor, alpha induced protein 3|zinc finger protein A20"
51426,1,"20164241,",POLK,DINB1|DINP|POLQ,MIM:605650|HGNC:HGNC:9183|Ensembl:ENSG00000122008|Vega:OTTHUMG00000102107,5,5q13.3,DNA polymerase kappa,protein-coding,DNA polymerase kappa|polymerase (DNA directed) kappa
8862,1,"17412318,",APLN,APEL|XNPEP2,MIM:300297|HGNC:HGNC:16665|Ensembl:ENSG00000171388|Vega:OTTHUMG00000022371,X,Xq26.1,apelin,protein-coding,apelin|AGTRL1 ligand|APJ endogenous ligand
6615,1,"21646478,",SNAI1,SLUGH2|SNA|SNAH|SNAIL|SNAIL1|dJ710H13.1,MIM:604238|HGNC:HGNC:11128|Ensembl:ENSG00000124216|Vega:OTTHUMG00000033048,20,20q13.13,snail family transcriptional repressor 1,protein-coding,zinc finger protein SNAI1|protein sna|protein snail homolog 1|snail 1 homolog|snail 1 zinc finger protein|snail family zinc finger 1|snail homolog 1
9101,1,"28005997,",USP8,HumORF8|SPG59|UBPY,MIM:603158|HGNC:HGNC:12631|Ensembl:ENSG00000138592|Vega:OTTHUMG00000131645,15,15q21.2,ubiquitin specific peptidase 8,protein-coding,ubiquitin carboxyl-terminal hydrolase 8|deubiquitinating enzyme 8|ubiquitin isopeptidase Y|ubiquitin thiolesterase 8|ubiquitin-specific-processing protease 8
2014,1,"17610521,",EMP3,YMP,MIM:602335|HGNC:HGNC:3335|Ensembl:ENSG00000142227|Vega:OTTHUMG00000183196,19,19q13.33,epithelial membrane protein 3,protein-coding,epithelial membrane protein 3|EMP-3|HNMP-1|hematopoietic neural membrane protein 1
9770,1,"25621889,",RASSF2,CENP-34|RASFADIN,MIM:609492|HGNC:HGNC:9883|Ensembl:ENSG00000101265|Vega:OTTHUMG00000031790,20,20p13,Ras association domain family member 2,protein-coding,ras association domain-containing protein 2|Ras association (RalGDS/AF-6) domain family 2|Ras association (RalGDS/AF-6) domain family member 2|centromere protein 34
9283,1,"30452905,",GPR37L1,ET(B)R-LP-2|ETBR-LP-2,HGNC:HGNC:14923|Ensembl:ENSG00000170075|Vega:OTTHUMG00000035924,1,1q32.1,G protein-coupled receptor 37 like 1,protein-coding,prosaposin receptor GPR37L1|endothelin B receptor-like protein 2|endothelin type b receptor-like protein 2
399,1,"17476282,",RHOH,ARHH|TTF,MIM:602037|HGNC:HGNC:686|Ensembl:ENSG00000168421|Vega:OTTHUMG00000099373,4,4p14,ras homolog family member H,protein-coding,"rho-related GTP-binding protein RhoH|GTP-binding protein TTF|TTF, translocation three four|ras homolog gene family, member H"
57650,2,"23802697,25012485,",CIP2A,KIAA1524|p90,MIM:610643|HGNC:HGNC:29302|Ensembl:ENSG00000163507|Vega:OTTHUMG00000159233,3,3q13.13,cell proliferation regulating inhibitor of protein phosphatase 2A,protein-coding,protein CIP2A|cancerous inhibitor of PP2A|cancerous inhibitor of protein phosphatase 2A|p90 autoantigen
84634,1,"21169415,",KISS1R,AXOR12|CPPB1|GPR54|HH8|HOT7T175|KISS-1R,MIM:604161|HGNC:HGNC:4510|Ensembl:ENSG00000116014|Vega:OTTHUMG00000181900,19,19p13.3,KISS1 receptor,protein-coding,kiSS-1 receptor|G protein-coupled receptor 54|G-protein coupled receptor OT7T175|hypogonadotropin-1|kisspeptins receptor|metastin receptor
5788,2,"19332764,28982901,",PTPRC,B220|CD45|CD45R|GP180|L-CA|LCA|LY5|T200,MIM:151460|HGNC:HGNC:9666|Ensembl:ENSG00000081237|Vega:OTTHUMG00000035702,1,1q31.3-q32.1,"protein tyrosine phosphatase, receptor type C",protein-coding,"receptor-type tyrosine-protein phosphatase C|CD45 antigen|T200 glycoprotein|T200 leukocyte common antigen|protein tyrosine phosphatase, receptor type, c polypeptide"
3399,3,"23768125,24222112,24493312,",ID3,HEIR-1|bHLHb25,MIM:600277|HGNC:HGNC:5362|Ensembl:ENSG00000117318,1,1p36.12,"inhibitor of DNA binding 3, HLH protein",protein-coding,"DNA-binding protein inhibitor ID-3|ID-like protein inhibitor HLH 1R21|class B basic helix-loop-helix protein 25|helix-loop-helix protein HEIR-1|inhibitor of DNA binding 3, dominant negative helix-loop-helix protein|inhibitor of differentiation 3"
9817,1,"21173573,",KEAP1,INrf2|KLHL19,MIM:606016|HGNC:HGNC:23177|Ensembl:ENSG00000079999|Vega:OTTHUMG00000180579,19,19p13.2,kelch like ECH associated protein 1,protein-coding,kelch-like ECH-associated protein 1|cytosolic inhibitor of Nrf2|kelch-like family member 19|kelch-like protein 19
5426,2,"25740784,28034776,",POLE,CRCS12|FILS|POLE1,MIM:174762|HGNC:HGNC:9177|Ensembl:ENSG00000177084|Vega:OTTHUMG00000168045,12,12q24.33,"DNA polymerase epsilon, catalytic subunit",protein-coding,"DNA polymerase epsilon catalytic subunit A|DNA polymerase II subunit A|DNA polymerase epsilon catalytic subunit protein|polymerase (DNA directed), epsilon, catalytic subunit|polymerase (DNA) epsilon, catalytic subunit"
3575,1,"22281704,",IL7R,CD127|CDW127|IL-7R-alpha|IL7RA|ILRA,MIM:146661|HGNC:HGNC:6024|Ensembl:ENSG00000168685|Vega:OTTHUMG00000090791,5,5p13.2,interleukin 7 receptor,protein-coding,interleukin-7 receptor subunit alpha|CD127 antigen|IL-7 receptor subunit alpha|IL-7R subunit alpha|interleukin 7 receptor alpha chain|interleukin 7 receptor isoform H5-6
213,1,"23182422,",ALB,HSA|PRO0883|PRO0903|PRO1341,MIM:103600|HGNC:HGNC:399|Ensembl:ENSG00000163631|Vega:OTTHUMG00000129919,4,4q13.3,albumin,protein-coding,serum albumin
5230,2,"30392930,22742733,",PGK1,HEL-S-68p|MIG10|PGKA,MIM:311800|HGNC:HGNC:8896|Ensembl:ENSG00000102144|Vega:OTTHUMG00000021888,X,Xq21.1,phosphoglycerate kinase 1,protein-coding,phosphoglycerate kinase 1|PRP 2|cell migration-inducing gene 10 protein|epididymis secretory sperm binding protein Li 68p|primer recognition protein 2
6424,1,"18079202,",SFRP4,FRP-4|FRPHE|PYL|sFRP-4,MIM:606570|HGNC:HGNC:10778|Ensembl:ENSG00000106483|Vega:OTTHUMG00000023026,7,7p14.1,secreted frizzled related protein 4,protein-coding,"secreted frizzled-related protein 4|frizzled protein, human endometrium|secreted frizzled-related protein 4; secreted frizzled-related protein 4"
816,1,"21952434,",CAMK2B,CAM2|CAMK2|CAMKB,MIM:607707|HGNC:HGNC:1461|Ensembl:ENSG00000058404|Vega:OTTHUMG00000023491,7,7p13,calcium/calmodulin dependent protein kinase II beta,protein-coding,calcium/calmodulin-dependent protein kinase type II subunit beta|CaM kinase II beta subunit|CaM-kinase II beta chain|caMK-II subunit beta|proline rich calmodulin-dependent protein kinase
7494,3,"19389935,21138464,19176362,",XBP1,TREB-5|TREB5|XBP-1|XBP2,MIM:194355|HGNC:HGNC:12801|Ensembl:ENSG00000100219|Vega:OTTHUMG00000151094,22,22q12.1|22q12,X-box binding protein 1,protein-coding,X-box-binding protein 1|tax-responsive element-binding protein 5
5371,1,"21037079,",PML,MYL|PP8675|RNF71|TRIM19,MIM:102578|HGNC:HGNC:9113|Ensembl:ENSG00000140464|Vega:OTTHUMG00000137607,15,15q24.1,promyelocytic leukemia,protein-coding,"protein PML|PML/RARA fusion|RING finger protein 71|probable transcription factor PML|promyelocytic leukemia protein|promyelocytic leukemia, inducer of|tripartite motif protein TRIM19|tripartite motif-containing protein 19"
6357,1,"19125409,",CCL13,CKb10|MCP-4|NCC-1|NCC1|SCYA13|SCYL1,MIM:601391|HGNC:HGNC:10611|Ensembl:ENSG00000181374|Vega:OTTHUMG00000132890,17,17q12,C-C motif chemokine ligand 13,protein-coding,"C-C motif chemokine 13|CK-beta-10|chemokine (C-C motif) ligand 13|monocyte chemoattractant protein 4|monocyte chemotactic protein 4|new CC chemokine 1|small inducible cytokine subfamily A (Cys-Cys), member 13|small-inducible cytokine A13"
4009,1,"22882568,",LMX1A,LMX1|LMX1.1,MIM:600298|HGNC:HGNC:6653|Ensembl:ENSG00000162761|Vega:OTTHUMG00000034575,1,1q23.3,LIM homeobox transcription factor 1 alpha,protein-coding,LIM homeobox transcription factor 1-alpha|LIM/homeobox protein 1.1
2668,1,"30059726,",GDNF,ATF|ATF1|ATF2|HFB1-GDNF|HSCR3,MIM:600837|HGNC:HGNC:4232|Ensembl:ENSG00000168621|Vega:OTTHUMG00000090809,5,5p13.2,glial cell derived neurotrophic factor,protein-coding,glial cell line-derived neurotrophic factor|astrocyte-derived trophic factor
8404,1,"21688302,",SPARCL1,MAST 9|MAST9|PIG33|SC1,MIM:606041|HGNC:HGNC:11220|Ensembl:ENSG00000152583|Vega:OTTHUMG00000130605,4,4q22.1,SPARC like 1,protein-coding,SPARC-like protein 1|SPARC-like 1 (hevin)|high endothelial venule protein|proliferation-inducing protein 33
1062,1,"26933822,",CENPE,CENP-E|KIF10|MCPH13|PPP1R61,MIM:117143|HGNC:HGNC:1856|Ensembl:ENSG00000138778|Vega:OTTHUMG00000160980,4,4q24,centromere protein E,protein-coding,"centromere-associated protein E|Centromere autoantigen E (312kD)|centromere protein E, 312kDa|kinesin family member 10|kinesin-7|kinesin-related protein CENPE|protein phosphatase 1, regulatory subunit 61"
3159,4,"21984063,26009886,27486901,22249617,",HMGA1,HMG-R|HMGA1A|HMGIY,MIM:600701|HGNC:HGNC:5010|Ensembl:ENSG00000137309|Vega:OTTHUMG00000014539,6,6p21.31,high mobility group AT-hook 1,protein-coding,high mobility group protein HMG-I/HMG-Y|high mobility group protein A1|high mobility group protein R|high-mobility group (nonhistone chromosomal) protein isoforms I and Y|nonhistone chromosomal high-mobility group protein HMG-I/HMG-Y
54596,1,"26159230,",L1TD1,ECAT11,HGNC:HGNC:25595|Ensembl:ENSG00000240563|Vega:OTTHUMG00000008914,1,1p31.3,LINE1 type transposase domain containing 1,protein-coding,LINE-1 type transposase domain-containing protein 1|ES cell-associated protein 11|LINE-1 type transposase domain containing 1
7178,1,"25363345,",TPT1,HRF|TCTP|p02|p23,MIM:600763|HGNC:HGNC:12022|Ensembl:ENSG00000133112|Vega:OTTHUMG00000016845,13,13q14.13,"tumor protein, translationally-controlled 1",protein-coding,translationally-controlled tumor protein|fortilin|histamine-releasing factor
2043,1,"26345456,",EPHA4,HEK8|SEK|TYRO1,MIM:602188|HGNC:HGNC:3388|Ensembl:ENSG00000116106|Vega:OTTHUMG00000133142,2,2q36.1,EPH receptor A4,protein-coding,ephrin type-A receptor 4|EK8|EPH-like kinase 8|TYRO1 protein tyrosine kinase|receptor protein-tyrosine kinase HEK8|tyrosine-protein kinase TYRO1|tyrosine-protein kinase receptor SEK
1457,3,"27098015,25788269,25241897,",CSNK2A1,CK2A1|CKII|CSNK2A3|Cka1|Cka2|OCNDS,MIM:115440|HGNC:HGNC:2457|Ensembl:ENSG00000101266|Vega:OTTHUMG00000031636,20,20p13,casein kinase 2 alpha 1,protein-coding,"casein kinase II subunit alpha|CK II alpha 3|CK2 catalytic subunit alpha|casein kinase 2, alpha 1 polypeptide|casein kinase II alpha 1 polypeptide pseudogene|casein kinase II alpha 1 subunit|protein kinase CK2"
9294,1,"24903384,",S1PR2,AGR16|DFNB68|EDG-5|EDG5|Gpcr13|H218|LPB2|S1P2,MIM:605111|HGNC:HGNC:3169|Ensembl:ENSG00000267534|Vega:OTTHUMG00000180399,19,19p13.2,sphingosine-1-phosphate receptor 2,protein-coding,"sphingosine 1-phosphate receptor 2|CTD-2369P2.2|S1P receptor 2|S1P receptor EDG5|S1P receptor Edg-5|deafness, autosomal recessive 68|endothelial differentiation G-protein coupled receptor 5|endothelial differentiation, sphingolipid G-protein-coupled receptor, 5|sphingosine 1-phosphate receptor Edg-5"
55799,1,"27583705,",CACNA2D3,HSA272268,MIM:606399|HGNC:HGNC:15460|Ensembl:ENSG00000157445|Vega:OTTHUMG00000158580,3,3p21.1-p14.3,calcium voltage-gated channel auxiliary subunit alpha2delta 3,protein-coding,"voltage-dependent calcium channel subunit alpha-2/delta-3|calcium channel alpha2-delta3 subunit|calcium channel, voltage-dependent, alpha 2/delta 3 subunit|calcium channel, voltage-dependent, alpha 2/delta subunit 3|voltage-gated calcium channel subunit alpha-2/delta-3"
5155,5,"14997209,21754979,12176024,17438529,19165863,",PDGFB,IBGC5|PDGF-2|PDGF2|SIS|SSV|c-sis,MIM:190040|HGNC:HGNC:8800|Ensembl:ENSG00000100311|Vega:OTTHUMG00000151029,22,22q13.1,platelet derived growth factor subunit B,protein-coding,"platelet-derived growth factor subunit B|PDGF subunit B|PDGF, B chain|becaplermin|platelet-derived growth factor 2|platelet-derived growth factor B chain|platelet-derived growth factor beta polypeptide (simian sarcoma viral (v-sis) oncogene homolog)|platelet-derived growth factor, beta polypeptide (oncogene SIS)|proto-oncogene c-Sis"
329,2,"16983704,18378896,",BIRC2,API1|HIAP2|Hiap-2|MIHB|RNF48|c-IAP1|cIAP1,MIM:601712|HGNC:HGNC:590|Ensembl:ENSG00000110330|Vega:OTTHUMG00000167325,11,11q22.2,baculoviral IAP repeat containing 2,protein-coding,baculoviral IAP repeat-containing protein 2|IAP homolog B|IAP-2|NFR2-TRAF signalling complex protein|RING finger protein 48|RING-type E3 ubiquitin transferase BIRC2|TNFR2-TRAF-signaling complex protein 2|apoptosis inhibitor 1|cellular inhibitor of apoptosis 1|inhibitor of apoptosis protein 2
56884,1,"21911727,",FSTL5,-,HGNC:HGNC:21386|Ensembl:ENSG00000168843|Vega:OTTHUMG00000161397,4,4q32.2,follistatin like 5,protein-coding,follistatin-related protein 5|follistatin-like protein 5
8764,2,"29858685,27297871,",TNFRSF14,ATAR|CD270|HVEA|HVEM|LIGHTR|TR2,MIM:602746|HGNC:HGNC:11912|Ensembl:ENSG00000157873|Vega:OTTHUMG00000000792,1,1p36.32,TNF receptor superfamily member 14,protein-coding,"tumor necrosis factor receptor superfamily member 14|CD40-like protein|herpes virus entry mediator A|tumor necrosis factor receptor superfamily, member 14 (herpesvirus entry mediator)|tumor necrosis factor receptor-like gene2"
5111,1,"18510217,",PCNA,ATLD2,MIM:176740|HGNC:HGNC:8729|Ensembl:ENSG00000132646|Vega:OTTHUMG00000031798,20,20p12.3,proliferating cell nuclear antigen,protein-coding,proliferating cell nuclear antigen|DNA polymerase delta auxiliary protein|cyclin
116448,1,"17690840,",OLIG1,BHLHB6|BHLHE21,MIM:606385|HGNC:HGNC:16983|Ensembl:ENSG00000184221|Vega:OTTHUMG00000065064,21,21q22.11,oligodendrocyte transcription factor 1,protein-coding,"oligodendrocyte transcription factor 1|basic domain, helix-loop-helix protein, class B, 6|class B basic helix-loop-helix protein 6|class E basic helix-loop-helix protein 21|oligo1|oligodendrocyte lineage transcription factor 1|oligodendrocyte-specific bHLH transcription factor 1"
53358,1,"19748727,",SHC3,N-Shc|NSHC|RAI|SHCC,MIM:605263|HGNC:HGNC:18181|Ensembl:ENSG00000148082|Vega:OTTHUMG00000020179,9,9q22.1,SHC adaptor protein 3,protein-coding,SHC-transforming protein 3|SH2 domain protein C3|SHC (Src homology 2 domain containing) transforming protein 3|SHC-transforming protein C|Shc3 p51|neuronal Shc|protein Rai|src homology 2 domain-containing transforming protein C3
5216,1,"24747440,",PFN1,ALS18,MIM:176610|HGNC:HGNC:8881|Ensembl:ENSG00000108518|Vega:OTTHUMG00000099396,17,17p13.2,profilin 1,protein-coding,profilin-1|epididymis tissue protein Li 184a|profilin I
50617,1,"22460948,",ATP6V0A4,A4|ATP6N1B|ATP6N2|RDRTA2|RTA1C|RTADR|STV1|VPH1|VPP2,MIM:605239|HGNC:HGNC:866|Ensembl:ENSG00000105929|Vega:OTTHUMG00000157122,7,7q34,ATPase H+ transporting V0 subunit a4,protein-coding,"V-type proton ATPase 116 kDa subunit a isoform 4|V-type proton ATPase 116 kDa subunit a|ATPase, H+ transporting, lysosomal (vacuolar proton pump) non-catalytic accessory protein 1B|ATPase, H+ transporting, lysosomal (vacuolar proton pump) non-catalytic accessory protein 2 (38kD)|ATPase, H+ transporting, lysosomal V0 subunit a4|H(+)-transporting two-sector ATPase, noncatalytic accessory protein 1B|V-ATPase 116 kDa|vacuolar proton pump 116 kDa accessory subunit|vacuolar proton pump, subunit 2|vacuolar proton translocating ATPase 116 kDa subunit a kidney isoform"
3736,1,"20823417,",KCNA1,AEMK|EA1|HBK1|HUK1|KV1.1|MBK1|MK1|RBK1,MIM:176260|HGNC:HGNC:6218|Ensembl:ENSG00000111262|Vega:OTTHUMG00000044398,12,12p13.32,potassium voltage-gated channel subfamily A member 1,protein-coding,"potassium voltage-gated channel subfamily A member 1|potassium channel, voltage gated shaker related subfamily A, member 1|potassium voltage-gated channel, shaker-related subfamily, member 1 (episodic ataxia with myokymia)|voltage-gated K(+) channel HuKI|voltage-gated potassium channel HBK1|voltage-gated potassium channel subunit Kv1.1"
4603,1,"23633565,",MYBL1,A-MYB|AMYB,MIM:159405|HGNC:HGNC:7547|Ensembl:ENSG00000185697|Vega:OTTHUMG00000164559,8,8q13.1,MYB proto-oncogene like 1,protein-coding,myb-related protein A|myb-like protein 1|v-myb avian myeloblastosis viral oncogene homolog-like 1
5303,1,"30314361,",PIN4,EPVH|PAR14|PAR17,MIM:300252|HGNC:HGNC:8992|Ensembl:ENSG00000102309|Vega:OTTHUMG00000021811,X,Xq13.1,"peptidylprolyl cis/trans isomerase, NIMA-interacting 4",protein-coding,"peptidyl-prolyl cis-trans isomerase NIMA-interacting 4|PPIase PIN4|eukaryotic parvulin homolog|hEPVH|hPar14|hPar17|parvulin|parvulin-14|parvulin-17|peptidyl-prolyl cis-trans isomerase Pin4|peptidyl-prolyl cis/trans isomerase EPVH|protein (peptidylprolyl cis/trans isomerase) NIMA-interacting, 4 (parvulin)|rotamase PIN4"
7099,2,"15796767,18042837,",TLR4,ARMD10|CD284|TLR-4|TOLL,MIM:603030|HGNC:HGNC:11850|Ensembl:ENSG00000136869|Vega:OTTHUMG00000021046,9,9q33.1,toll like receptor 4,protein-coding,toll-like receptor 4|hToll|homolog of Drosophila toll
6284,1,"16773219,",S100A13,-,MIM:601989|HGNC:HGNC:10490|Ensembl:ENSG00000189171|Vega:OTTHUMG00000036641,1,1q21.3,S100 calcium binding protein A13,protein-coding,protein S100-A13
6664,4,"30221780,22967417,23619925,26762898,",SOX11,MRD27,MIM:600898|HGNC:HGNC:11191|Ensembl:ENSG00000176887|Vega:OTTHUMG00000090333,2,2p25.2,SRY-box 11,protein-coding,transcription factor SOX-11|SRY (sex-determining region Y)-box 11|SRY-related HMG-box gene 11
10057,1,"23271324,",ABCC5,ABC33|EST277145|MOAT-C|MOATC|MRP5|SMRP|pABC11,MIM:605251|HGNC:HGNC:56|Ensembl:ENSG00000114770|Vega:OTTHUMG00000156871,3,3q27.1,ATP binding cassette subfamily C member 5,protein-coding,"multidrug resistance-associated protein 5|ATP-binding cassette, sub-family C (CFTR/MRP), member 5|canalicular multispecific organic anion transporter C|multi-specific organic anion transporter C"
23418,1,"17234588,",CRB1,LCA8|RP12,MIM:604210|HGNC:HGNC:2343|Ensembl:ENSG00000134376|Vega:OTTHUMG00000035663,1,1q31.3,"crumbs 1, cell polarity complex component",protein-coding,"protein crumbs homolog 1|crumbs family member 1, photoreceptor morphogenesis associated"
6670,1,"17616668,",SP3,SPR2,MIM:601804|HGNC:HGNC:11208|Ensembl:ENSG00000172845|Vega:OTTHUMG00000132333,2,2q31.1,Sp3 transcription factor,protein-coding,transcription factor Sp3|GC-binding transcription factor Sp3|specificity protein 3
2147,2,"23204518,11956584,",F2,PT|RPRGL2|THPH1,MIM:176930|HGNC:HGNC:3535|Ensembl:ENSG00000180210|Vega:OTTHUMG00000150344,11,11p11.2,"coagulation factor II, thrombin",protein-coding,prothrombin|prepro-coagulation factor II|prothrombin B-chain|serine protease
3621,1,"14676120,",ING1,p24ING1c|p33|p33ING1|p33ING1b|p47|p47ING1a,MIM:601566|HGNC:HGNC:6062|Ensembl:ENSG00000153487|Vega:OTTHUMG00000017346,13,13q34,inhibitor of growth family member 1,protein-coding,inhibitor of growth protein 1|growth inhibitor ING1|growth inhibitory protein ING1|tumor suppressor ING1
6520,1,"20091333,",SLC3A2,4F2|4F2HC|4T2HC|CD98|CD98HC|MDU1|NACAE,MIM:158070|HGNC:HGNC:11026|Ensembl:ENSG00000168003|Vega:OTTHUMG00000074091,11,11q12.3,solute carrier family 3 member 2,protein-coding,"4F2 cell-surface antigen heavy chain|CD98 heavy chain|antigen defined by monoclonal antibody 4F2, heavy chain|antigen identified by monoclonal antibodies 4F2, TRA1.10, TROP4, and T43|lymphocyte activation antigen 4F2 large subunit|monoclonal antibody 44D7|solute carrier family 3 (activators of dibasic and neutral amino acid transport), member 2|solute carrier family 3 (amino acid transporter heavy chain), member 2"
163732,1,"18722883,",CITED4,-,MIM:606815|HGNC:HGNC:18696|Ensembl:ENSG00000179862|Vega:OTTHUMG00000007728,1,1p34.2|1p35-p34,Cbp/p300 interacting transactivator with Glu/Asp rich carboxy-terminal domain 4,protein-coding,cbp/p300-interacting transactivator 4|MRG-2|MSG1-related protein 2|transcriptional co-activator 4
55054,1,"28302031,",ATG16L1,APG16L|ATG16A|ATG16L|IBD10|WDR30,MIM:610767|HGNC:HGNC:21498|Ensembl:ENSG00000085978,2,2q37.1,autophagy related 16 like 1,protein-coding,autophagy-related protein 16-1|APG16L beta|ATG16 autophagy related 16-like 1|WD repeat domain 30
7430,1,"19088174,",EZR,CVIL|CVL|HEL-S-105|VIL2,MIM:123900|HGNC:HGNC:12691|Ensembl:ENSG00000092820|Vega:OTTHUMG00000015917,6,6q25.3,ezrin,protein-coding,ezrin|cytovillin 2|epididymis secretory protein Li 105|p81|villin 2 (ezrin)
672,1,"22044372,",BRCA1,BRCAI|BRCC1|BROVCA1|FANCS|IRIS|PNCA4|PPP1R53|PSCP|RNF53,MIM:113705|HGNC:HGNC:1100|Ensembl:ENSG00000012048|Vega:OTTHUMG00000157426,17,17q21.31,"BRCA1, DNA repair associated",protein-coding,"breast cancer type 1 susceptibility protein|BRCA1/BRCA2-containing complex, subunit 1|Fanconi anemia, complementation group S|RING finger protein 53|breast and ovarian cancer susceptibility protein 1|breast cancer 1, early onset|early onset breast cancer 1|protein phosphatase 1, regulatory subunit 53"
93100,1,"21492230,",NAPRT,NAPRT1|PP3856,MIM:611552|HGNC:HGNC:30450|Ensembl:ENSG00000147813|Vega:OTTHUMG00000156942,8,8q24.3,nicotinate phosphoribosyltransferase,protein-coding,nicotinate phosphoribosyltransferase|FHA-HIT-interacting protein|NAPRTase|nicotinate phosphoribosyltransferase domain containing 1|nicotinate phosphoribosyltransferase domain-containing protein 1|nicotinic acid phosphoribosyltransferase
3417,171,"29535392,22790483,27245697,28148827,26338964,27553586,27428487,23063752,19117336,21088844,19340432,23817809,21314850,25674227,26834160,21643985,19933982,24068788,22360629,22922872,24311631,24970694,21284999,19636000,24590270,29097607,29633022,26095778,29414139,22052461,23330999,18985363,29369751,25962792,22427879,22217666,30194083,26558387,23236540,24532263,21784755,21575384,27626492,29396294,21069360,29676036,22166653,26957363,25511738,25849072,26006098,23015095,23840696,25005896,25783747,19935646,27664011,20975057,23451940,22410704,23486687,19915015,21781445,26091668,25008158,20133500,23504258,24405933,23532369,22343889,30277427,27576872,19755387,28402860,27982759,27353503,20367200,24004584,19411854,23934769,21643842,22688054,25008768,29288860,21516462,22922798,24324372,19667985,24958096,26008980,22825915,24557705,21080178,20510884,22772980,20465388,22528790,25790191,26918938,23581583,19435942,22432788,20427748,23934175,22399191,24722048,30299371,21922591,23486690,28404805,27468718,23111198,20874727,26524630,26188014,20473936,20603105,27144334,25701198,26061753,19543740,24473683,28110298,24129546,23064941,25407774,19228619,21955925,22890969,23410661,29328863,21690245,24903073,20725730,24847087,23894344,20174854,19903171,26945349,22748659,28869450,28748342,26337623,21885076,19246647,21898821,25164322,19915484,26911558,22147457,24868540,26545048,22869205,20615753,27120786,24305719,25078896,23689617,26328938,21755347,27780605,21163902,25135281,26314843,25033601,22824796,30427756,29172136,28116838,21294161,30558073,",IDH1,HEL-216|HEL-S-26|IDCD|IDH|IDP|IDPC|PICD,MIM:147700|HGNC:HGNC:5382|Ensembl:ENSG00000138413|Vega:OTTHUMG00000132943,2,2q34,"isocitrate dehydrogenase (NADP(+)) 1, cytosolic",protein-coding,"isocitrate dehydrogenase [NADP] cytoplasmic|NADP(+)-specific ICDH|NADP-dependent isocitrate dehydrogenase, cytosolic|NADP-dependent isocitrate dehydrogenase, peroxisomal|epididymis luminal protein 216|epididymis secretory protein Li 26|isocitrate dehydrogenase 1 (NADP+), soluble|oxalosuccinate decarboxylase"
983,3,"18230152,17359356,18069625,",CDK1,CDC2|CDC28A|P34CDC2,MIM:116940|HGNC:HGNC:1722|Ensembl:ENSG00000170312|Vega:OTTHUMG00000018290,10,10q21.2,cyclin dependent kinase 1,protein-coding,"cyclin-dependent kinase 1|cell cycle controller CDC2|cell division control protein 2 homolog|cell division cycle 2, G1 to S and G2 to M|cell division protein kinase 1|p34 protein kinase"
2035,2,"16157202,15731777,",EPB41,4.1R|EL1|HE,MIM:130500|HGNC:HGNC:3377|Ensembl:ENSG00000159023|Vega:OTTHUMG00000003644,1,1p35.3,erythrocyte membrane protein band 4.1,protein-coding,"protein 4.1|EPB4.1|P4.1|band 4.1|elliptocytosis 1, RH-linked|erythrocyte surface protein band 4.1"
197,1,"27882696,",AHSG,A2HS|AHS|FETUA|HSGA,MIM:138680|HGNC:HGNC:349|Ensembl:ENSG00000145192|Vega:OTTHUMG00000156605,3,3q27.3,alpha 2-HS glycoprotein,protein-coding,alpha-2-HS-glycoprotein|alpha-2-Z-globulin|ba-alpha-2-glycoprotein|fetuin-A
80312,3,"28228863,29659445,22688054,",TET1,CXXC6|LCX|bA119F7.1,MIM:607790|HGNC:HGNC:29484|Ensembl:ENSG00000138336|Vega:OTTHUMG00000018359,10,10q21.3,tet methylcytosine dioxygenase 1,protein-coding,methylcytosine dioxygenase TET1|CXXC finger 6|CXXC zinc finger 6|CXXC-type zinc finger protein 6|TET1 splice variant VP_DE4|TET1 splice variant VP_DE456|leukemia-associated protein with a CXXC domain|ten-eleven translocation 1 gene protein|ten-eleven translocation-1|tet oncogene 1
2208,3,"17493235,29750316,15569053,",FCER2,BLAST-2|CD23|CD23A|CLEC4J|FCE2|IGEBF,MIM:151445|HGNC:HGNC:3612|Ensembl:ENSG00000104921|Vega:OTTHUMG00000182517,19,19p13.2,Fc fragment of IgE receptor II,protein-coding,"low affinity immunoglobulin epsilon Fc receptor|C-type lectin domain family 4, member J|CD23 antigen|Fc epsilon receptor II|Fc fragment of IgE, low affinity II, receptor for (CD23)|fc-epsilon-RII|immunoglobulin E-binding factor|immunoglobulin epsilon-chain|lymphocyte IgE receptor"
56956,1,"19568415,",LHX9,-,MIM:606066|HGNC:HGNC:14222|Ensembl:ENSG00000143355|Vega:OTTHUMG00000035656,1,1q31.3,LIM homeobox 9,protein-coding,LIM/homeobox protein Lhx9|LIM homeobox protein 9
3682,1,"25025448,",ITGAE,CD103|HUMINAE,MIM:604682|HGNC:HGNC:6147|Ensembl:ENSG00000083457|Vega:OTTHUMG00000177634,17,17p13.2,integrin subunit alpha E,protein-coding,"integrin alpha-E|HML-1 antigen|antigen CD103, human mucosal lymphocyte antigen 1; alpha polypeptide|human mucosal lymphocyte antigen 1, alpha polypeptide|integrin alpha-IEL|integrin, alpha E (antigen CD103, human mucosal lymphocyte antigen 1; alpha polypeptide)|mucosal lymphocyte 1 antigen"
4133,1,"11922706,",MAP2,MAP2A|MAP2B|MAP2C,MIM:157130|HGNC:HGNC:6839|Ensembl:ENSG00000078018|Vega:OTTHUMG00000132962,2,2q34,microtubule associated protein 2,protein-coding,microtubule-associated protein 2|MAP-2
5187,1,"20481271,",PER1,PER|RIGUI|hPER,MIM:602260|HGNC:HGNC:8845|Ensembl:ENSG00000179094|Vega:OTTHUMG00000178317,17,17p13.1,period circadian clock 1,protein-coding,"period circadian protein homolog 1|Period, drosophila, homolog of|circadian clock protein PERIOD 1|circadian pacemaker protein RIGUI|hPER1|period homolog 1"
10585,1,"18647264,",POMT1,LGMD2K|MDDGA1|MDDGB1|MDDGC1|RT,MIM:607423|HGNC:HGNC:9202|Ensembl:ENSG00000130714|Vega:OTTHUMG00000020826,9,9q34.13,protein O-mannosyltransferase 1,protein-coding,protein O-mannosyl-transferase 1|dolichyl-phosphate-mannose--protein mannosyltransferase 1|testis tissue sperm-binding protein Li 57p|truncated O-mannosyl-transferase 1 variant SV3DEL
11082,3,"27528791,22353248,19458546,",ESM1,endocan,MIM:601521|HGNC:HGNC:3466|Ensembl:ENSG00000164283|Vega:OTTHUMG00000097010,5,5q11.2,endothelial cell specific molecule 1,protein-coding,endothelial cell-specific molecule 1|ESM-1
1400,2,"26009886,19903856,",CRMP1,CRMP-1|DPYSL1|DRP-1|DRP1|ULIP-3,MIM:602462|HGNC:HGNC:2365|Ensembl:ENSG00000072832|Vega:OTTHUMG00000125489,4,4p16.2,collapsin response mediator protein 1,protein-coding,dihydropyrimidinase-related protein 1|dihydropyrimidinase-like 1|unc-33-like phosphoprotein 3
5563,1,"16518831,",PRKAA2,AMPK|AMPK2|AMPKa2|PRKAA,MIM:600497|HGNC:HGNC:9377|Ensembl:ENSG00000162409|Vega:OTTHUMG00000008282,1,1p32.2,protein kinase AMP-activated catalytic subunit alpha 2,protein-coding,"5'-AMP-activated protein kinase catalytic subunit alpha-2|5'-AMP-activated protein kinase, catalytic alpha-2 chain|ACACA kinase|AMP-activated protein kinase alpha-2 subunit variant 2|AMP-activated protein kinase alpha-2 subunit variant 3|AMPK alpha 2|AMPK subunit alpha-2|AMPK-alpha-2 chain|HMGCR kinase|acetyl-CoA carboxylase kinase|hydroxymethylglutaryl-CoA reductase kinase|protein kinase, AMP-activated, alpha 2 catalytic subunit"
4175,1,"17294730,",MCM6,MCG40308|Mis5|P105MCM,MIM:601806|HGNC:HGNC:6949|Ensembl:ENSG00000076003|Vega:OTTHUMG00000131739,2,2q21.3,minichromosome maintenance complex component 6,protein-coding,"DNA replication licensing factor MCM6|MCM6 minichromosome maintenance deficient 6 (MIS5 homolog, S. pombe)|minichromosome maintenance deficient (mis5, S. pombe) 6"
29127,1,"23525949,",RACGAP1,CYK4|HsCYK-4|ID-GAP|MgcRacGAP,MIM:604980|HGNC:HGNC:9804|Ensembl:ENSG00000161800|Vega:OTTHUMG00000169811,12,12q13.12,Rac GTPase activating protein 1,protein-coding,rac GTPase-activating protein 1|male germ cell RacGap|protein CYK4 homolog
1111,1,"27449089,",CHEK1,CHK1,MIM:603078|HGNC:HGNC:1925|Ensembl:ENSG00000149554|Vega:OTTHUMG00000165853,11,11q24.2,checkpoint kinase 1,protein-coding,"serine/threonine-protein kinase Chk1|CHK1 checkpoint homolog|Checkpoint, S. pombe, homolog of, 1|Chk1-S|cell cycle checkpoint kinase"
57534,2,"26995334,17390041,",MIB1,DIP-1|DIP1|LVNC7|MIB|ZZANK2|ZZZ6,MIM:608677|HGNC:HGNC:21086|Ensembl:ENSG00000101752|Vega:OTTHUMG00000131753,18,18q11.2,mindbomb E3 ubiquitin protein ligase 1,protein-coding,E3 ubiquitin-protein ligase MIB1|DAPK-interacting protein 1|RING-type E3 ubiquitin transferase MIB1|ubiquitin ligase mind bomb|zinc finger ZZ type with ankyrin repeat domain protein 2
28512,1,"21302000,",NKIRAS1,KBRAS1|kappaB-Ras1,MIM:604496|HGNC:HGNC:17899|Ensembl:ENSG00000197885|Vega:OTTHUMG00000155605,3,3p24.2,NFKB inhibitor interacting Ras like 1,protein-coding,NF-kappa-B inhibitor-interacting Ras-like protein 1|I-kappa-B-interacting Ras-like protein 1|NFKB inhibitor interacting Ras-like protein 1|kappa B-Ras protein 1|kappa B-ras 1
8771,1,"15627206,",TNFRSF6B,DCR3|DJ583P15.1.1|M68|M68E|TR6,MIM:603361|HGNC:HGNC:11921|Ensembl:ENSG00000243509|Vega:OTTHUMG00000143724,20,20q13.33,TNF receptor superfamily member 6b,protein-coding,"tumor necrosis factor receptor superfamily member 6B|decoy receptor 3 variant 1|decoy receptor 3 variant 2|decoy receptor for Fas ligand|tumor necrosis factor receptor superfamily, member 6b, decoy"
650,1,"19797419,",BMP2,BDA2|BMP2A,MIM:112261|HGNC:HGNC:1069|Ensembl:ENSG00000125845|Vega:OTTHUMG00000031833,20,20p12.3,bone morphogenetic protein 2,protein-coding,bone morphogenetic protein 2|bone morphogenetic protein 2A
2202,1,"19887559,",EFEMP1,DHRD|DRAD|FBLN3|FBNL|FIBL-3|MLVT|MTLV|S1-5,MIM:601548|HGNC:HGNC:3218|Ensembl:ENSG00000115380|Vega:OTTHUMG00000129343,2,2p16.1,EGF containing fibulin like extracellular matrix protein 1,protein-coding,EGF-containing fibulin-like extracellular matrix protein 1|extracellular protein S1-5|fibulin-3
5925,11,"25159481,24632684,21187395,23949216,17318405,18048012,15601836,27556418,16614728,20336668,21470325,",RB1,OSRC|PPP1R130|RB|p105-Rb|pRb|pp110,MIM:614041|HGNC:HGNC:9884|Ensembl:ENSG00000139687|Vega:OTTHUMG00000016900,13,13q14.2,RB transcriptional corepressor 1,protein-coding,"retinoblastoma-associated protein|GOS563 exon 17 substitution mutation causes premature stop|exon 17 tumor GOS561 substitution mutation causes premature stop|prepro-retinoblastoma-associated protein|protein phosphatase 1, regulatory subunit 130|retinoblastoma 1|retinoblastoma suspectibility protein"
90187,1,"29794476,",EMILIN3,C20orf130|EMILIN5|dJ620E11.4,MIM:608929|HGNC:HGNC:16123|Ensembl:ENSG00000183798|Vega:OTTHUMG00000046304,20,20q12,elastin microfibril interfacer 3,protein-coding,EMILIN-3|EMILIN-5|elastin microfibril interface-located protein 3|elastin microfibril interface-located protein 5|elastin microfibril interfacer 5
57103,1,"28338004,",TIGAR,C12orf5|FR2BP,MIM:610775|HGNC:HGNC:1185|Ensembl:ENSG00000078237|Vega:OTTHUMG00000168124,12,12p13.32,TP53 induced glycolysis regulatory phosphatase,protein-coding,"fructose-2,6-bisphosphatase TIGAR|TP53-induced glycolysis and apoptosis regulator|fructose-2,6-bisphosphate 2-phosphatase|probable fructose-2,6-bisphosphatase TIGAR|transactivated by NS3TP2 protein"
3480,6,"23564324,17016438,27255663,25394492,16000560,29524179,",IGF1R,CD221|IGFIR|IGFR|JTK13,MIM:147370|HGNC:HGNC:5465|Ensembl:ENSG00000140443|Vega:OTTHUMG00000149851,15,15q26.3,insulin like growth factor 1 receptor,protein-coding,insulin-like growth factor 1 receptor|IGF-I receptor|soluble IGF1R variant 1|soluble IGF1R variant 2
5062,1,"28707321,",PAK2,PAK65|PAKgamma,MIM:605022|HGNC:HGNC:8591|Ensembl:ENSG00000180370|Vega:OTTHUMG00000155534,3,3q29,p21 (RAC1) activated kinase 2,protein-coding,serine/threonine-protein kinase PAK 2|PAK-2|S6/H4 kinase|gamma-PAK|p21 (CDKN1A)-activated kinase 2|p21 protein (Cdc42/Rac)-activated kinase 2|p21-activated kinase 2|p58
664,1,"17394490,",BNIP3,NIP3,MIM:603293|HGNC:HGNC:1084|Ensembl:ENSG00000176171|Vega:OTTHUMG00000019278,10,10q26.3,BCL2 interacting protein 3,protein-coding,BCL2/adenovirus E1B 19 kDa protein-interacting protein 3|BCL2/adenovirus E1B 19kDa interacting protein 3
1910,4,"24039914,26645886,15950764,25433721,",EDNRB,ABCDS|ET-B|ET-BR|ETB|ETB1|ETBR|ETRB|HSCR|HSCR2|WS4A,MIM:131244|HGNC:HGNC:3180|Ensembl:ENSG00000136160|Vega:OTTHUMG00000017111,13,13q22.3,endothelin receptor type B,protein-coding,endothelin B receptor|endothelin receptor non-selective type|endothelin receptor subtype B1
65268,1,"25596741,",WNK2,NY-CO-43|P/OKcl.13|PRKWNK2|SDCCAG43,MIM:606249|HGNC:HGNC:14542|Ensembl:ENSG00000165238|Vega:OTTHUMG00000020247,9,9q22.31,WNK lysine deficient protein kinase 2,protein-coding,serine/threonine-protein kinase WNK2|antigen NY-CO-43|mitogen-activated protein kinase kinase kinase|protein kinase lysine-deficient 2|protein kinase with no lysine 2|serologically defined colon cancer antigen 43
8788,1,"16288219,",DLK1,DLK|DLK-1|Delta1|FA1|PREF1|Pref-1|ZOG|pG2,MIM:176290|HGNC:HGNC:2907|Ensembl:ENSG00000185559|Vega:OTTHUMG00000171600,14,14q32.2,delta like non-canonical Notch ligand 1,protein-coding,protein delta homolog 1|delta-like 1 homolog|fetal antigen 1|preadipocyte factor 1|secredeltin
4907,3,"30117104,23737488,23094051,",NT5E,CALJA|CD73|E5NT|NT|NT5|NTE|eN|eNT,MIM:129190|HGNC:HGNC:8021|Ensembl:ENSG00000135318|Vega:OTTHUMG00000015139,6,6q14.3,5'-nucleotidase ecto,protein-coding,5'-nucleotidase|5'-NT|Purine 5-Prime-Nucleotidase|ecto-5'-nucleotidase
4363,1,"19885582,",ABCC1,ABC29|ABCC|GS-X|MRP|MRP1,MIM:158343|HGNC:HGNC:51|Ensembl:ENSG00000103222|Vega:OTTHUMG00000048267,16,16p13.11,ATP binding cassette subfamily C member 1,protein-coding,"multidrug resistance-associated protein 1|ATP-binding cassette transporter variant ABCC1delta-ex13|ATP-binding cassette transporter variant ABCC1delta-ex13&14|ATP-binding cassette transporter variant ABCC1delta-ex25|ATP-binding cassette transporter variant ABCC1delta-ex25&26|ATP-binding cassette, sub-family C (CFTR/MRP), member 1|LTC4 transporter|leukotriene C(4) transporter"
2264,3,"11958417,15070963,12642581,",FGFR4,CD334|JTK2|TKF,MIM:134935|HGNC:HGNC:3691|Ensembl:ENSG00000160867|Vega:OTTHUMG00000151523,5,5q35.2,fibroblast growth factor receptor 4,protein-coding,fibroblast growth factor receptor 4|hydroxyaryl-protein kinase|protein-tyrosine kinase|tyrosine kinase related to fibroblast growth factor receptor|tyrosylprotein kinase
5058,1,"23300274,",PAK1,PAKalpha,MIM:602590|HGNC:HGNC:8590|Ensembl:ENSG00000149269|Vega:OTTHUMG00000165138,11,11q13.5-q14.1,p21 (RAC1) activated kinase 1,protein-coding,"serine/threonine-protein kinase PAK 1|STE20 homolog, yeast|alpha-PAK|p21 protein (Cdc42/Rac)-activated kinase 1|p21/Cdc42/Rac1-activated kinase 1 (STE20 homolog, yeast)|p21/Cdc42/Rac1-activated kinase 1 (yeast Ste20-related)|p65-PAK"
10645,2,"27171399,27012733,",CAMKK2,CAMKK|CAMKKB,MIM:615002|HGNC:HGNC:1470|Ensembl:ENSG00000110931|Vega:OTTHUMG00000169156,12,12q24.31,calcium/calmodulin dependent protein kinase kinase 2,protein-coding,"calcium/calmodulin-dependent protein kinase kinase 2|CAMKK beta protein|caM-KK 2|caM-KK beta|caM-kinase kinase 2|caM-kinase kinase beta|calcium/calmodulin-dependent protein kinase beta|calcium/calmodulin-dependent protein kinase kinase 2, beta"
3915,1,"16146715,",LAMC1,LAMB2,MIM:150290|HGNC:HGNC:6492|Ensembl:ENSG00000135862|Vega:OTTHUMG00000035418,1,1q25.3,laminin subunit gamma 1,protein-coding,"laminin subunit gamma-1|S-LAM gamma|S-laminin subunit gamma|laminin B2 chain|laminin, gamma 1 (formerly LAMB2)|laminin-10 subunit gamma|laminin-11 subunit gamma|laminin-2 subunit gamma|laminin-3 subunit gamma|laminin-4 subunit gamma|laminin-6 subunit gamma|laminin-7 subunit gamma|laminin-8 subunit gamma|laminin-9 subunit gamma"
8841,5,"21143702,17007107,25200321,23685192,25940092,",HDAC3,HD3|RPD3|RPD3-2,MIM:605166|HGNC:HGNC:4854|Ensembl:ENSG00000171720|Vega:OTTHUMG00000129629,5,5q31.3,histone deacetylase 3,protein-coding,histone deacetylase 3|SMAP45
10892,9,"14760068,12931213,16341151,15982633,23018871,22689981,19965626,20079017,21055028,",MALT1,IMD12|MLT|MLT1|PCASP1,MIM:604860|HGNC:HGNC:6819|Ensembl:ENSG00000172175|Vega:OTTHUMG00000132761,18,18q21.32,MALT1 paracaspase,protein-coding,mucosa-associated lymphoid tissue lymphoma translocation protein 1|MALT lymphoma-associated translocation|MALT1 protease|caspase-like protein|mucosa associated lymphoid tissue lymphoma translocation gene 1|paracaspase|paracaspase-1
3845,4,"21209378,24038521,17712732,19855433,",KRAS,C-K-RAS|CFC2|K-RAS2A|K-RAS2B|K-RAS4A|K-RAS4B|KI-RAS|KRAS1|KRAS2|NS|NS3|RALD|RASK2|c-Ki-ras2,MIM:190070|HGNC:HGNC:6407|Ensembl:ENSG00000133703|Vega:OTTHUMG00000171193,12,12p12.1,"KRAS proto-oncogene, GTPase",protein-coding,GTPase KRas|K-Ras 2|K-ras p21 protein|Kirsten rat sarcoma viral oncogene homolog|PR310 c-K-ras oncogene|c-Ki-ras|c-Kirsten-ras protein|cellular c-Ki-ras2 proto-oncogene|cellular transforming proto-oncogene|oncogene KRAS2|transforming protein p21|v-Ki-ras2 Kirsten rat sarcoma 2 viral oncogene homolog
10277,1,"21317885,",UBE4B,E4|HDNB1|UBOX3|UFD2|UFD2A,MIM:613565|HGNC:HGNC:12500|Ensembl:ENSG00000130939|Vega:OTTHUMG00000001797,1,1p36.22,ubiquitination factor E4B,protein-coding,"ubiquitin conjugation factor E4 B|RING-type E3 ubiquitin transferase E4 B|UFD2A-III/UBE4B-III splice isoform|homologous to yeast UFD2|homozygously deleted in neuroblastoma-1|ubiquitin-fusion degradation protein 2|ubiquitination factor E4B (UFD2 homolog, yeast)"
2100,2,"25885794,25000562,",ESR2,ER-BETA|ESR-BETA|ESRB|ESTRB|Erb|NR3A2,MIM:601663|HGNC:HGNC:3468|Ensembl:ENSG00000140009|Vega:OTTHUMG00000141306,14,14q23.2-q23.3,estrogen receptor 2,protein-coding,estrogen receptor beta|estrogen receptor beta 4|nuclear receptor subfamily 3 group A member 2|oestrogen receptor beta
29760,1,"15744341,",BLNK,AGM4|BASH|BLNK-S|LY57|SLP-65|SLP65|bca,MIM:604515|HGNC:HGNC:14211|Ensembl:ENSG00000095585|Vega:OTTHUMG00000018827,10,10q24.1,B-cell linker,protein-coding,B-cell linker protein|B cell adaptor containing SH2 domain|B-cell activation|B-cell adapter containing a SH2 domain protein|B-cell adapter containing a Src homology 2 domain protein|Src homology 2 domain-containing leukocyte protein of 65 kDa|Src homology [SH2] domain-containing leukocyte protein of 65 kD|cytoplasmic adapter protein
7515,4,"23167420,23534771,23238971,18330515,",XRCC1,RCC,MIM:194360|HGNC:HGNC:12828|Ensembl:ENSG00000073050|Vega:OTTHUMG00000182699,19,19q13.31,X-ray repair cross complementing 1,protein-coding,DNA repair protein XRCC1|X-ray repair complementing defective repair in Chinese hamster cells 1|X-ray repair cross-complementing protein 1
3821,1,"20654155,",KLRC1,CD159A|NKG2|NKG2A,MIM:161555|HGNC:HGNC:6374|Ensembl:ENSG00000134545|Vega:OTTHUMG00000168584,12,12p13.2,killer cell lectin like receptor C1,protein-coding,"NKG2-A/NKG2-B type II integral membrane protein|C-lectin type II protein|CD159 antigen-like family member A|NK cell receptor A|NKG2-1/B activating NK receptor|NKG2-A/B type II integral membrane protein|NKG2-A/B-activating NK receptor|killer cell lectin-like receptor subfamily C, member 1|natural killer cell lectin|natural killer group protein 2"
5980,1,"19289490,",REV3L,POLZ|REV3,MIM:602776|HGNC:HGNC:9968|Ensembl:ENSG00000009413|Vega:OTTHUMG00000016318,6,6q21,"REV3 like, DNA directed polymerase zeta catalytic subunit",protein-coding,"DNA polymerase zeta catalytic subunit|REV3-like, polymerase (DNA directed), zeta, catalytic subunit|Rev-3, yeast, homolog-like (polymerase, DNA, zeta)"
996,1,"27974673,",CDC27,ANAPC3|APC3|CDC27Hs|D0S1430E|D17S978E|H-NUC|HNUC|NUC2,MIM:116946|HGNC:HGNC:1728|Ensembl:ENSG00000004897|Vega:OTTHUMG00000166429,17,17q21.32,cell division cycle 27,protein-coding,"cell division cycle protein 27 homolog|anaphase promoting complex subunit 3|anaphase-promoting complex, protein 3|cell division cycle 27 homolog|nuc2 homolog"
5819,1,"27356265,",NECTIN2,CD112|HVEB|PRR2|PVRL2|PVRR2,MIM:600798|HGNC:HGNC:9707|Ensembl:ENSG00000130202|Vega:OTTHUMG00000180839,19,19q13.32,nectin cell adhesion molecule 2,protein-coding,nectin-2|herpesvirus entry protein B|poliovirus receptor-like 2|poliovirus receptor-related 2 (herpesvirus entry mediator B)
84879,1,"26747400,",MFSD2A,MCPH15|MFSD2|NLS1,MIM:614397|HGNC:HGNC:25897|Ensembl:ENSG00000168389|Vega:OTTHUMG00000009293,1,1p34.2,major facilitator superfamily domain containing 2A,protein-coding,sodium-dependent lysophosphatidylcholine symporter 1|major facilitator superfamily domain-containing protein 2A|sodium-dependent LPC symporter 1
6447,2,"21901745,17334394,",SCG5,7B2|P7B2|SGNE1|SgV,MIM:173120|HGNC:HGNC:10816|Ensembl:ENSG00000166922|Vega:OTTHUMG00000159447,15,15q13.3,secretogranin V,protein-coding,"neuroendocrine protein 7B2|pituitary polypeptide|prohormone convertase chaperone|secretogranin-5|secretory granule endocrine protein I|secretory granule, neuroendocrine protein 1 (7B2 protein)"
947,1,"20175958,",CD34,-,MIM:142230|HGNC:HGNC:1662|Ensembl:ENSG00000174059|Vega:OTTHUMG00000036565,1,1q32.2,CD34 molecule,protein-coding,hematopoietic progenitor cell antigen CD34|CD34 antigen
4145,1,"15329911,",MATK,CHK|CTK|HHYLTK|HYL|HYLTK|Lsk,MIM:600038|HGNC:HGNC:6906|Ensembl:ENSG00000007264|Vega:OTTHUMG00000180916,19,19p13.3,megakaryocyte-associated tyrosine kinase,protein-coding,megakaryocyte-associated tyrosine-protein kinase|CSK homologous kinase|Csk-homologous kinase|Csk-type protein tyrosine kinase|HYL tyrosine kinase|hematopoietic consensus tyrosine-lacking kinase|hydroxyaryl-protein kinase|leukocyte carboxyl-terminal src kinase related|protein kinase HYL|tyrosine kinase MATK|tyrosine-protein kinase CTK|tyrosylprotein kinase
4915,3,"24840578,17971243,27402815,",NTRK2,GP145-TrkB|OBHD|TRKB|trk-B,MIM:600456|HGNC:HGNC:8032|Ensembl:ENSG00000148053|Vega:OTTHUMG00000020120,9,9q21.33,neurotrophic receptor tyrosine kinase 2,protein-coding,BDNF/NT-3 growth factors receptor|BDNF-tropomyosine receptor kinase B|neurotrophic tyrosine kinase receptor type 2|tropomyosin-related kinase B|tyrosine kinase receptor B
4311,1,"21988858,",MME,CALLA|CD10|CMT2T|NEP|SCA43|SFE,MIM:120520|HGNC:HGNC:7154|Ensembl:ENSG00000196549|Vega:OTTHUMG00000158455,3,3q25.2,membrane metalloendopeptidase,protein-coding,"neprilysin|atriopeptidase|common acute lymphocytic leukemia antigen|membrane metallo-endopeptidase (neutral endopeptidase, enkephalinase, CALLA, CD10)|membrane metallo-endopeptidase variant 1|membrane metallo-endopeptidase variant 2|neprilysin-390|neprilysin-411|neutral endopeptidase 24.11|skin fibroblast elastase"
54984,1,"26261583,",PINX1,Gno1|LPTL|LPTS|Pxr1,MIM:606505|HGNC:HGNC:30046|Ensembl:ENSG00000254093|Vega:OTTHUMG00000163808,8,8p23.1,PIN2/TERF1 interacting telomerase inhibitor 1,protein-coding,PIN2/TERF1-interacting telomerase inhibitor 1|67-11-3 protein|PIN2-interacting protein 1|TRF1-interacting protein 1|hepatocellular carcinoma-related putative tumor suppressor|liver-related putative tumor suppressor|pin2-interacting protein X1|protein 67-11-3
5071,1,"22431710,",PRKN,AR-JP|LPRS2|PARK2|PDJ,MIM:602544|HGNC:HGNC:8607|Ensembl:ENSG00000185345|Vega:OTTHUMG00000015970,6,6q26,parkin RBR E3 ubiquitin protein ligase,protein-coding,"E3 ubiquitin-protein ligase parkin|Parkinson disease (autosomal recessive, juvenile) 2, parkin|parkinson juvenile disease protein 2|parkinson protein 2 E3 ubiquitin protein ligase|parkinson protein 2, E3 ubiquitin protein ligase (parkin)"
4771,19,"12665675,21278391,15635074,20930055,15609345,23558725,29637450,17509660,16786152,25965831,18808065,22355270,24171707,20682713,17478763,16612978,28474103,18033041,14566860,",NF2,ACN|BANF|SCH,MIM:607379|HGNC:HGNC:7773|Ensembl:ENSG00000186575|Vega:OTTHUMG00000030727,22,22q12.2,neurofibromin 2,protein-coding,merlin|moesin-ezrin-radixin like|moesin-ezrin-radixin-like protein|moesin-ezrin-radizin-like protein|neurofibromin 2 (bilateral acoustic neuroma)|schwannomerlin|schwannomin
2305,4,"25017123,21918172,27923917,16585184,",FOXM1,FKHL16|FOXM1B|HFH-11|HFH11|HNF-3|INS-1|MPHOSPH2|MPP-2|MPP2|PIG29|TRIDENT,MIM:602341|HGNC:HGNC:3818|Ensembl:ENSG00000111206|Vega:OTTHUMG00000168118,12,12p13.33,forkhead box M1,protein-coding,"forkhead box protein M1|Forkhead, drosophila, homolog-like 16|HNF-3/fork-head homolog 11|M-phase phosphoprotein 2|MPM-2 reactive phosphoprotein 2|forkhead-related protein FKHL16|hepatocyte nuclear factor 3 forkhead homolog 11|transcription factor Trident|winged-helix factor from INS-1 cells"
8655,1,"28922373,",DYNLL1,DLC1|DLC8|DNCL1|DNCLC1|LC8|LC8a|PIN|hdlc1,MIM:601562|HGNC:HGNC:15476|Ensembl:ENSG00000088986|Vega:OTTHUMG00000169368,12,12q24.31,dynein light chain LC8-type 1,protein-coding,"dynein light chain 1, cytoplasmic|8 kDa dynein light chain|cytoplasmic dynein light polypeptide|dynein, cytoplasmic, light polypeptide 1|protein inhibitor of neuronal nitric oxide synthase"
58487,2,"18719857,22798206,",CREBZF,SMILE|ZF,MIM:606444|HGNC:HGNC:24905|Ensembl:ENSG00000137504|Vega:OTTHUMG00000133648,11,11q14.1,CREB/ATF bZIP transcription factor,protein-coding,CREB/ATF bZIP transcription factor|HCF-binding transcription factor Zhangfei|SHP-interacting leucine zipper protein|Zhangfei|host cell factor-binding transcription factor Zhangfei
57124,1,"19948061,",CD248,CD164L1|TEM1,MIM:606064|HGNC:HGNC:18219|Ensembl:ENSG00000174807|Vega:OTTHUMG00000167073,11,11q13.2,CD248 molecule,protein-coding,"endosialin|2610111G01Rik|CD164 sialomucin-like 1|CD248 antigen, endosialin|CD248 molecule, endosialin|tumor endothelial marker 1"
2064,12,"23603172,22429000,30335819,25802405,20962551,23842006,22420924,20450760,19033425,20331873,12517790,23344868,",ERBB2,CD340|HER-2|HER-2/neu|HER2|MLN 19|NEU|NGL|TKR1,MIM:164870|HGNC:HGNC:3430|Ensembl:ENSG00000141736|Vega:OTTHUMG00000179300,17,17q12,erb-b2 receptor tyrosine kinase 2,protein-coding,"receptor tyrosine-protein kinase erbB-2|c-erb B2/neu protein|herstatin|human epidermal growth factor receptor 2|metastatic lymph node gene 19 protein|neuro/glioblastoma derived oncogene homolog|neuroblastoma/glioblastoma derived oncogene homolog|p185erbB2|proto-oncogene Neu|proto-oncogene c-ErbB-2|tyrosine kinase-type cell surface receptor HER2|v-erb-b2 avian erythroblastic leukemia viral oncogene homolog 2|v-erb-b2 avian erythroblastic leukemia viral oncoprotein 2|v-erb-b2 erythroblastic leukemia viral oncogene homolog 2, neuro/glioblastoma derived oncogene homolog"
6156,1,"16968546,",RPL30,L30,MIM:180467|HGNC:HGNC:10333|Ensembl:ENSG00000156482|Vega:OTTHUMG00000164796,8,8q22.2,ribosomal protein L30,protein-coding,60S ribosomal protein L30|large ribosomal subunit protein eL30
56940,3,"30093402,26379151,27626696,",DUSP22,JKAP|JSP-1|JSP1|LMW-DSP2|LMWDSP2|MKP-x|MKPX|VHX,MIM:616778|HGNC:HGNC:16077|Ensembl:ENSG00000112679|Vega:OTTHUMG00000014113,6,6p25.3,dual specificity phosphatase 22,protein-coding,dual specificity protein phosphatase 22|JNK-stimulating phosphatase 1|JNK-stimulatory phosphatase-1|MAP kinase phosphatase x|homolog of mouse dual specificity phosphatase LMW-DSP2|low molecular weight dual specificity phosphatase 2|mitogen-activated protein kinase phosphatase x
51079,1,"21827581,",NDUFA13,B16.6|CDA016|CGI-39|GRIM-19|GRIM19,MIM:609435|HGNC:HGNC:17194|Ensembl:ENSG00000186010|Vega:OTTHUMG00000162211,19,19p13.11,NADH:ubiquinone oxidoreductase subunit A13,protein-coding,"NADH dehydrogenase [ubiquinone] 1 alpha subcomplex subunit 13|CI-B16.6|NADH dehydrogenase (ubiquinone) 1 alpha subcomplex, 13|NADH-ubiquinone oxidoreductase B16.6 subunit|cell death regulatory protein GRIM-19|cell death-regulatory protein GRIM19|complex I B16.6 subunit|complex I-B16.6|gene associated with retinoic and IFN-induced mortality 19 protein|gene associated with retinoic and interferon-induced mortality 19 protein"
3553,1,"26674732,",IL1B,IL-1|IL1-BETA|IL1F2,MIM:147720|HGNC:HGNC:5992|Ensembl:ENSG00000125538|Vega:OTTHUMG00000131344,2,2q14.1,interleukin 1 beta,protein-coding,interleukin-1 beta|IL-1 beta|catabolin|preinterleukin 1 beta|pro-interleukin-1-beta
27043,1,"21735116,",PELP1,MNAR|P160,MIM:609455|HGNC:HGNC:30134|Ensembl:ENSG00000141456|Vega:OTTHUMG00000177831,17,17p13.2,"proline, glutamate and leucine rich protein 1",protein-coding,"proline-, glutamic acid- and leucine-rich protein 1|modulator of non-genomic activity of estrogen receptor|proline and glutamic acid rich nuclear protein|transcription factor HMX3"
3371,8,"25469866,18794852,17983425,11920587,19147558,25646025,16292494,12182416,",TNC,150-225|DFNA56|GMEM|GP|HXB|JI|TN|TN-C,MIM:187380|HGNC:HGNC:5318|Ensembl:ENSG00000041982|Vega:OTTHUMG00000021010,9,9q33.1,tenascin C,protein-coding,"tenascin|GP 150-225|cytotactin|deafness, autosomal dominant 56|glioma-associated-extracellular matrix antigen|hexabrachion (tenascin)|myotendinous antigen|neuronectin|tenascin-C additional domain 1|tenascin-C isoform 14/AD1/16"
23028,4,"23928305,24252778,23248157,30659187,",KDM1A,AOF2|BHC110|CPRF|KDM1|LSD1,MIM:609132|HGNC:HGNC:29079|Ensembl:ENSG00000004487|Vega:OTTHUMG00000003220,1,1p36.12,lysine demethylase 1A,protein-coding,"lysine-specific histone demethylase 1A|BRAF35-HDAC complex protein BHC110|FAD-binding protein BRAF35-HDAC complex, 110 kDa subunit|amine oxidase (flavin containing) domain 2|flavin-containing amine oxidase domain-containing protein 2|lysine (K)-specific demethylase 1A|lysine-specific histone demethylase 1"
8864,1,"20481271,",PER2,FASPS|FASPS1,MIM:603426|HGNC:HGNC:8846|Ensembl:ENSG00000132326|Vega:OTTHUMG00000152884,2,2q37.3,period circadian clock 2,protein-coding,period circadian protein homolog 2|circadian clock protein PERIOD 2|hPER2|period 2|period circadian protein 2|period homolog 2
8562,1,"27171399,",DENR,DRP|DRP1|SMAP-3,MIM:604550|HGNC:HGNC:2769|Ensembl:ENSG00000139726|Vega:OTTHUMG00000168844,12,12q24.31,density regulated re-initiation and release factor,protein-coding,density-regulated protein|smooth muscle cell associated protein-3
2022,1,"17594108,",ENG,END|HHT1|ORW1,MIM:131195|HGNC:HGNC:3349|Ensembl:ENSG00000106991|Vega:OTTHUMG00000020723,9,9q34.11,endoglin,protein-coding,endoglin|CD105 antigen
4193,6,"29789628,22591662,18462472,22379189,16696307,17828300,",MDM2,ACTFS|HDMX|hdm2,MIM:164785|HGNC:HGNC:6973|Ensembl:ENSG00000135679|Vega:OTTHUMG00000142827,12,12q15,MDM2 proto-oncogene,protein-coding,"E3 ubiquitin-protein ligase Mdm2|MDM2 oncogene, E3 ubiquitin protein ligase|MDM2 proto-oncogene, E3 ubiquitin protein ligase|Mdm2, p53 E3 ubiquitin protein ligase homolog|Mdm2, transformed 3T3 cell double minute 2, p53 binding protein|double minute 2, human homolog of; p53-binding protein|oncoprotein Mdm2"
51310,1,"21184133,",SLC22A17,24p3R|BOCT|BOIT|NGALR|NGALR2|NGALR3|hBOIT,MIM:611461|HGNC:HGNC:23095|Ensembl:ENSG00000092096|Vega:OTTHUMG00000028740,14,14q11.2,solute carrier family 22 member 17,protein-coding,"solute carrier family 22 member 17|24p3 receptor|NGAL receptor|brain-type organic cation transporter|lipocalin-2 receptor|neutrophil gelatinase-associated lipocalin receptor|potent brain type organic ion transporter|solute carrier family 22 (organic cation transporter), member 17"
51738,3,"27297445,15296479,17280594,",GHRL,MTLRP,MIM:605353|HGNC:HGNC:18129|Ensembl:ENSG00000157017|Vega:OTTHUMG00000155360,3,3p25.3,ghrelin and obestatin prepropeptide,protein-coding,"appetite-regulating hormone|In2c-preproghrelin|ghrelin, growth hormone secretagogue receptor ligand|ghrelin/obestatin preprohormone|ghrelin/obestatin prepropeptide|growth hormone-releasing peptide|motilin-related peptide|prepro-appetite regulatory hormone|preproghrelin"
3551,1,"20933503,",IKBKB,IKK-beta|IKK2|IKKB|IMD15|NFKBIKB,MIM:603258|HGNC:HGNC:5960|Ensembl:ENSG00000104365|Vega:OTTHUMG00000164092,8,8p11.21,inhibitor of nuclear factor kappa B kinase subunit beta,protein-coding,"inhibitor of nuclear factor kappa-B kinase subunit beta|I-kappa-B kinase 2|I-kappa-B-kinase beta|IKK-B|inhibitor of kappa light polypeptide gene enhancer in B-cells, kinase beta|nuclear factor NF-kappa-B inhibitor kinase beta"
5336,1,"15744341,",PLCG2,APLAID|FCAS3|PLC-IV|PLC-gamma-2,MIM:600220|HGNC:HGNC:9066|Ensembl:ENSG00000197943|Vega:OTTHUMG00000176532,16,16q23.3,phospholipase C gamma 2,protein-coding,"1-phosphatidylinositol 4,5-bisphosphate phosphodiesterase gamma-2|phosphoinositide phospholipase C-gamma-2|phospholipase C, gamma 2 (phosphatidylinositol-specific)|phospholipase C-IV"
5134,1,"17468402,",PDCD2,RP8|ZMYND7,MIM:600866|HGNC:HGNC:8762|Ensembl:ENSG00000071994|Vega:OTTHUMG00000016083,6,6q27,programmed cell death 2,protein-coding,programmed cell death protein 2|zinc finger MYND domain-containing protein 7|zinc finger protein Rp-8
112399,1,"19737309,",EGLN3,HIFP4H3|HIFPH3|PHD3,MIM:606426|HGNC:HGNC:14661|Ensembl:ENSG00000129521|Vega:OTTHUMG00000029498,14,14q13.1,egl-9 family hypoxia inducible factor 3,protein-coding,egl nine homolog 3|HIF-PH3|HIF-prolyl hydroxylase 3|HPH-1|HPH-3|egl nine-like protein 3 isoform|hypoxia-inducible factor prolyl hydroxylase 3|prolyl hydroxylase domain-containing protein 3
1856,2,"21990322,29867201,",DVL2,-,MIM:602151|HGNC:HGNC:3086|Ensembl:ENSG00000004975|Vega:OTTHUMG00000102155,17,17p13.1,dishevelled segment polarity protein 2,protein-coding,"segment polarity protein dishevelled homolog DVL-2|dishevelled 2 (homologous to Drosophila dsh)|dishevelled, dsh homolog 2"
2735,7,"26093087,30483764,28716052,21059263,28276480,15806168,21143927,",GLI1,GLI,MIM:165220|HGNC:HGNC:4317|Ensembl:ENSG00000111087|Vega:OTTHUMG00000167332,12,12q13.3,GLI family zinc finger 1,protein-coding,zinc finger protein GLI1|GLI-Kruppel family member GLI1|glioma-associated oncogene 1|glioma-associated oncogene homolog 1 (zinc finger protein)|oncogene GLI
285195,1,"29268774,",SLC9A9,AUTS16|NHE9,MIM:608396|HGNC:HGNC:20653|Ensembl:ENSG00000181804|Vega:OTTHUMG00000159373,3,3q24,solute carrier family 9 member A9,protein-coding,"sodium/hydrogen exchanger 9|Na(+)/H(+) exchanger 9|putative protein product of Nbla00118|sodium/proton exchanger NHE9|solute carrier family 9 (sodium/hydrogen exchanger)|solute carrier family 9, subfamily A (NHE9, cation proton antiporter 9), member 9"
23411,2,"28324774,22537175,",SIRT1,SIR2|SIR2L1|SIR2alpha,MIM:604479|HGNC:HGNC:14929|Ensembl:ENSG00000096717|Vega:OTTHUMG00000018340,10,10q21.3,sirtuin 1,protein-coding,NAD-dependent protein deacetylase sirtuin-1|SIR2-like protein 1|regulatory protein SIR2 homolog 1|sirtuin type 1
7077,1,"17604063,",TIMP2,CSC-21K|DDC8,MIM:188825|HGNC:HGNC:11821|Ensembl:ENSG00000035862|Vega:OTTHUMG00000154517,17,17q25.3,TIMP metallopeptidase inhibitor 2,protein-coding,metalloproteinase inhibitor 2|testicular secretory protein Li 57|tissue inhibitor of metalloproteinases 2
4155,2,"17690840,29028399,",MBP,-,MIM:159430|HGNC:HGNC:6925|Ensembl:ENSG00000197971|Vega:OTTHUMG00000132874,18,18q23,myelin basic protein,protein-coding,myelin basic protein|Golli-MBP|myelin A1 protein|myelin membrane encephalitogenic protein
6556,1,"28042322,",SLC11A1,LSH|NRAMP|NRAMP1,MIM:600266|HGNC:HGNC:10907|Ensembl:ENSG00000018280|Vega:OTTHUMG00000086747,2,2q35,solute carrier family 11 member 1,protein-coding,"natural resistance-associated macrophage protein 1|NRAMP 1|solute carrier family 11 (proton-coupled divalent metal ion transporter), member 1|solute carrier family 11 (proton-coupled divalent metal ion transporters), member 1|solute carrier family 11 (sodium/phosphate symporters), member 1"
29997,1,"18729076,",NOP53,GLTSCR2|PICT-1|PICT1,MIM:605691|HGNC:HGNC:4333|Ensembl:ENSG00000105373|Vega:OTTHUMG00000183059,19,19q13.33,NOP53 ribosome biogenesis factor,protein-coding,ribosome biogenesis protein NOP53|glioma tumor suppressor candidate region gene 2 protein|p60|protein interacting with carboxyl terminus 1
6275,2,"12517790,17223348,",S100A4,18A2|42A|CAPL|FSP1|MTS1|P9KA|PEL98,MIM:114210|HGNC:HGNC:10494|Ensembl:ENSG00000196154|Vega:OTTHUMG00000013546,1,1q21.3,S100 calcium binding protein A4,protein-coding,"protein S100-A4|S100 calcium-binding protein A4 (calcium protein, calvasculin, metastasin, murine placental homolog)|fibroblast-specific protein-1|leukemia multidrug resistance associated protein|malignant transformation suppression 1|placental calcium-binding protein|protein Mts1"
7832,3,"23203087,23115191,17371797,",BTG2,APRO1|PC3|TIS21,MIM:601597|HGNC:HGNC:1131|Ensembl:ENSG00000159388|Vega:OTTHUMG00000035834,1,1q32.1,BTG anti-proliferation factor 2,protein-coding,protein BTG2|B-cell translocation gene 2|BTG family member 2|NGF-inducible anti-proliferative protein PC3|nerve growth factor-inducible anti-proliferative|pheochromacytoma cell-3
991,1,"18953566,",CDC20,CDC20A|bA276H19.3|p55CDC,MIM:603618|HGNC:HGNC:1723|Ensembl:ENSG00000117399|Vega:OTTHUMG00000007420,1,1p34.2,cell division cycle 20,protein-coding,cell division cycle protein 20 homolog|CDC20 cell division cycle 20 homolog|cell division cycle 20 homolog
259307,1,"19436310,",IL4I1,FIG1|LAAO|LAO,MIM:609742|HGNC:HGNC:19094|Ensembl:ENSG00000104951|Vega:OTTHUMG00000183377,19,19q13.33,interleukin 4 induced 1,protein-coding,L-amino-acid oxidase|Fig-1 protein|IL4-induced protein 1|interleukin four induced 1
5727,23,"16934747,26067104,26192445,21059263,19414732,16260494,18691548,21188540,26290144,25816987,22438824,27626168,19234491,30452905,15201996,18974121,19487286,29544218,16636673,20214787,18660545,19147535,15806168,",PTCH1,BCNS|HPE7|NBCCS|PTC|PTC1|PTCH|PTCH11,MIM:601309|HGNC:HGNC:9585|Ensembl:ENSG00000185920|Vega:OTTHUMG00000020280,9,9q22.32,patched 1,protein-coding,"protein patched homolog 1|PTCH protein +12b|PTCH protein +4'|PTCH protein -10|PTCH protein -3,4,5|patched-like protein 1 delta10|patched-like protein 1 delta15"
8507,1,"18981988,",ENC1,CCL28|ENC-1|KLHL35|KLHL37|NRPB|PIG10|TP53I10,MIM:605173|HGNC:HGNC:3345|Ensembl:ENSG00000171617|Vega:OTTHUMG00000102059,5,5q13.3,ectodermal-neural cortex 1,protein-coding,"ectoderm-neural cortex protein 1|ectodermal-neural cortex 1 (with BTB domain)|ectodermal-neural cortex 1 (with BTB-like domain)|kelch-like 35|kelch-like family member 37|kelch-like protein 37|nuclear matrix protein NRP/B|nuclear restricted protein, BTB domain-like (brain)|p53-induced gene 10 protein|tumor protein p53 inducible protein 10"
83700,1,"17429428,",JAM3,JAM-2|JAM-3|JAM-C|JAMC,MIM:606871|HGNC:HGNC:15532|Ensembl:ENSG00000166086|Vega:OTTHUMG00000167130,11,11q25,junctional adhesion molecule 3,protein-coding,junctional adhesion molecule C
2348,3,"19446551,18804697,28416738,",FOLR1,FBP|FOLR,MIM:136430|HGNC:HGNC:3791|Ensembl:ENSG00000110195|Vega:OTTHUMG00000167876,11,11q13.4,folate receptor 1,protein-coding,"folate receptor alpha|FR-alpha|KB cells FBP|adult folate-binding protein|folate binding protein|folate receptor 1 (adult)|folate receptor, adult|ovarian tumor-associated antigen MOv18"
3593,2,"22011063,11940489,",IL12B,CLMF|CLMF2|IL-12B|IMD28|IMD29|NKSF|NKSF2,MIM:161561|HGNC:HGNC:5970|Ensembl:ENSG00000113302|Vega:OTTHUMG00000130307,5,5q33.3,interleukin 12B,protein-coding,"interleukin-12 subunit beta|CLMF p40|IL-12 subunit p40|IL12, subunit p40|NK cell stimulatory factor chain 2|cytotoxic lymphocyte maturation factor 40 kDa subunit|interleukin 12, p40|interleukin 12B (natural killer cell stimulatory factor 2, cytotoxic lymphocyte maturation factor 2, p40)|interleukin-12 beta chain|natural killer cell stimulatory factor, 40 kD subunit"
3921,1,"19446013,",RPSA,37LRP|67LR|ICAS|LAMBR|LAMR1|LBP|LBP/p40|LRP|LRP/LR|NEM/1CHD4|SA|lamR|p40,MIM:150370|HGNC:HGNC:6502|Ensembl:ENSG00000168028|Vega:OTTHUMG00000131296,3,3p22.1,ribosomal protein SA,protein-coding,"40S ribosomal protein SA|37 kDa laminin receptor|37/67 kDa laminin receptor|67 kDa laminin receptor|colon carcinoma laminin-binding protein|laminin receptor 1 (67kD, ribosomal protein SA)|laminin-binding protein precursor p40|multidrug resistance-associated protein MGr1-Ag|small ribosomal subunit protein uS2"
9148,1,"20847082,",NEURL1,NEUR1|NEURL|RNF67|bA416N2.1|neu|neu-1,MIM:603804|HGNC:HGNC:7761|Ensembl:ENSG00000107954|Vega:OTTHUMG00000018995,10,10q24.33,neuralized E3 ubiquitin protein ligase 1,protein-coding,E3 ubiquitin-protein ligase NEURL1|RING finger protein 67|RING-type E3 ubiquitin transferase NEURL1|h-neuralized 1|neuralized homolog|neuralized-like protein 1A
4088,1,"22966790,",SMAD3,HSPC193|HsT17436|JV15-2|LDS1C|LDS3|MADH3,MIM:603109|HGNC:HGNC:6769|Ensembl:ENSG00000166949|Vega:OTTHUMG00000133230,15,15q22.33,SMAD family member 3,protein-coding,"mothers against decapentaplegic homolog 3|MAD homolog 3|MAD, mothers against decapentaplegic homolog 3|SMA- and MAD-related protein 3|SMAD, mothers against DPP homolog 3|hMAD-3|hSMAD3|mad homolog JV15-2|mad protein homolog|mad3|mothers against DPP homolog 3"
476,1,"21498719,",ATP1A1,-,MIM:182310|HGNC:HGNC:799|Ensembl:ENSG00000163399|Vega:OTTHUMG00000012109,1,1p13.1,ATPase Na+/K+ transporting subunit alpha 1,protein-coding,"sodium/potassium-transporting ATPase subunit alpha-1|ATPase, Na+/K+ transporting, alpha 1 polypeptide|Na(+)/K(+) ATPase alpha-1 subunit|Na+/K+ ATPase 1|Na, K-ATPase, alpha-A catalytic polypeptide|Na,K-ATPase alpha-1 subunit|Na,K-ATPase catalytic subunit alpha-A protein|sodium pump subunit alpha-1|sodium-potassium ATPase catalytic subunit alpha-1|sodium-potassium-ATPase, alpha 1 polypeptide"
7185,1,"16304992,",TRAF1,EBI6|MGC:10353,MIM:601711|HGNC:HGNC:12031|Ensembl:ENSG00000056558|Vega:OTTHUMG00000020578,9,9q33.2,TNF receptor associated factor 1,protein-coding,TNF receptor-associated factor 1|Epstein-Bar virus-induced protein 6
1994,4,"21343335,18317686,28493484,27357268,",ELAVL1,ELAV1|HUR|Hua|MelG,MIM:603466|HGNC:HGNC:3312|Ensembl:ENSG00000066044|Vega:OTTHUMG00000182470,19,19p13.2,ELAV like RNA binding protein 1,protein-coding,"ELAV-like protein 1|ELAV (embryonic lethal, abnormal vision, Drosophila)-like 1 (Hu antigen R)|Hu antigen R|embryonic lethal, abnormal vision, drosophila, homolog-like 1|hu-antigen R"
9476,1,"26400099,",NAPSA,KAP|Kdap|NAP1|NAPA|SNAPA,MIM:605631|HGNC:HGNC:13395|Ensembl:ENSG00000131400|Vega:OTTHUMG00000183035,19,19q13.33,napsin A aspartic peptidase,protein-coding,napsin-A|ASP4|TA01/TA02|asp 4|aspartyl protease 4|kidney-derived aspartic protease-like protein|napsin-1|pronapsin A
4318,22,"16894529,17437609,23307113,24398760,17768685,22984561,17884772,21148633,22773464,26381542,18850474,23372434,18070596,25821815,22490851,17020973,19657395,16102725,16722933,17991734,29432944,20652360,",MMP9,CLG4B|GELB|MANDP2|MMP-9,MIM:120361|HGNC:HGNC:7176|Ensembl:ENSG00000100985|Vega:OTTHUMG00000033044,20,20q13.12,matrix metallopeptidase 9,protein-coding,"matrix metalloproteinase-9|macrophage gelatinase|matrix metallopeptidase 9 (gelatinase B, 92kDa gelatinase, 92kDa type IV collagenase)|matrix metalloproteinase 9 (gelatinase B, 92kDa gelatinase, 92kDa type IV collagenase)|type V collagenase"
84433,1,"26747248,",CARD11,BENTA|BIMP3|CARMA1|IMD11|PPBL,MIM:607210|HGNC:HGNC:16393|Ensembl:ENSG00000198286|Vega:OTTHUMG00000023023,7,7p22.2,caspase recruitment domain family member 11,protein-coding,caspase recruitment domain-containing protein 11|CARD-containing MAGUK protein 1|bcl10-interacting maguk protein 3|carma 1
11016,1,"26747248,",ATF7,ATFA,MIM:606371|HGNC:HGNC:792|Ensembl:ENSG00000170653|Vega:OTTHUMG00000169776,12,12q13.13,activating transcription factor 7,protein-coding,cyclic AMP-dependent transcription factor ATF-7|transcription factor ATF-A
3714,2,"24708907,25576913,",JAG2,HJ2|SER2,MIM:602570|HGNC:HGNC:6189|Ensembl:ENSG00000184916|Vega:OTTHUMG00000140172,14,14q32.33,jagged 2,protein-coding,protein jagged-2
1382,2,"22275178,22153617,",CRABP2,CRABP-II|RBP6,MIM:180231|HGNC:HGNC:2339|Ensembl:ENSG00000143320|Vega:OTTHUMG00000041300,1,1q23.1,cellular retinoic acid binding protein 2,protein-coding,cellular retinoic acid-binding protein 2|cellular retinoic acid-binding protein II
140885,1,"14729615,",SIRPA,BIT|CD172A|MFR|MYD-1|P84|PTPNS1|SHPS1|SIRP,MIM:602461|HGNC:HGNC:9662|Ensembl:ENSG00000198053|Vega:OTTHUMG00000031682,20,20p13,signal regulatory protein alpha,protein-coding,tyrosine-protein phosphatase non-receptor type substrate 1|CD172 antigen-like family member A|brain-immunoglobulin-like molecule with tyrosine-based activation motifs|inhibitory receptor SHPS-1|macrophage fusion receptor|myd-1 antigen|tyrosine phosphatase SHP substrate 1
5015,10,"20028867,15705863,25198066,28213356,29377567,23179372,24580054,22016811,26398939,15705891,",OTX2,CPHD6|MCOPS5,MIM:600037|HGNC:HGNC:8522|Ensembl:ENSG00000165588|Vega:OTTHUMG00000152338,14,14q22.3,orthodenticle homeobox 2,protein-coding,homeobox protein OTX2|orthodenticle homolog 2
7037,1,"28837569,",TFRC,CD71|IMD46|T9|TFR|TFR1|TR|TRFR|p90,MIM:190010|HGNC:HGNC:11763|Ensembl:ENSG00000072274|Vega:OTTHUMG00000155714,3,3q29,transferrin receptor,protein-coding,transferrin receptor protein 1
5771,2,"29764444,19755676,",PTPN2,PTN2|PTPT|TC-PTP|TCELLPTP|TCPTP,MIM:176887|HGNC:HGNC:9650|Ensembl:ENSG00000175354|Vega:OTTHUMG00000131702,18,18p11.21,"protein tyrosine phosphatase, non-receptor type 2",protein-coding,tyrosine-protein phosphatase non-receptor type 2|T-cell protein tyrosine phosphatase
3603,1,"17221335,",IL16,LCF|NIL16|PRIL16|prIL-16,MIM:603035|HGNC:HGNC:5980|Ensembl:ENSG00000172349|Vega:OTTHUMG00000144186,15,15q25.1,interleukin 16,protein-coding,pro-interleukin-16|lymphocyte chemoattractant factor|neuronal interleukin 16|prointerleukin 16
3662,3,"25359993,18987657,23073988,",IRF4,LSIRF|MUM1|NF-EM5|SHEP8,MIM:601900|HGNC:HGNC:6119|Ensembl:ENSG00000137265|Vega:OTTHUMG00000016294,6,6p25.3,interferon regulatory factor 4,protein-coding,interferon regulatory factor 4|lymphocyte-specific interferon regulatory factor|multiple myeloma oncogene 1
310,1,"19602687,",ANXA7,ANX7|SNX|SYNEXIN,MIM:186360|HGNC:HGNC:545|Ensembl:ENSG00000138279|Vega:OTTHUMG00000018463,10,10q22.2,annexin A7,protein-coding,annexin A7|annexin VII|annexin-7
10728,1,"19347995,",PTGES3,P23|TEBP|cPGES,MIM:607061|HGNC:HGNC:16049|Ensembl:ENSG00000110958|Vega:OTTHUMG00000170217,12,12q13.3|12,prostaglandin E synthase 3,protein-coding,"prostaglandin E synthase 3|Hsp90 co-chaperone|cytosolic prostaglandin E synthase|cytosolic prostaglandin E2 synthase|progesterone receptor complex p23|prostaglandin E synthase 3 (cytosolic)|telomerase-binding protein p23|unactive progesterone receptor, 23 kD"
3320,1,"26592496,",HSP90AA1,EL52|HEL-S-65p|HSP86|HSP89A|HSP90A|HSP90N|HSPC1|HSPCA|HSPCAL1|HSPCAL4|HSPN|Hsp103|Hsp89|Hsp90|LAP-2|LAP2,MIM:140571|HGNC:HGNC:5253|Ensembl:ENSG00000080824|Vega:OTTHUMG00000171752,14,14q32.31,heat shock protein 90 alpha family class A member 1,protein-coding,"heat shock protein HSP 90-alpha|HSP 86|LPS-associated protein 2|epididymis luminal secretory protein 52|epididymis secretory sperm binding protein Li 65p|heat shock 86 kDa|heat shock 90kD protein 1, alpha|heat shock 90kD protein 1, alpha-like 4|heat shock 90kD protein, alpha-like 4|heat shock 90kDa protein 1, alpha|heat shock protein 90kDa alpha (cytosolic), class A member 1|heat shock protein 90kDa alpha family class A member 1|lipopolysaccharide-associated protein 2|renal carcinoma antigen NY-REN-38"
960,7,"22493711,29030990,22726066,12635659,12908752,28716909,21895545,",CD44,CDW44|CSPG8|ECMR-III|HCELL|HUTCH-I|IN|LHR|MC56|MDU2|MDU3|MIC4|Pgp1,MIM:107269|HGNC:HGNC:1681|Ensembl:ENSG00000026508|Vega:OTTHUMG00000044388,11,11p13,CD44 molecule (Indian blood group),protein-coding,CD44 antigen|GP90 lymphocyte homing/adhesion receptor|Hermes antigen|cell surface glycoprotein CD44|chondroitin sulfate proteoglycan 8|epican|extracellular matrix receptor III|hematopoietic cell E- and L-selectin ligand|heparan sulfate proteoglycan|homing function and Indian blood group system|hyaluronate receptor|phagocytic glycoprotein 1|soluble CD44
7124,3,"21057561,24857911,20306684,",TNF,DIF|TNF-alpha|TNFA|TNFSF2|TNLG1F,MIM:191160|HGNC:HGNC:11892|Ensembl:ENSG00000232810|Vega:OTTHUMG00000031194,6,6p21.33,tumor necrosis factor,protein-coding,"tumor necrosis factor|APC1 protein|TNF, macrophage-derived|TNF, monocyte-derived|TNF-a|cachectin|tumor necrosis factor ligand 1F|tumor necrosis factor ligand superfamily member 2|tumor necrosis factor-alpha"
29110,1,"21492457,",TBK1,FTDALS4|NAK|T2K,MIM:604834|HGNC:HGNC:11584|Ensembl:ENSG00000183735|Vega:OTTHUMG00000168796,12,12q14.2,TANK binding kinase 1,protein-coding,serine/threonine-protein kinase TBK1|NF-kB-activating kinase|NF-kappa-B-activating kinase
51750,1,"30462709,",RTEL1,C20orf41|DKCA4|DKCB5|NHL|PFBMFT3|RTEL,MIM:608833|HGNC:HGNC:15888|Ensembl:ENSG00000026036|Ensembl:ENSG00000258366|Vega:OTTHUMG00000032992|Vega:OTTHUMG00000170363,20,20q13.33,regulator of telomere elongation helicase 1,protein-coding,regulator of telomere elongation helicase 1|regulator of telomere length
10410,1,"27835870,",IFITM3,1-8U|DSPA2b|IP15,MIM:605579|HGNC:HGNC:5414|Ensembl:ENSG00000142089|Vega:OTTHUMG00000165542,11,11p15.5,interferon induced transmembrane protein 3,protein-coding,interferon-induced transmembrane protein 3|dispanin subfamily A member 2b|interferon-inducible protein 1-8U
2908,1,"17236775,",NR3C1,GCCR|GCR|GCRST|GR|GRL,MIM:138040|HGNC:HGNC:7978|Ensembl:ENSG00000113580|Vega:OTTHUMG00000129677,5,5q31.3,nuclear receptor subfamily 3 group C member 1,protein-coding,"glucocorticoid receptor|glucocorticoid nuclear receptor variant 1|nuclear receptor subfamily 3, group C, member 1 (glucocorticoid receptor)"
8795,4,"18341587,23579274,19939880,19432816,",TNFRSF10B,CD262|DR5|KILLER|KILLER/DR5|TRAIL-R2|TRAILR2|TRICK2|TRICK2A|TRICK2B|TRICKB|ZTNFR9,MIM:603612|HGNC:HGNC:11905|Ensembl:ENSG00000120889|Vega:OTTHUMG00000097826,8,8p21.3,TNF receptor superfamily member 10b,protein-coding,"tumor necrosis factor receptor superfamily member 10B|Fas-like protein|TNF-related apoptosis-inducing ligand receptor 2|apoptosis inducing protein TRICK2A/2B|apoptosis inducing receptor TRAIL-R2|cytotoxic TRAIL receptor-2|death domain containing receptor for TRAIL/Apo-2L|death receptor 5|p53-regulated DNA damage-inducible cell death receptor(killer)|tumor necrosis factor receptor superfamily, member 10b|tumor necrosis factor receptor-like protein ZTNFR9"
9516,1,"23795761,",LITAF,PIG7|SIMPLE|TP53I7,MIM:603795|HGNC:HGNC:16841|Ensembl:ENSG00000189067|Vega:OTTHUMG00000177415,16,16p13.13,lipopolysaccharide induced TNF factor,protein-coding,lipopolysaccharide-induced tumor necrosis factor-alpha factor|LPS-induced TNF-alpha factor|lipopolysaccharide-induced TNF-alpha factor|p53-induced gene 7 protein|small integral membrane protein of lysosome/late endosome|tumor protein p53 inducible protein 7
5465,1,"30607709,",PPARA,NR1C1|PPAR|PPARalpha|hPPAR,MIM:170998|HGNC:HGNC:9232|Ensembl:ENSG00000186951|Vega:OTTHUMG00000150443,22,22q13.31,peroxisome proliferator activated receptor alpha,protein-coding,"peroxisome proliferator-activated receptor alpha|PPAR-alpha|nuclear receptor subfamily 1 group C member 1|peroxisome proliferative activated receptor, alpha|peroxisome proliferator-activated nuclear receptor alpha variant 3"
8038,2,"15509542,23324579,",ADAM12,ADAM12-OT1|CAR10|MCMP|MCMPMltna|MLTN|MLTNA,MIM:602714|HGNC:HGNC:190|Ensembl:ENSG00000148848|Vega:OTTHUMG00000019243,10,10q26.2,ADAM metallopeptidase domain 12,protein-coding,disintegrin and metalloproteinase domain-containing protein 12|meltrin-alpha|metalloprotease-disintegrin 12 transmembrane
1437,2,"25677907,22200506,",CSF2,GMCSF,MIM:138960|HGNC:HGNC:2434|Ensembl:ENSG00000164400|Vega:OTTHUMG00000059637,5,5q31.1,colony stimulating factor 2,protein-coding,granulocyte-macrophage colony-stimulating factor|CSF|colony stimulating factor 2 (granulocyte-macrophage)|granulocyte macrophage-colony stimulating factor|molgramostin|sargramostim
10457,2,"16609006,27836549,",GPNMB,HGFIN|NMB,MIM:604368|HGNC:HGNC:4462|Ensembl:ENSG00000136235|Vega:OTTHUMG00000022811,7,7p15.3,glycoprotein nmb,protein-coding,transmembrane glycoprotein NMB|glycoprotein (transmembrane) nmb|glycoprotein nmb-like protein|glycoprotein nonmetastatic melanoma protein B|hematopoietic growth factor inducible neurokinin-1|osteoactivin|transmembrane glycoprotein HGFIN
5291,1,"26699864,",PIK3CB,P110BETA|PI3K|PI3KBETA|PIK3C1,MIM:602925|HGNC:HGNC:8976|Ensembl:ENSG00000051382|Vega:OTTHUMG00000159893,3,3q22.3,"phosphatidylinositol-4,5-bisphosphate 3-kinase catalytic subunit beta",protein-coding,"phosphatidylinositol 4,5-bisphosphate 3-kinase catalytic subunit beta isoform|PI3-kinase p110 subunit beta|PI3-kinase subunit beta|PI3K-beta|PtdIns-3-kinase p110|phosphatidylinositol 4,5-bisphosphate 3-kinase 110 kDa catalytic subunit beta|phosphoinositide-3-kinase, catalytic, beta polypeptide|ptdIns-3-kinase subunit beta|ptdIns-3-kinase subunit p110-beta"
5467,1,"30607709,",PPARD,FAAR|NR1C2|NUC1|NUCI|NUCII|PPARB,MIM:600409|HGNC:HGNC:9235|Ensembl:ENSG00000112033|Vega:OTTHUMG00000014567,6,6p21.31,peroxisome proliferator activated receptor delta,protein-coding,peroxisome proliferator-activated receptor delta|PPAR-beta|PPAR-delta|nuclear hormone receptor 1|nuclear receptor subfamily 1 group C member 2|peroxisome proliferator-activated nuclear receptor beta/delta variant 2|peroxisome proliferator-activated receptor beta
7070,2,"22426060,22203689,",THY1,CD90|CDw90,MIM:188230|HGNC:HGNC:11801|Ensembl:ENSG00000154096|Vega:OTTHUMG00000166202,11,11q23.3,Thy-1 cell surface antigen,protein-coding,thy-1 membrane glycoprotein|Thy-1 T-cell antigen|thy-1 antigen
5265,1,"29309973,",SERPINA1,A1A|A1AT|AAT|PI|PI1|PRO2275|alpha1AT,MIM:107400|HGNC:HGNC:8941|Ensembl:ENSG00000197249|Vega:OTTHUMG00000150355,14,14q32.13,serpin family A member 1,protein-coding,"alpha-1-antitrypsin|alpha-1 antitrypsin|alpha-1 protease inhibitor|alpha-1-antiproteinase|alpha-1-antitrypsin null|alpha-1-antitrypsin short transcript variant 1C4|alpha-1-antitrypsin short transcript variant 1C5|protease inhibitor 1 (anti-elastase), alpha-1-antitrypsin|serine (or cysteine) proteinase inhibitor, clade A, member 1|serpin A1|serpin peptidase inhibitor clade A (alpha-1antiproteinase, antitrypsin) member 1|serpin peptidase inhibitor clade A member 1|serpin peptidase inhibitor, clade A (alpha-1 antiproteinase, antitrypsin), member 1"
332,13,"24676140,17143520,12073047,19939880,15655550,28865215,11888845,25241898,18327814,18048012,11844831,17239009,21788344,",BIRC5,API4|EPR-1,MIM:603352|HGNC:HGNC:593|Ensembl:ENSG00000089685|Vega:OTTHUMG00000177505,17,17q25.3,baculoviral IAP repeat containing 5,protein-coding,baculoviral IAP repeat-containing protein 5|apoptosis inhibitor 4|apoptosis inhibitor survivin|survivin variant 3 alpha
7849,3,"26371431,25287489,24602166,",PAX8,-,MIM:167415|HGNC:HGNC:8622|Ensembl:ENSG00000125618|Vega:OTTHUMG00000128529,2,2q14.1,paired box 8,protein-coding,paired box protein Pax-8|paired domain gene 8
55536,1,"27013196,",CDCA7L,JPO2|R1|RAM2,MIM:609685|HGNC:HGNC:30777|Ensembl:ENSG00000164649|Vega:OTTHUMG00000128429,7,7p15.3,cell division cycle associated 7 like,protein-coding,cell division cycle-associated 7-like protein|transcription factor RAM2
2734,1,"12684670,",GLG1,CFR-1|ESL-1|MG-160|MG160,MIM:600753|HGNC:HGNC:4316|Ensembl:ENSG00000090863|Vega:OTTHUMG00000177174,16,16q23.1,golgi glycoprotein 1,protein-coding,Golgi apparatus protein 1|E-selectin ligand 1|cysteine-rich fibroblast growth factor receptor|golgi sialoglycoprotein MG-160
1965,1,"19188486,",EIF2S1,EIF-2|EIF-2A|EIF-2alpha|EIF2|EIF2A,MIM:603907|HGNC:HGNC:3265|Ensembl:ENSG00000134001|Vega:OTTHUMG00000029800,14,14q23.3,eukaryotic translation initiation factor 2 subunit alpha,protein-coding,"eukaryotic translation initiation factor 2 subunit 1|eIF-2-alpha|eukaryotic translation initiation factor 2, subunit 1 alpha, 35kDa"
1600,1,"15175076,",DAB1,SCA37,MIM:603448|HGNC:HGNC:2661|Ensembl:ENSG00000173406|Vega:OTTHUMG00000008391,1,1p32.2,"DAB1, reelin adaptor protein",protein-coding,"disabled homolog 1|Dab reelin signal transducer 1|Dab, reelin signal transducer, homolog 1"
5423,1,"30274781,",POLB,-,MIM:174760|HGNC:HGNC:9174|Ensembl:ENSG00000070501|Vega:OTTHUMG00000164093,8,8p11.21,DNA polymerase beta,protein-coding,"DNA polymerase beta|DNA pol beta|DNA polymerase beta subunit|polymerase (DNA directed), beta|polymerase (DNA) beta"
11197,1,"18079202,",WIF1,WIF-1,MIM:605186|HGNC:HGNC:18081|Ensembl:ENSG00000156076|Vega:OTTHUMG00000168832,12,12q14.3,WNT inhibitory factor 1,protein-coding,wnt inhibitory factor 1
90,2,"24705254,24705251,",ACVR1,ACTRI|ACVR1A|ACVRLK2|ALK2|FOP|SKR1|TSRI,MIM:102576|HGNC:HGNC:171|Ensembl:ENSG00000115170|Vega:OTTHUMG00000131967,2,2q24.1,activin A receptor type 1,protein-coding,"activin receptor type-1|TGF-B superfamily receptor type I|activin A receptor, type I|activin A receptor, type II-like kinase 2|activin receptor type I|activin receptor-like kinase 2|hydroxyalkyl-protein kinase|serine/threonine-protein kinase receptor R1"
1410,1,"24473683,",CRYAB,CMD1II|CRYA2|CTPP2|CTRCT16|HEL-S-101|HSPB5|MFM2,MIM:123590|HGNC:HGNC:2389|Ensembl:ENSG00000109846|Vega:OTTHUMG00000166885,11,11q23.1,crystallin alpha B,protein-coding,alpha-crystallin B chain|epididymis secretory protein Li 101|heat shock protein beta-5|heat-shock 20 kD like-protein|renal carcinoma antigen NY-REN-27|rosenthal fiber component
4194,2,"29789628,12640683,",MDM4,HDMX|MDMX|MRP1,MIM:602704|HGNC:HGNC:6974|Ensembl:ENSG00000198625|Vega:OTTHUMG00000035877,1,1q32.1,"MDM4, p53 regulator",protein-coding,"protein Mdm4|MDM4 protein variant G|MDM4 protein variant Y|MDM4-related protein 1|Mdm4 p53 binding protein homolog|double minute 4, human homolog of; p53-binding protein|mdm2-like p53-binding protein|protein Mdmx"
10395,1,"18981889,",DLC1,ARHGAP7|HP|STARD12|p122-RhoGAP,MIM:604258|HGNC:HGNC:2897|Ensembl:ENSG00000164741|Vega:OTTHUMG00000090825,8,8p22,DLC1 Rho GTPase activating protein,protein-coding,rho GTPase-activating protein 7|Rho-GTPase-activating protein 7|START domain-containing protein 12|StAR-related lipid transfer (START) domain containing 12|deleted in liver cancer 1 protein|deleted in liver cancer 1 variant 2|deleted in liver cancer variant 4|rho-type GTPase-activating protein 7
2625,4,"27151990,27588406,24145643,23599157,",GATA3,HDR|HDRS,MIM:131320|HGNC:HGNC:4172|Ensembl:ENSG00000107485|Vega:OTTHUMG00000017640,10,10p14,GATA binding protein 3,protein-coding,trans-acting T-cell-specific transcription factor GATA-3|GATA-binding factor 3
3400,1,"18676808,",ID4,IDB4|bHLHb27,MIM:600581|HGNC:HGNC:5363|Ensembl:ENSG00000172201|Vega:OTTHUMG00000014333,6,6p22.3,"inhibitor of DNA binding 4, HLH protein",protein-coding,"DNA-binding protein inhibitor ID-4|class B basic helix-loop-helix protein 27|inhibitor of DNA binding 4, dominant negative helix-loop-helix protein|inhibitor of differentiation 4"
891,2,"17359356,18593994,",CCNB1,CCNB,MIM:123836|HGNC:HGNC:1579|Ensembl:ENSG00000134057|Vega:OTTHUMG00000097817,5,5q13.2,cyclin B1,protein-coding,G2/mitotic-specific cyclin-B1
3266,1,"22875024,",ERAS,HRAS2|HRASP,MIM:300437|HGNC:HGNC:5174|Ensembl:ENSG00000187682|Vega:OTTHUMG00000059533,X,Xp11.23,ES cell expressed Ras,protein-coding,GTPase ERas|E-Ras|embryonic stem cell-expressed Ras|small GTPase protein E-Ras|v-Ha-ras Harvey rat sarcoma viral oncogene homolog 2|v-Ha-ras Harvey rat sarcoma viral oncogene homolog pseudogene
5881,1,"15993075,",RAC3,-,MIM:602050|HGNC:HGNC:9803|Ensembl:ENSG00000169750|Vega:OTTHUMG00000178455,17,17q25.3,"ras-related C3 botulinum toxin substrate 3 (rho family, small GTP binding protein Rac3)",protein-coding,"ras-related C3 botulinum toxin substrate 3|p21-Rac3|rho family, small GTP binding protein Rac3"
4683,6,"28819025,19908051,30943920,19151620,18593981,14612522,",NBN,AT-V1|AT-V2|ATV|NBS|NBS1|P95,MIM:602667|HGNC:HGNC:7652|Ensembl:ENSG00000104320|Vega:OTTHUMG00000153546,8,8q21.3,nibrin,protein-coding,nibrin|Nijmegen breakage syndrome 1 (nibrin)|cell cycle regulatory protein p95|p95 protein of the MRE11/RAD50 complex
3620,1,"23358471,",IDO1,IDO|IDO-1|INDO,MIM:147435|HGNC:HGNC:6059|Ensembl:ENSG00000131203|Vega:OTTHUMG00000164057,8,8p11.21,"indoleamine 2,3-dioxygenase 1",protein-coding,"indoleamine 2,3-dioxygenase 1|indolamine 2,3 dioxygenase|indole 2,3-dioxygenase|indoleamine-pyrrole 2,3-dioxygenase"
55611,1,"28139865,",OTUB1,HSPC263|OTB1|OTU1,MIM:608337|HGNC:HGNC:23077|Ensembl:ENSG00000167770|Vega:OTTHUMG00000167786,11,11q13.1,"OTU deubiquitinase, ubiquitin aldehyde binding 1",protein-coding,"ubiquitin thioesterase OTUB1|OTU domain, ubiquitin aldehyde binding 1|OTU domain-containing ubiquitin aldehyde-binding protein 1|OTU-domain Ubal-binding 1|deubiquitinating enzyme OTUB1|otubain-1|ubiquitin-specific protease otubain 1|ubiquitin-specific-processing protease OTUB1"
1490,4,"15041728,20685720,21771732,27393180,",CTGF,CCN2|HCS24|IGFBP8|NOV2,MIM:121009|HGNC:HGNC:2500|Ensembl:ENSG00000118523|Vega:OTTHUMG00000015573,6,6q23.2,connective tissue growth factor,protein-coding,connective tissue growth factor|CCN family member 2|IBP-8|IGF-binding protein 8|IGFBP-8|hypertrophic chondrocyte-specific protein 24|insulin-like growth factor-binding protein 8
1806,1,"17375478,",DPYD,DHP|DHPDHASE|DPD,MIM:612779|HGNC:HGNC:3012|Ensembl:ENSG00000188641|Vega:OTTHUMG00000039683,1,1p21.3,dihydropyrimidine dehydrogenase,protein-coding,dihydropyrimidine dehydrogenase [NADP(+)]|dihydrothymine dehydrogenase|dihydrouracil dehydrogenase
1786,7,"26892683,27543768,29074044,28036297,15762053,24492612,24001767,",DNMT1,ADCADN|AIM|CXXC9|DNMT|HSN1E|MCMT|m.HsaI,MIM:126375|HGNC:HGNC:2976|Ensembl:ENSG00000130816|Vega:OTTHUMG00000180397,19,19p13.2,DNA methyltransferase 1,protein-coding,DNA (cytosine-5)-methyltransferase 1|CXXC-type zinc finger protein 9|DNA (cytosine-5-)-methyltransferase 1|DNA MTase HsaI|DNA methyltransferase HsaI
55872,2,"29271010,23237560,",PBK,CT84|HEL164|Nori-3|SPK|TOPK,MIM:611210|HGNC:HGNC:18282|Ensembl:ENSG00000168078|Vega:OTTHUMG00000102113,8,8p21.1,PDZ binding kinase,protein-coding,lymphokine-activated killer T-cell-originated protein kinase|MAPKK-like protein kinase|T-LAK cell-originated protein kinase|cancer/testis antigen 84|epididymis luminal protein 164|serine/threonine protein kinase|spermatogenesis-related protein kinase
208,3,"16402276,20514445,20116920,",AKT2,HIHGHH|PKBB|PKBBETA|PRKBB|RAC-BETA,MIM:164731|HGNC:HGNC:392|Ensembl:ENSG00000105221|Vega:OTTHUMG00000137375,19,19q13.2,AKT serine/threonine kinase 2,protein-coding,RAC-beta serine/threonine-protein kinase|PKB beta|RAC-PK-beta|murine thymoma viral (v-akt) homolog-2|protein kinase Akt-2|protein kinase B beta|putative v-akt murine thymoma viral oncoprotein 2|rac protein kinase beta|v-akt murine thymoma viral oncogene homolog 2
842,1,"27935156,",CASP9,APAF-3|APAF3|ICE-LAP6|MCH6|PPP1R56,MIM:602234|HGNC:HGNC:1511|Ensembl:ENSG00000132906|Vega:OTTHUMG00000002256,1,1p36.21,caspase 9,protein-coding,"caspase-9|ICE-like apoptotic protease 6|apoptotic protease MCH-6|apoptotic protease activating factor 3|caspase 9, apoptosis-related cysteine peptidase|protein phosphatase 1, regulatory subunit 56"
2271,1,"24334767,",FH,FMRD|HLRCC|LRCC|MCL|MCUL1,MIM:136850|HGNC:HGNC:3700|Ensembl:ENSG00000091483|Vega:OTTHUMG00000039597,1,1q43,fumarate hydratase,protein-coding,"fumarate hydratase, mitochondrial|fumarase"
1523,1,"25096634,",CUX1,CASP|CDP|CDP/Cut|CDP1|COY1|CUTL1|CUX|Clox|Cux/CDP|GOLIM6|Nbla10317|p100|p110|p200|p75,MIM:116896|HGNC:HGNC:2557|Ensembl:ENSG00000257923|Vega:OTTHUMG00000157129,7,7q22.1,cut like homeobox 1,protein-coding,protein CASP|CCAAT displacement protein|cut homolog|golgi integral membrane protein 6|homeobox protein cux-1|putative protein product of Nbla10317
4288,18,"23902708,19019173,24344030,22492957,26338964,19832838,18018472,27717363,25374203,22335907,18374497,25313753,18510217,19559929,20450760,22309998,24610618,29432944,",MKI67,KIA|MIB-|MIB-1|PPP1R105,MIM:176741|HGNC:HGNC:7107|Ensembl:ENSG00000148773|Vega:OTTHUMG00000019255,10,10q26.2,marker of proliferation Ki-67,protein-coding,"proliferation marker protein Ki-67|antigen KI-67|antigen Ki67|antigen identified by monoclonal antibody Ki-67|proliferation-related Ki-67 antigen|protein phosphatase 1, regulatory subunit 105"
100271849,1,"26089142,",MEF2B,RSRFR2,MIM:600661|HGNC:HGNC:6995|Ensembl:ENSG00000213999|Vega:OTTHUMG00000161595,19,19p13.11,myocyte enhancer factor 2B,protein-coding,"myocyte-specific enhancer factor 2B|MADS box transcription enhancer factor 2, polypeptide B (myocyte enhancer factor 2B)|serum response factor-like protein 2"
3225,1,"17588684,",HOXC9,HOX3|HOX3B,MIM:142971|HGNC:HGNC:5130|Ensembl:ENSG00000180806|Vega:OTTHUMG00000160033,12,12q13.13,homeobox C9,protein-coding,homeobox protein Hox-C9|homeo box C9|homeobox protein Hox-3B
113540,1,"25931111,",CMTM1,CKLFH|CKLFH1|CKLFSF1,MIM:607884|HGNC:HGNC:19172|Ensembl:ENSG00000089505|Vega:OTTHUMG00000137502,16,16q21,CKLF like MARVEL transmembrane domain containing 1,protein-coding,CKLF-like MARVEL transmembrane domain-containing protein 1|chemokine-like factor super family 1|chemokine-like factor superfamily 1|chemokine-like factor superfamily member 1|chemokine-like factor-like protein CKLFH1
9212,3,"18301241,15072448,25739120,",AURKB,AIK2|AIM-1|AIM1|ARK2|AurB|IPL1|PPP1R48|STK12|STK5|aurkb-sv1|aurkb-sv2,MIM:604970|HGNC:HGNC:11390|Ensembl:ENSG00000178999|Vega:OTTHUMG00000108189,17,17p13.1,aurora kinase B,protein-coding,"aurora kinase B|ARK-2|STK-1|aurora kinase B-Sv1|aurora kinase B-Sv2|aurora- and Ipl1-like midbody-associated protein 1|aurora-1|aurora-B|aurora-related kinase 2|aurora/IPL1-related kinase 2|protein phosphatase 1, regulatory subunit 48|serine/threonine kinase 12|serine/threonine-protein kinase 12|serine/threonine-protein kinase 5|serine/threonine-protein kinase aurora-B"
6455,2,"23050879,23970061,",SH3GL1,CNSA1|EEN|SH3D2B|SH3P8,MIM:601768|HGNC:HGNC:10830|Ensembl:ENSG00000141985|Vega:OTTHUMG00000181918,19,19p13.3,"SH3 domain containing GRB2 like 1, endophilin A2",protein-coding,endophilin-A2|EEN fusion partner of MLL|SH3 domain protein 2B|SH3 domain-containing GRB2-like protein 1|SH3-containing Grb-2-like 1 protein|SH3-domain GRB2-like 1|endophilin-2|extra 11-19 leukemia fusion|extra eleven-nineteen leukemia fusion gene protein
25805,1,"29286116,",BAMBI,NMA,MIM:604444|HGNC:HGNC:30251|Ensembl:ENSG00000095739|Vega:OTTHUMG00000017874,10,10p12.1,BMP and activin membrane bound inhibitor,protein-coding,BMP and activin membrane-bound inhibitor homolog|non-metastatic gene A protein|putative transmembrane protein NMA
3688,2,"18794852,17991734,",ITGB1,CD29|FNRB|GPIIA|MDF2|MSK12|VLA-BETA|VLAB,MIM:135630|HGNC:HGNC:6153|Ensembl:ENSG00000150093|Vega:OTTHUMG00000017928,10,10p11.22,integrin subunit beta 1,protein-coding,"integrin beta-1|glycoprotein IIa|integrin VLA-4 beta subunit|integrin beta 1|integrin, beta 1 (fibronectin receptor, beta polypeptide, antigen CD29 includes MDF2, MSK12)|very late activation protein, beta polypeptide"
4879,1,"22396190,",NPPB,BNP,MIM:600295|HGNC:HGNC:7940|Ensembl:ENSG00000120937|Vega:OTTHUMG00000002389,1,1p36.22,natriuretic peptide B,protein-coding,natriuretic peptides B|brain type natriuretic peptide|gamma-brain natriuretic peptide|natriuretic peptide precursor B|natriuretic protein
6557,1,"20196086,",SLC12A1,BSC1|NKCC2,MIM:600839|HGNC:HGNC:10910|Ensembl:ENSG00000074803|Vega:OTTHUMG00000131495,15,15q21.1,solute carrier family 12 member 1,protein-coding,"solute carrier family 12 member 1|NKCC2A variant A|Na-K-2Cl cotransporter|bumetanide-sensitive sodium-(potassium)-chloride cotransporter 2|kidney-specific Na-K-Cl symporter|solute carrier family 12 (sodium/potassium/chloride transporter), member 1|solute carrier family 12 (sodium/potassium/chloride transporters), member 1"
5054,1,"18383878,",SERPINE1,PAI|PAI-1|PAI1|PLANH1,MIM:173360|HGNC:HGNC:8583|Ensembl:ENSG00000106366|Vega:OTTHUMG00000157107,7,7q22.1,serpin family E member 1,protein-coding,"plasminogen activator inhibitor 1|endothelial plasminogen activator inhibitor|serine (or cysteine) proteinase inhibitor, clade E (nexin, plasminogen activator inhibitor type 1), member 1|serpin E1|serpin peptidase inhibitor, clade E (nexin, plasminogen activator inhibitor type 1), member 1"
3066,3,"21143702,28276480,23951168,",HDAC2,HD2|RPD3|YAF1,MIM:605164|HGNC:HGNC:4853|Ensembl:ENSG00000196591|Vega:OTTHUMG00000015411,6,6q21,histone deacetylase 2,protein-coding,histone deacetylase 2|YY1-associated factor 1|transcriptional regulator homolog RPD3
1958,1,"18489490,",EGR1,AT225|G0S30|KROX-24|NGFI-A|TIS8|ZIF-268|ZNF225,MIM:128990|HGNC:HGNC:3238|Ensembl:ENSG00000120738|Vega:OTTHUMG00000129197,5,5q31.2,early growth response 1,protein-coding,early growth response protein 1|EGR-1|nerve growth factor-induced protein A|transcription factor ETR103|transcription factor Zif268|zinc finger protein 225|zinc finger protein Krox-24
5789,1,"24843164,",PTPRD,HPTP|HPTPD|HPTPDELTA|PTPD|RPTPDELTA,MIM:601598|HGNC:HGNC:9668|Ensembl:ENSG00000153707|Vega:OTTHUMG00000021005,9,9p24.1-p23,"protein tyrosine phosphatase, receptor type D",protein-coding,"receptor-type tyrosine-protein phosphatase delta|R-PTP-delta|protein tyrosine phosphatase, receptor type, delta polypeptide|rceptor-type tyrosine-protein phosphatase delta"
55022,1,"24300787,",PID1,HMFN2073|NYGGF4|P-CLI1|PCLI1,MIM:612930|HGNC:HGNC:26084|Ensembl:ENSG00000153823|Vega:OTTHUMG00000133191,2,2q36.3,phosphotyrosine interaction domain containing 1,protein-coding,"PTB-containing, cubilin and LRP1-interacting protein|phosphotyrosine interaction domain-containing protein 1"
23327,1,"22217575,",NEDD4L,NEDD4-2|NEDD4.2|PVNH7|RSP5|hNEDD4-2,MIM:606384|HGNC:HGNC:7728|Ensembl:ENSG00000049759|Vega:OTTHUMG00000179875,18,18q21.31,"neural precursor cell expressed, developmentally down-regulated 4-like, E3 ubiquitin protein ligase",protein-coding,E3 ubiquitin-protein ligase NEDD4-like|HECT-type E3 ubiquitin transferase NED4L|ubiquitin-protein ligase Rsp5
4853,6,"22695918,19147558,19339697,17593975,25338527,27566587,",NOTCH2,AGS2|HJCYS|hN2,MIM:600275|HGNC:HGNC:7882|Ensembl:ENSG00000134250|Vega:OTTHUMG00000012177,1,1p12,notch 2,protein-coding,neurogenic locus notch homolog protein 2|Notch homolog 2
7048,2,"23454766,14704634,",TGFBR2,AAT3|FAA3|LDS1B|LDS2|LDS2B|MFS2|RIIC|TAAD2|TGFR-2|TGFbeta-RII,MIM:190182|HGNC:HGNC:11773|Ensembl:ENSG00000163513|Vega:OTTHUMG00000130569,3,3p24.1,transforming growth factor beta receptor 2,protein-coding,"TGF-beta receptor type-2|TGF-beta receptor type IIB|TGF-beta type II receptor|tbetaR-II|transforming growth factor beta receptor II|transforming growth factor beta receptor type IIC|transforming growth factor, beta receptor II (70/80kDa)|transforming growth factor, beta receptor II alpha|transforming growth factor, beta receptor II beta|transforming growth factor, beta receptor II delta|transforming growth factor, beta receptor II epsilon|transforming growth factor, beta receptor II gamma"
1113,1,"21044118,",CHGA,CGA,MIM:118910|HGNC:HGNC:1929|Ensembl:ENSG00000100604|Vega:OTTHUMG00000171225,14,14q32.12,chromogranin A,protein-coding,chromogranin-A|SP-I|betagranin (N-terminal fragment of chromogranin A)|catestatin|chromofungin|parathyroid secretory protein 1|pituitary secretory protein I
10643,2,"19698973,25695077,",IGF2BP3,CT98|IMP-3|IMP3|KOC|KOC1|VICKZ3,MIM:608259|HGNC:HGNC:28868|Ensembl:ENSG00000136231|Vega:OTTHUMG00000128445,7,7p15.3,insulin like growth factor 2 mRNA binding protein 3,protein-coding,insulin-like growth factor 2 mRNA-binding protein 3|IGF-II mRNA-binding protein 3|IGF2 mRNA-binding protein 3|KH domain containing protein overexpressed in cancer|VICKZ family member 3|cancer/testis antigen 98
152330,1,"28938490,",CNTN4,AXCAM|BIG-2,MIM:607280|HGNC:HGNC:2174|Ensembl:ENSG00000144619|Vega:OTTHUMG00000119031,3,3p26.3-p26.2,contactin 4,protein-coding,contactin-4|axonal-associated cell adhesion molecule|brain-derived immunoglobulin superfamily protein 2|neural cell adhesion protein BIG-2
3675,3,"23686814,19224172,12452046,",ITGA3,CD49C|FRP-2|GAP-B3|GAPB3|ILNEB|MSK18|VCA-2|VL3A|VLA3a,MIM:605025|HGNC:HGNC:6139|Ensembl:ENSG00000005884|Vega:OTTHUMG00000161890,17,17q21.33,integrin subunit alpha 3,protein-coding,"integrin alpha-3|CD49 antigen-like family member C|alpha 3 subunit of VLA-3 receptor|antigen CD49C|antigen identified by monoclonal antibody J143|galactoprotein B3|integrin alpha 3|integrin, alpha 3 (antigen CD49C, alpha 3 subunit of VLA-3 receptor)|testicular tissue protein Li 96|testicular tissue protein Li 98|very late activation protein 3 receptor, alpha-3 subunit"
3491,1,"15041728,",CYR61,CCN1|GIG1|IGFBP10,MIM:602369|HGNC:HGNC:2654|Ensembl:ENSG00000142871|Vega:OTTHUMG00000010577,1,1p22.3,cysteine rich angiogenic inducer 61,protein-coding,"protein CYR61|CCN family member 1|IBP-10|IGF-binding protein 10|IGFBP-10|cysteine-rich heparin-binding protein 61|cysteine-rich, anigogenic inducer, 61|insulin-like growth factor-binding protein 10"
8626,4,"22287651,27394131,28153507,18203782,",TP63,AIS|B(p51A)|B(p51B)|EEC3|KET|LMS|NBP|OFC8|RHS|SHFM4|TP53CP|TP53L|TP73L|p40|p51|p53CP|p63|p73H|p73L,MIM:603273|HGNC:HGNC:15979|Ensembl:ENSG00000073282|Vega:OTTHUMG00000156313,3,3q28,tumor protein p63,protein-coding,tumor protein 63|amplified in squamous cell carcinoma|chronic ulcerative stomatitis protein|keratinocyte transcription factor KET|transformation-related protein 63|tumor protein p53-competing protein
2596,2,"27495233,22438824,",GAP43,B-50|PP46,MIM:162060|HGNC:HGNC:4140|Ensembl:ENSG00000172020|Vega:OTTHUMG00000133758,3,3q13.31,growth associated protein 43,protein-coding,neuromodulin|axonal membrane protein GAP-43|calmodulin-binding protein P-57|nerve growth-related peptide GAP43|neural phosphoprotein B-50|neuron growth-associated protein 43|protein F1
51330,2,"26300004,29741404,",TNFRSF12A,CD266|FN14|TWEAKR,MIM:605914|HGNC:HGNC:18152|Ensembl:ENSG00000006327|Vega:OTTHUMG00000129001,16,16p13.3,TNF receptor superfamily member 12A,protein-coding,tumor necrosis factor receptor superfamily member 12A|FGF-inducible 14|fibroblast growth factor-inducible immediate-early response protein 14|tweak-receptor|type I transmembrane protein Fn14
970,1,"28651374,",CD70,CD27-L|CD27L|CD27LG|TNFSF7|TNLG8A,MIM:602840|HGNC:HGNC:11937|Ensembl:ENSG00000125726|Vega:OTTHUMG00000181834,19,19p13.3,CD70 molecule,protein-coding,CD70 antigen|CD27 ligand|Ki-24 antigen|surface antigen CD70|tumor necrosis factor ligand 8A|tumor necrosis factor ligand superfamily member 7
3952,3,"23780403,19299541,19775291,",LEP,LEPD|OB|OBS,MIM:164160|HGNC:HGNC:6553|Ensembl:ENSG00000174697|Vega:OTTHUMG00000157564,7,7q32.1,leptin,protein-coding,"leptin|leptin (murine obesity homolog)|leptin (obesity homolog, mouse)|obese protein|obese, mouse, homolog of|obesity factor"
10642,1,"15159028,",IGF2BP1,CRD-BP|CRDBP|IMP-1|IMP1|VICKZ1|ZBP1,MIM:608288|HGNC:HGNC:28866|Ensembl:ENSG00000159217|Vega:OTTHUMG00000161173,17,17q21.32,insulin like growth factor 2 mRNA binding protein 1,protein-coding,insulin-like growth factor 2 mRNA-binding protein 1|IGF-II mRNA-binding protein 1|IGF2 mRNA-binding protein 1|VICKZ family member 1|ZBP-1|coding region determinant-binding protein|insulin-like growth factor 2 mRNA binding protein 1 deltaN CRDBP|zipcode-binding protein 1
29128,2,"28901497,27449774,",UHRF1,ICBP90|Np95|RNF106|TDRD22|hNP95|hUHRF1|huNp95,MIM:607990|HGNC:HGNC:12556|Ensembl:ENSG00000276043|Vega:OTTHUMG00000180251,19,19p13.3,ubiquitin like with PHD and ring finger domains 1,protein-coding,E3 ubiquitin-protein ligase UHRF1|RING finger protein 106|RING-type E3 ubiquitin transferase UHRF1|inverted CCAAT box-binding protein of 90 kDa|nuclear phosphoprotein 95|nuclear protein 95|nuclear zinc finger protein Np95|transcription factor ICBP90|ubiquitin-like PHD and RING finger domain-containing protein 1
1936,1,"16968546,",EEF1D,EF-1D|EF1D|FP1047,MIM:130592|HGNC:HGNC:3211|Ensembl:ENSG00000104529|Vega:OTTHUMG00000165191,8,8q24.3,eukaryotic translation elongation factor 1 delta,protein-coding,elongation factor 1-delta|EF-1-delta|antigen NY-CO-4|eukaryotic translation elongation factor 1 delta (guanine nucleotide exchange protein)
104,2,"24509948,18178553,",ADARB1,ADAR2|DRABA2|DRADA2|RED1,MIM:601218|HGNC:HGNC:226|Ensembl:ENSG00000197381|Vega:OTTHUMG00000090295,21,21q22.3,"adenosine deaminase, RNA specific B1",protein-coding,"double-stranded RNA-specific editase 1|RNA editing deaminase 1|RNA-editing enzyme 1|adenosine deaminase, RNA-specific, B1 (homolog of rat RED1)|dsRNA adenosine deaminase DRADA2"
5768,1,"25908093,",QSOX1,Q6|QSCN6,MIM:603120|HGNC:HGNC:9756|Ensembl:ENSG00000116260|Vega:OTTHUMG00000035256,1,1q25.2,quiescin sulfhydryl oxidase 1,protein-coding,sulfhydryl oxidase 1|quiescin Q6 sulfhydryl oxidase 1|testis tissue sperm-binding protein Li 62n|thiol oxidase 1
2057,1,"19298633,",EPOR,EPO-R,MIM:133171|HGNC:HGNC:3416|Ensembl:ENSG00000187266|Vega:OTTHUMG00000182027,19,19p13.2,erythropoietin receptor,protein-coding,erythropoietin receptor
5315,1,"20010808,",PKM,CTHBP|HEL-S-30|OIP3|PK3|PKM2|TCB|THBP1,MIM:179050|HGNC:HGNC:9021|Ensembl:ENSG00000067225|Vega:OTTHUMG00000172709,15,15q23,"pyruvate kinase, muscle",protein-coding,"pyruvate kinase PKM|OIP-3|OPA-interacting protein 3|PK, muscle type|cytosolic thyroid hormone-binding protein|epididymis secretory protein Li 30|p58|pyruvate kinase 2/3|pyruvate kinase isozymes M1/M2|pyruvate kinase muscle isozyme|thyroid hormone-binding protein 1|thyroid hormone-binding protein, cytosolic|tumor M2-PK"
8314,4,"26191197,29061454,28170043,26409435,",BAP1,HUCEP-13|UCHL2|hucep-6,MIM:603089|HGNC:HGNC:950|Ensembl:ENSG00000163930|Vega:OTTHUMG00000158392,3,3p21.1,BRCA1 associated protein 1,protein-coding,ubiquitin carboxyl-terminal hydrolase BAP1|BRCA1 associated protein-1 (ubiquitin carboxy-terminal hydrolase)|cerebral protein 6|cerebral protein-13
26267,1,"23431138,",FBXO10,FBX10|PRMT11,MIM:609092|HGNC:HGNC:13589|Ensembl:ENSG00000147912|Ensembl:ENSG00000256966|Vega:OTTHUMG00000019926,9,9p13.2,F-box protein 10,protein-coding,F-box only protein 10|F-box protein Fbx10
355,7,"29187439,17545588,20889682,24094130,20352431,15160902,14719118,",FAS,ALPS1A|APO-1|APT1|CD95|FAS1|FASTM|TNFRSF6,MIM:134637|HGNC:HGNC:11920|Ensembl:ENSG00000026103|Vega:OTTHUMG00000018701,10,10q23.31,Fas cell surface death receptor,protein-coding,"tumor necrosis factor receptor superfamily member 6|APO-1 cell surface antigen|CD95 antigen|FASLG receptor|Fas (TNF receptor superfamily, member 6)|Fas AMA|TNF receptor superfamily member 6|apoptosis antigen 1|apoptosis signaling receptor FAS|apoptosis-mediating surface antigen FAS|mutant tumor necrosis receptor superfamily member 6|tumor necrosis factor receptor superfamily, member 6"
338567,1,"23541583,",KCNK18,K2p18.1|MGR13|TRESK|TRESK-2|TRESK2|TRIK,MIM:613655|HGNC:HGNC:19439|Ensembl:ENSG00000186795|Vega:OTTHUMG00000019120,10,10q25.3,potassium two pore domain channel subfamily K member 18,protein-coding,"potassium channel subfamily K member 18|TWIK-related individual K+ channel|TWIK-related individual potassium channel|TWIK-related spinal cord K+ channel|TWIK-related spinal cord potassium channel|potassium channel, subfamily K, member 18|potassium channel, two pore domain subfamily K, member 18"
7097,1,"26785369,",TLR2,CD282|TIL4,MIM:603028|HGNC:HGNC:11848|Ensembl:ENSG00000137462|Vega:OTTHUMG00000161525,4,4q31.3,toll like receptor 2,protein-coding,toll-like receptor 2|toll/interleukin-1 receptor-like protein 4
11095,1,"16570050,",ADAMTS8,ADAM-TS8|METH2,MIM:605175|HGNC:HGNC:224|Ensembl:ENSG00000134917|Vega:OTTHUMG00000165656,11,11q24.3,ADAM metallopeptidase with thrombospondin type 1 motif 8,protein-coding,"A disintegrin and metalloproteinase with thrombospondin motifs 8|ADAMTS-8|METH-2|METH-8|a disintegrin-like and metalloprotease (reprolysin type) with thrombospondin type 1 motif, 8"
1633,1,"20544528,",DCK,-,MIM:125450|HGNC:HGNC:2704|Ensembl:ENSG00000156136|Vega:OTTHUMG00000129908,4,4q13.3,deoxycytidine kinase,protein-coding,deoxycytidine kinase|deoxynucleoside kinase
4665,1,"25893823,",NAB2,MADER,MIM:602381|HGNC:HGNC:7627|Ensembl:ENSG00000166886|Vega:OTTHUMG00000171192,12,12q13.3,NGFI-A binding protein 2,protein-coding,NGFI-A-binding protein 2|EGR1 binding protein 2|melanoma-associated delayed early response protein
1942,3,"17332925,23686814,25677907,",EFNA1,B61|ECKLG|EFL1|EPLG1|LERK-1|LERK1|TNFAIP4,MIM:191164|HGNC:HGNC:3221|Ensembl:ENSG00000169242|Vega:OTTHUMG00000035312,1,1q22,ephrin A1,protein-coding,"ephrin-A1|TNF alpha-induced protein 4|eph-related receptor tyrosine kinase ligand 1|immediate early response protein B61|ligand of eph-related kinase 1|tumor necrosis factor, alpha-induced protein 4"
339479,1,"17138656,",BRINP3,DBCCR1L|DBCCR1L1|FAM5C,HGNC:HGNC:22393|Ensembl:ENSG00000162670|Vega:OTTHUMG00000035533,1,1q31.1,BMP/retinoic acid inducible neural specific 3,protein-coding,"BMP/retinoic acid-inducible neural-specific protein 3|DBCCR1-like protein 1|bone morphogenetic protein/retinoic acid inducible neural-specific 3|family with sequence similarity 5, member C|protein FAM5C"
7528,2,"20081364,19235591,",YY1,DELTA|GADEVS|INO80S|NF-E1|UCRBP|YIN-YANG-1,MIM:600013|HGNC:HGNC:12856|Ensembl:ENSG00000100811|Vega:OTTHUMG00000150479,14,14q32.2,YY1 transcription factor,protein-coding,transcriptional repressor protein YY1|INO80 complex subunit S|YY-1|Yin and Yang 1 protein|delta transcription factor
3619,1,"18752045,",INCENP,-,MIM:604411|HGNC:HGNC:6058|Ensembl:ENSG00000149503|Vega:OTTHUMG00000167470,11,11q12.3,inner centromere protein,protein-coding,inner centromere protein|binds and activates aurora-B and -C in vivo and in vitro|chromosomal passenger protein|inner centromere protein INCENP|inner centromere protein antigens 135/155kDa
1839,2,"28368403,15509542,",HBEGF,DTR|DTS|DTSF|HEGFL,MIM:126150|HGNC:HGNC:3059|Ensembl:ENSG00000113070|Vega:OTTHUMG00000129496,5,5q31.3,heparin binding EGF like growth factor,protein-coding,proheparin-binding EGF-like growth factor|diphtheria toxin receptor (heparin-binding EGF-like growth factor)|diphtheria toxin receptor (heparin-binding epidermal growth factor-like growth factor)|heparin-binding epidermal growth factor
1788,2,"27543768,29740169,",DNMT3A,DNMT3A2|M.HsaIIIA|TBRS,MIM:602769|HGNC:HGNC:2978|Ensembl:ENSG00000119772|Vega:OTTHUMG00000094777,2,2p23.3,DNA methyltransferase 3 alpha,protein-coding,DNA (cytosine-5)-methyltransferase 3A|DNA (cytosine-5-)-methyltransferase 3 alpha|DNA MTase HsaIIIA|DNA cytosine methyltransferase 3A2
89857,2,"29140403,28807996,",KLHL6,-,MIM:614214|HGNC:HGNC:18653|Ensembl:ENSG00000172578|Vega:OTTHUMG00000148673,3,3q27.1,kelch like family member 6,protein-coding,kelch-like protein 6
5897,1,"19000702,",RAG2,RAG-2,MIM:179616|HGNC:HGNC:9832|Ensembl:ENSG00000175097|Vega:OTTHUMG00000166393,11,11p12,recombination activating 2,protein-coding,V(D)J recombination-activating protein 2|recombination activating gene 2
23512,1,"25119042,",SUZ12,CHET9|JJAZ1,MIM:606245|HGNC:HGNC:17101|Ensembl:ENSG00000178691|Vega:OTTHUMG00000132813,17,17q11.2,SUZ12 polycomb repressive complex 2 subunit,protein-coding,polycomb protein SUZ12|chET 9 protein|chromatin precipitated E2F target 9 protein|joined to JAZF1 protein|suppressor of zeste 12 protein homolog
8826,1,"23454766,",IQGAP1,HUMORFA01|SAR1|p195,MIM:603379|HGNC:HGNC:6110|Ensembl:ENSG00000140575|Vega:OTTHUMG00000149832,15,15q26.1,IQ motif containing GTPase activating protein 1,protein-coding,ras GTPase-activating-like protein IQGAP1|RasGAP-like with IQ motifs
9500,1,"21109781,",MAGED1,DLXIN-1|NRAGE,MIM:300224|HGNC:HGNC:6813|Ensembl:ENSG00000179222|Vega:OTTHUMG00000021540,X,Xp11.22,MAGE family member D1,protein-coding,"melanoma-associated antigen D1|MAGE tumor antigen CCF|MAGE-D1 antigen|melanoma antigen family D, 1|melanoma antigen family D1|neurotrophin receptor-interacting MAGE homolog"
5037,3,"20533335,24048798,30337686,",PEBP1,HCNP|HCNPpp|HEL-210|HEL-S-34|HEL-S-96|PBP|PEBP|PEBP-1|RKIP,MIM:604591|HGNC:HGNC:8630|Ensembl:ENSG00000089220|Vega:OTTHUMG00000168860,12,12q24.23,phosphatidylethanolamine binding protein 1,protein-coding,phosphatidylethanolamine-binding protein 1|Raf kinase inhibitory protein|epididymis luminal protein 210|epididymis secretory protein Li 34|epididymis secretory protein Li 96|hippocampal cholinergic neurostimulating peptide|neuropolypeptide h3|prostatic binding protein|raf kinase inhibitor protein
5879,3,"22080864,27790861,15905615,",RAC1,MIG5|Rac-1|TC-25|p21-Rac1,MIM:602048|HGNC:HGNC:9801|Ensembl:ENSG00000136238|Vega:OTTHUMG00000023540,7,7p22.1,"ras-related C3 botulinum toxin substrate 1 (rho family, small GTP binding protein Rac1)",protein-coding,ras-related C3 botulinum toxin substrate 1|cell migration-inducing gene 5 protein|ras-like protein TC25
29126,18,"28982883,28344319,24497532,29946193,27030389,26771840,23613317,19264916,22462616,28531337,26049756,28388955,30333036,27655724,29122656,27045512,27624915,31074879,",CD274,B7-H|B7H1|PD-L1|PDCD1L1|PDCD1LG1|PDL1,MIM:605402|HGNC:HGNC:17635|Ensembl:ENSG00000120217|Vega:OTTHUMG00000019503,9,9p24.1,CD274 molecule,protein-coding,programmed cell death 1 ligand 1|B7 homolog 1|CD274 antigen|PDCD1 ligand 1
5156,18,"22080864,23242283,20889717,16186508,20479398,19707201,23630597,18464291,12176024,25940087,18950958,12023424,25033601,19779861,21393858,23074200,17690840,23970477,",PDGFRA,CD140A|PDGFR-2|PDGFR2,MIM:173490|HGNC:HGNC:8803|Ensembl:ENSG00000134853|Vega:OTTHUMG00000128699,4,4q12,platelet derived growth factor receptor alpha,protein-coding,"platelet-derived growth factor receptor alpha|CD140 antigen-like family member A|CD140a antigen|PDGF-R-alpha|alpha-type platelet-derived growth factor receptor|platelet-derived growth factor receptor 2|platelet-derived growth factor receptor, alpha polypeptide"
6389,2,"23797725,30259794,",SDHA,CMD1GG|FP|PGL5|SDH1|SDH2|SDHF,MIM:600857|HGNC:HGNC:10680|Ensembl:ENSG00000073578|Vega:OTTHUMG00000090275,5,5p15.33,succinate dehydrogenase complex flavoprotein subunit A,protein-coding,"succinate dehydrogenase [ubiquinone] flavoprotein subunit, mitochondrial|flavoprotein subunit of complex II|succinate dehydrogenase complex, subunit A, flavoprotein (Fp)"
55636,1,"29212025,",CHD7,CRG|HH5|IS3|KAL5,MIM:608892|HGNC:HGNC:20626|Ensembl:ENSG00000171316|Vega:OTTHUMG00000165332,8,8q12.2,chromodomain helicase DNA binding protein 7,protein-coding,chromodomain-helicase-DNA-binding protein 7|ATP-dependent helicase CHD7|CHARGE association|chromodomain helicase DNA binding protein 7 isoform CRA_e
55256,1,"25640948,",ADI1,APL1|ARD|Fe-ARD|HMFT1638|MTCBP1|Ni-ARD|SIPL|mtnD,MIM:613400|HGNC:HGNC:30576|Ensembl:ENSG00000182551|Vega:OTTHUMG00000112441,2,2p25.3,acireductone dioxygenase 1,protein-coding,"1,2-dihydroxy-3-keto-5-methylthiopentene dioxygenase|MT1-MMP cytoplasmic tail-binding protein-1|acireductone dioxygenase (Fe(2+)-requiring)|acireductone dioxygenase (Ni(2+)-requiring)|membrane-type 1 matrix metalloproteinase cytoplasmic tail binding protein-1|submergence induced protein 2|submergence-induced protein-like factor"
5328,1,"21181094,",PLAU,ATF|BDPLT5|QPD|UPA|URK|u-PA,MIM:191840|HGNC:HGNC:9052|Ensembl:ENSG00000122861|Vega:OTTHUMG00000018494,10,10q22.2,"plasminogen activator, urokinase",protein-coding,"urokinase-type plasminogen activator|U-plasminogen activator|plasminogen activator, urinary"
11009,1,"12606943,",IL24,C49A|FISP|IL10B|MDA7|MOB5|ST16,MIM:604136|HGNC:HGNC:11346|Ensembl:ENSG00000162892|Vega:OTTHUMG00000036459,1,1q32.1,interleukin 24,protein-coding,interleukin-24|IL-4-induced secreted protein|melanocyte-associated Mda-7|melanoma differentiation-associated gene 7 protein|suppression of tumorigenicity 16 (melanoma differentiation)
1027,12,"19264608,12579309,16194892,21338280,18363870,21051932,14558671,26391562,26292757,12133571,19147535,16283443,",CDKN1B,CDKN4|KIP1|MEN1B|MEN4|P27KIP1,MIM:600778|HGNC:HGNC:1785|Ensembl:ENSG00000111276|Vega:OTTHUMG00000149914,12,12p13.1,cyclin dependent kinase inhibitor 1B,protein-coding,"cyclin-dependent kinase inhibitor 1B|cyclin-dependent kinase inhibitor 1B (p27, Kip1)"
153090,1,"22696229,",DAB2IP,AF9Q34|AIP-1|AIP1|DIP1/2,MIM:609205|HGNC:HGNC:17294|Ensembl:ENSG00000136848|Vega:OTTHUMG00000020595,9,9q33.2,DAB2 interacting protein,protein-coding,disabled homolog 2-interacting protein|ASK-interacting protein 1|ASK1-interacting protein 1|DAB2 interaction protein|DOC-2/DAB2 interactive protein|nGAP-like protein
103,1,"18178553,",ADAR,ADAR1|AGS6|DRADA|DSH|DSRAD|G1P1|IFI-4|IFI4|K88DSRBP|P136,MIM:146920|HGNC:HGNC:225|Ensembl:ENSG00000160710|Vega:OTTHUMG00000037261,1,1q21.3,"adenosine deaminase, RNA specific",protein-coding,double-stranded RNA-specific adenosine deaminase|136 kDa double-stranded RNA-binding protein|adenosine deaminase acting on RNA 1-A|dsRNA adenosine deaminase|dsRNA adeonosine deaminase|interferon-induced protein 4|interferon-inducible protein 4
719,1,"25603857,",C3AR1,AZ3B|C3AR|HNFAG09,MIM:605246|HGNC:HGNC:1319|Ensembl:ENSG00000171860|Vega:OTTHUMG00000168569,12,12p13.31,complement C3a receptor 1,protein-coding,C3a anaphylatoxin chemotactic receptor|complement component 3 receptor 1|complement component 3a receptor 1
4043,1,"29955130,",LRPAP1,A2MRAP|A2RAP|HBP44|MRAP|MYP23|RAP|alpha-2-MRAP,MIM:104225|HGNC:HGNC:6701|Ensembl:ENSG00000163956|Vega:OTTHUMG00000090299,4,4p16.3,LDL receptor related protein associated protein 1,protein-coding,alpha-2-macroglobulin receptor-associated protein|39 kDa receptor-associated protein|low density lipoprotein receptor-related protein associated protein 1|low density lipoprotein-related protein-associated protein 1 (alpha-2-macroglobulin receptor-associated protein 1)
53637,1,"24903384,",S1PR5,EDG8|Edg-8|S1P5|SPPR-1|SPPR-2,MIM:605146|HGNC:HGNC:14299|Ensembl:ENSG00000180739|Vega:OTTHUMG00000180581,19,19p13.2,sphingosine-1-phosphate receptor 5,protein-coding,"sphingosine 1-phosphate receptor 5|S1P receptor 5|S1P receptor Edg-8|endothelial differentiation G-protein-coupled receptor 8|endothelial differentiation, sphingolipid G-protein-coupled receptor, 8|sphingosine 1-phosphate receptor EDG8|sphingosine 1-phosphate receptor Edg-8"
123169,1,"20196086,",LEO1,RDL,MIM:610507|HGNC:HGNC:30401|Ensembl:ENSG00000166477|Vega:OTTHUMG00000131843,15,15q21.2,"LEO1 homolog, Paf1/RNA polymerase II complex component",protein-coding,"RNA polymerase-associated protein LEO1|Leo1 Paf1/RNA polymerase II complex component|Leo1, Paf1/RNA polymerase II complex component, homolog|replicative senescence down-regulated leo1-like protein"
5725,1,"28024117,",PTBP1,HNRNP-I|HNRNPI|HNRPI|PTB|PTB-1|PTB-T|PTB2|PTB3|PTB4|pPTB,MIM:600693|HGNC:HGNC:9583|Ensembl:ENSG00000011304|Vega:OTTHUMG00000181789,19,19p13.3,polypyrimidine tract binding protein 1,protein-coding,polypyrimidine tract-binding protein 1|57 kDa RNA-binding protein PPTB-1|RNA-binding protein|heterogeneous nuclear ribonucleoprotein I|heterogeneous nuclear ribonucleoprotein polypeptide I|hnRNP I|polypyrimidine tract binding protein (heterogeneous nuclear ribonucleoprotein I)
79801,1,"29745440,",SHCBP1,PAL,MIM:611027|HGNC:HGNC:29547|Ensembl:ENSG00000171241|Vega:OTTHUMG00000132540,16,16q11.2,SHC binding and spindle associated 1,protein-coding,SHC SH2 domain-binding protein 1|Protein expressed in Activated Lymphocytes
79682,1,"15893739,",CENPU,CENP50|CENPU50|KLIP1|MLF1IP|PBIP1,MIM:611511|HGNC:HGNC:21348|Ensembl:ENSG00000151725|Vega:OTTHUMG00000160499,4,4q35.1,centromere protein U,protein-coding,centromere protein U|KSHV latent nuclear antigen interacting protein 1|MLF1 interacting protein|centromere protein of 50 kDa|interphase centromere complex protein 24|polo-box-interacting protein 1
4440,3,"24057325,22985791,18826648,",MSI1,-,MIM:603328|HGNC:HGNC:7330|Ensembl:ENSG00000135097|Vega:OTTHUMG00000169344,12,12q24.31,musashi RNA binding protein 1,protein-coding,RNA-binding protein Musashi homolog 1|musashi-1|musashi1
2534,1,"24413734,",FYN,SLK|SYN|p59-FYN,MIM:137025|HGNC:HGNC:4037|Ensembl:ENSG00000010810|Vega:OTTHUMG00000016305,6,6q21,"FYN proto-oncogene, Src family tyrosine kinase",protein-coding,"tyrosine-protein kinase Fyn|FYN oncogene related to SRC, FGR, YES|OKT3-induced calcium influx regulator|c-syn protooncogene|proto-oncogene Syn|proto-oncogene c-Fyn|src-like kinase|src/yes-related novel|tyrosine kinase p59fyn(T)"
51765,1,"25650755,",STK26,MASK|MST4,MIM:300547|HGNC:HGNC:18174|Ensembl:ENSG00000134602|Vega:OTTHUMG00000022420,X,Xq26.2,serine/threonine kinase 26,protein-coding,serine/threonine-protein kinase 26|Mst3 and SOK1-related kinase|STE20-like kinase 4|STE20-like kinase MST4|mammalian Ste20-like protein kinase 4|mammalian sterile 20-like 4|serine/threonine protein kinase 26|serine/threonine protein kinase MST4|serine/threonine-protein kinase MASK
9093,1,"15589840,",DNAJA3,HCA57|TID1|hTID-1,MIM:608382|HGNC:HGNC:11808|Ensembl:ENSG00000103423|Vega:OTTHUMG00000129470,16,16p13.3,DnaJ heat shock protein family (Hsp40) member A3,protein-coding,"dnaJ homolog subfamily A member 3, mitochondrial|DnaJ (Hsp40) homolog, subfamily A, member 3|dnaJ protein Tid-1|hepatocellular carcinoma-associated antigen 57|tumorous imaginal discs protein Tid56 homolog"
2983,1,"15201957,",GUCY1B3,GC-S-beta-1|GC-SB3|GUC1B3|GUCB3|GUCSB3|GUCY1B1,MIM:139397|HGNC:HGNC:4687|Ensembl:ENSG00000061918|Vega:OTTHUMG00000161698,4,4q32.1,guanylate cyclase 1 soluble subunit beta,protein-coding,"guanylate cyclase soluble subunit beta-1|GCS-beta-1|GCS-beta-3|guanylate cyclase 1, soluble, beta 3|guanylate cyclase soluble subunit beta-3|soluble guanylate cyclase small subunit"
84451,1,"26859459,",MAP3K21,MLK4|dJ862P8.3,MIM:614793|HGNC:HGNC:29798|Ensembl:ENSG00000143674|Vega:OTTHUMG00000037889,1,1q42.2,mitogen-activated protein kinase kinase kinase 21,protein-coding,mitogen-activated protein kinase kinase kinase 21|mitogen-activated protein kinase kinase kinase MLK4|mixed lineage kinase 4
3014,1,"23966158,",H2AFX,H2A.X|H2A/X|H2AX,MIM:601772|HGNC:HGNC:4739|Ensembl:ENSG00000188486|Vega:OTTHUMG00000166196,11,11q23.3,H2A histone family member X,protein-coding,histone H2AX|H2AX histone|histone H2A.x
6772,1,"18225539,",STAT1,CANDF7|IMD31A|IMD31B|IMD31C|ISGF-3|STAT91,MIM:600555|HGNC:HGNC:11362|Ensembl:ENSG00000115415|Vega:OTTHUMG00000132699,2,2q32.2,signal transducer and activator of transcription 1,protein-coding,"signal transducer and activator of transcription 1-alpha/beta|signal transducer and activator of transcription 1, 91kD|signal transducer and activator of transcription 1, 91kDa|transcription factor ISGF-3 components p91/p84"
3084,1,"23399902,",NRG1,ARIA|GGF|GGF2|HGL|HRG|HRG1|HRGA|MST131|MSTP131|NDF|NRG1-IT2|SMDF,MIM:142445|HGNC:HGNC:7997|Ensembl:ENSG00000157168|Vega:OTTHUMG00000163918,8,8p12,neuregulin 1,protein-coding,"pro-neuregulin-1, membrane-bound isoform|acetylcholine receptor-inducing activity|glial growth factor 2|heregulin, alpha (45kD, ERBB2 p185-activator)|neu differentiation factor|pro-NRG1|sensory and motor neuron derived factor"
8115,4,"15325703,12381789,12672960,22645177,",TCL1A,TCL1,MIM:186960|HGNC:HGNC:11648|Ensembl:ENSG00000100721|Vega:OTTHUMG00000171390,14,14q32.13,T-cell leukemia/lymphoma 1A,protein-coding,T-cell leukemia/lymphoma protein 1A|T-cell lymphoma-1|oncogene TCL-1|oncogene TCL1|protein p14 TCL1
302,1,"25697644,",ANXA2,ANX2|ANX2L4|CAL1H|HEL-S-270|LIP2|LPC2|LPC2D|P36|PAP-IV,MIM:151740|HGNC:HGNC:537|Ensembl:ENSG00000182718|Vega:OTTHUMG00000132763,15,15q22.2,annexin A2,protein-coding,annexin A2|annexin II|annexin-2|calpactin I heavy chain|calpactin I heavy polypeptide|calpactin-1 heavy chain|chromobindin 8|epididymis secretory protein Li 270|lipocortin II|placental anticoagulant protein IV|protein I
9474,1,"19375507,",ATG5,APG5|APG5-LIKE|APG5L|ASP|SCAR25|hAPG5,MIM:604261|HGNC:HGNC:589|Ensembl:ENSG00000057663|Vega:OTTHUMG00000016193,6,6q21,autophagy related 5,protein-coding,autophagy protein 5|APG5 autophagy 5-like|ATG5 autophagy related 5 homolog|apoptosis-specific protein
7799,3,"15809732,26690953,22614009,",PRDM2,HUMHOXY1|KMT8|KMT8A|MTB-ZF|RIZ|RIZ1|RIZ2,MIM:601196|HGNC:HGNC:9347|Ensembl:ENSG00000116731|Vega:OTTHUMG00000007917,1,1p36.21,PR/SET domain 2,protein-coding,"PR domain zinc finger protein 2|GATA-3 binding protein G3B|MTE-binding protein|PR domain 2|PR domain containing 2, with ZNF domain|PR domain-containing protein 2|lysine N-methyltransferase 8|retinoblastoma protein-binding zinc finger protein|retinoblastoma protein-interacting zinc finger protein|zinc finger protein RIZ|zinc-finger DNA-binding protein"
283219,1,"21472142,",KCTD21,KCASH2,HGNC:HGNC:27452|Ensembl:ENSG00000188997|Vega:OTTHUMG00000166497,11,11q14.1,potassium channel tetramerization domain containing 21,protein-coding,BTB/POZ domain-containing protein KCTD21|potassium channel tetramerisation domain containing 21
23300,1,"28922373,",ATMIN,ASCIZ|ZNF822,MIM:614693|HGNC:HGNC:29034|Ensembl:ENSG00000166454|Vega:OTTHUMG00000176469,16,16q23.2,ATM interactor,protein-coding,ATM interactor|ATM INteracting protein|ATM/ATR-Substrate Chk2-Interacting Zn++-finger protein|ATM/ATR-substrate CHEK2-interacting zinc finger protein|ATM/ATR-substrate CHK2-interacting zinc finger protein|zinc finger protein 822
6224,1,"16968546,",RPS20,S20,MIM:603682|HGNC:HGNC:10405|Ensembl:ENSG00000008988|Vega:OTTHUMG00000164297,8,8q12.1,ribosomal protein S20,protein-coding,40S ribosomal protein S20|small ribosomal subunit protein uS10
27022,1,"26011451,",FOXD3,AIS1|Genesis|HFH2|VAMAS2,MIM:611539|HGNC:HGNC:3804|Ensembl:ENSG00000187140|Vega:OTTHUMG00000009141,1,1p31.3,forkhead box D3,protein-coding,forkhead box protein D3|HNF3/FH transcription factor genesis
11162,1,"11801566,",NUDT6,ASFGF2|FGF-AS|FGF2AS|GFG-1|GFG1,MIM:606261|HGNC:HGNC:8053|Ensembl:ENSG00000170917|Vega:OTTHUMG00000039507,4,4q28.1,nudix hydrolase 6,protein-coding,nucleoside diphosphate-linked moiety X motif 6|antisense basic fibroblast growth factor|nudix (nucleoside diphosphate linked moiety X)-type motif 6
9612,1,"21143702,",NCOR2,CTG26|N-CoR2|SMAP270|SMRT|SMRTE|SMRTE-tau|TNRC14|TRAC|TRAC-1|TRAC1,MIM:600848|HGNC:HGNC:7673|Ensembl:ENSG00000196498|Vega:OTTHUMG00000150455,12,12q24.31,nuclear receptor corepressor 2,protein-coding,"nuclear receptor corepressor 2|CTG repeat protein 26|T3 receptor-associating factor|silencing mediator for retinoid and thyroid hormone receptors|thyroid-, retinoic-acid-receptor-associated corepressor"
4601,2,"17102621,11875718,",MXI1,MAD2|MXD2|MXI|bHLHc11,MIM:600020|HGNC:HGNC:7534|Ensembl:ENSG00000119950|Vega:OTTHUMG00000019033,10,10q25.2,"MAX interactor 1, dimerization protein",protein-coding,max-interacting protein 1|MAX dimerization protein 2|Max-related transcription factor|class C basic helix-loop-helix protein 11
770,1,"29792187,",CA11,CARPX1,MIM:604644|HGNC:HGNC:1370|Ensembl:ENSG00000063180|Vega:OTTHUMG00000183320,19,19q13.33,carbonic anhydrase 11,protein-coding,carbonic anhydrase-related protein 11|CA-RP II|CA-XI|CARP XI|CARP-2|carbonic anhydrase XI|carbonic anhydrase-related protein 2|carbonic anhydrase-related protein XI
6929,2,"16449526,27105323,",TCF3,AGM8|E2A|E47|ITF1|TCF-3|VDIR|bHLHb21,MIM:147141|HGNC:HGNC:11633|Ensembl:ENSG00000071564|Vega:OTTHUMG00000180031,19,19p13.3,transcription factor 3,protein-coding,transcription factor E2-alpha|NOL1-TCF3 fusion|VDR interacting repressor|class B basic helix-loop-helix protein 21|helix-loop-helix protein HE47|immunoglobulin transcription factor 1|kappa-E2-binding factor|negative vitamin D response element-binding protein|transcription factor 3 (E2A immunoglobulin enhancer binding factors E12/E47)|transcription factor 3 variant 3|transcription factor ITF-1|vitamin D receptor-interacting repressor
7472,1,"23603171,",WNT2,INT1L1|IRP,MIM:147870|HGNC:HGNC:12780|Ensembl:ENSG00000105989|Vega:OTTHUMG00000023428,7,7q31.2,Wnt family member 2,protein-coding,protein Wnt-2|Int-1-related protein|int-1-like protein 1|secreted growth factor|wingless-type MMTV integration site family member 2
57142,1,"18685489,",RTN4,ASY|NI220/250|NOGO|NSP|NSP-CL|Nbla00271|Nbla10545|RTN-X|RTN4-A|RTN4-B1|RTN4-B2|RTN4-C,MIM:604475|HGNC:HGNC:14085|Ensembl:ENSG00000115310|Vega:OTTHUMG00000129337,2,2p16.1,reticulon 4,protein-coding,reticulon-4|Human NogoA|My043 protein|foocen|neurite growth inhibitor 220|neurite outgrowth inhibitor|neuroendocrine-specific protein C homolog|reticulon 5
4292,4,"24073290,11999575,21425258,22930430,",MLH1,COCA2|FCC2|HNPCC|HNPCC2|hMLH1,MIM:120436|HGNC:HGNC:7127|Ensembl:ENSG00000076242|Vega:OTTHUMG00000130797,3,3p22.2,mutL homolog 1,protein-coding,"DNA mismatch repair protein Mlh1|mutL homolog 1, colon cancer, nonpolyposis type 2"
8438,1,"12614485,",RAD54L,HR54|RAD54A|hHR54|hRAD54,MIM:603615|HGNC:HGNC:9826|Ensembl:ENSG00000085999|Vega:OTTHUMG00000007772,1,1p34.1,RAD54 like (S. cerevisiae),protein-coding,DNA repair and recombination protein RAD54-like|RAD54 homolog
1641,2,"21477071,16195916,",DCX,DBCN|DC|LISX|SCLH|XLIS,MIM:300121|HGNC:HGNC:2714|Ensembl:ENSG00000077279|Vega:OTTHUMG00000022204,X,Xq23,doublecortin,protein-coding,neuronal migration protein doublecortin|doublecortex|doublin|lis-X|lissencephalin-X
6714,2,"24069415,21937681,",SRC,ASV|SRC1|THC6|c-SRC|p60-Src,MIM:190090|HGNC:HGNC:11283|Ensembl:ENSG00000197122|Vega:OTTHUMG00000032417,20,20q11.23,"SRC proto-oncogene, non-receptor tyrosine kinase",protein-coding,"proto-oncogene tyrosine-protein kinase Src|proto-oncogene c-Src|protooncogene SRC, Rous sarcoma|tyrosine kinase pp60c-src|tyrosine-protein kinase SRC-1|v-src avian sarcoma (Schmidt-Ruppin A-2) viral oncogene homolog"
2309,2,"27840901,18363870,",FOXO3,AF6q21|FKHRL1|FKHRL1P2|FOXO2|FOXO3A,MIM:602681|HGNC:HGNC:3821|Ensembl:ENSG00000118689|Vega:OTTHUMG00000015327,6,6q21,forkhead box O3,protein-coding,"forkhead box protein O3|forkhead box O3A|forkhead homolog (rhabdomyosarcoma) like 1|forkhead in rhabdomyosarcoma-like 1|forkhead, Drosophila, homolog of, in rhabdomyosarcoma-like 1"
84525,1,"18507846,",HOPX,CAMEO|HOD|HOP|LAGY|NECC1|OB1|SMAP31|TOTO,MIM:607275|HGNC:HGNC:24961|Ensembl:ENSG00000171476|Vega:OTTHUMG00000128768,4,4q12,HOP homeobox,protein-coding,homeodomain-only protein|lung cancer-associated Y protein|not expressed in choriocarcinoma clone 1|odd homeobox protein 1
2664,1,"25694352,",GDI1,1A|GDIL|MRX41|MRX48|OPHN2|RABGD1A|RABGDIA|XAP-4,MIM:300104|HGNC:HGNC:4226|Ensembl:ENSG00000203879|Vega:OTTHUMG00000033293,X,Xq28,GDP dissociation inhibitor 1,protein-coding,"rab GDP dissociation inhibitor alpha|GDI-1|guanosine diphosphate dissociation inhibitor 1|mental retardation, X-linked 48|oligophrenin-2|protein XAP-4|rab GDI alpha|rab GDP-dissociation inhibitor, alpha|testis secretory sperm-binding protein Li 208a"
2737,2,"23889567,28389227,",GLI3,ACLS|GCPS|GLI3-190|GLI3FL|PAP-A|PAPA|PAPA1|PAPB|PHS|PPDIV,MIM:165240|HGNC:HGNC:4319|Ensembl:ENSG00000106571|Vega:OTTHUMG00000023630,7,7p14.1,GLI family zinc finger 3,protein-coding,transcriptional activator GLI3|GLI-Kruppel family member GLI3|glioma-associated oncogene family zinc finger 3|oncogene GLI3|zinc finger protein GLI3
60561,1,"25304616,",RINT1,RINT-1,MIM:610089|HGNC:HGNC:21876|Ensembl:ENSG00000135249|Vega:OTTHUMG00000157400,7,7q22.3,RAD50 interactor 1,protein-coding,RAD50-interacting protein 1
5728,32,"17504928,23840064,18616639,16194892,24076665,17000554,12168116,19657395,22753230,18046443,27815386,19350382,20358487,28646488,25662849,12085208,17390041,17328268,25829446,12509854,15516982,12084351,25033601,14642363,26248734,17236582,18787206,16707597,18240930,18519768,24154871,24417635,",PTEN,10q23del|BZS|CWS1|DEC|GLM2|MHAM|MMAC1|PTEN1|PTENbeta|TEP1,MIM:601728|HGNC:HGNC:9588|Ensembl:ENSG00000171862|Vega:OTTHUMG00000018688,10,10q23.31,phosphatase and tensin homolog,protein-coding,"phosphatidylinositol 3,4,5-trisphosphate 3-phosphatase and dual-specificity protein phosphatase PTEN|MMAC1 phosphatase and tensin homolog deleted on chromosome 10|mitochondrial PTENalpha|mitochondrial phosphatase and tensin protein alpha|mutated in multiple advanced cancers 1|phosphatase and tensin-like protein|phosphatidylinositol-3,4,5-trisphosphate 3-phosphatase and dual-specificity protein phosphatase PTEN"
6817,1,"17605044,",SULT1A1,HAST1/HAST2|P-PST|PST|ST1A1|ST1A3|STP|STP1|TSPST1,MIM:171150|HGNC:HGNC:11453|Ensembl:ENSG00000196502|Vega:OTTHUMG00000131765,16,16p11.2,sulfotransferase family 1A member 1,protein-coding,"sulfotransferase 1A1|P-PST 1|aryl sulfotransferase 1|phenol-sulfating phenol sulfotransferase 1|sulfotransferase family, cytosolic, 1A, phenol-preferring, member 1|thermostable phenol sulfotransferase1|ts-PST"
896,1,"17300668,",CCND3,-,MIM:123834|HGNC:HGNC:1585|Ensembl:ENSG00000112576|Vega:OTTHUMG00000014690,6,6p21.1,cyclin D3,protein-coding,G1/S-specific cyclin-D3|D3-type cyclin
5962,1,"24380686,",RDX,DFNB24,MIM:179410|HGNC:HGNC:9944|Ensembl:ENSG00000137710|Vega:OTTHUMG00000166574,11,11q22.3,radixin,protein-coding,radixin
6422,6,"30394013,24096618,20208569,26337424,20685720,20823417,",SFRP1,FRP|FRP-1|FRP1|FrzA|SARP2,MIM:604156|HGNC:HGNC:10776|Ensembl:ENSG00000104332|Vega:OTTHUMG00000164074,8,8p11.21,secreted frizzled related protein 1,protein-coding,secreted frizzled-related protein 1|SARP-2|frizzled-related protein|sFRP-1|secreted apoptosis-related protein 2
54413,1,"28959975,",NLGN3,HNL3,MIM:300336|HGNC:HGNC:14289|Ensembl:ENSG00000196338|Vega:OTTHUMG00000021790,X,Xq13.1,neuroligin 3,protein-coding,neuroligin-3|gliotactin homolog
2068,4,"27323065,17151930,26264164,15834925,",ERCC2,COFS2|EM9|TFIIH|TTD|TTD1|XPD,MIM:126340|HGNC:HGNC:3434|Ensembl:ENSG00000104884|Vega:OTTHUMG00000048190,19,19q13.32,"ERCC excision repair 2, TFIIH core complex helicase subunit",protein-coding,"TFIIH basal transcription factor complex helicase XPD subunit|BTF2 p80|CXPD|DNA excision repair protein ERCC-2|DNA repair protein complementing XP-D cells|TFIIH 80 kDa subunit|TFIIH basal transcription factor complex 80 kDa subunit|TFIIH basal transcription factor complex helicase XPB subunit|TFIIH basal transcription factor complex helicase subunit|TFIIH p80|basic transcription factor 2 80 kDa subunit|excision repair cross-complementation group 2|excision repair cross-complementing rodent repair deficiency, complementation group 2|xeroderma pigmentosum complementary group D|xeroderma pigmentosum group D-complementing protein"
9020,1,"24362935,",MAP3K14,FTDCR1B|HS|HSNIK|NIK,MIM:604655|HGNC:HGNC:6853|Ensembl:ENSG00000006062|Vega:OTTHUMG00000180364,17,17q21.31,mitogen-activated protein kinase kinase kinase 14,protein-coding,mitogen-activated protein kinase kinase kinase 14|NF-kappa-beta-inducing kinase|serine/threonine-protein kinase NIK
1385,2,"25648114,25476123,",CREB1,CREB|CREB-1,MIM:123810|HGNC:HGNC:2345|Ensembl:ENSG00000118260|Vega:OTTHUMG00000132936,2,2q33.3,cAMP responsive element binding protein 1,protein-coding,"cyclic AMP-responsive element-binding protein 1|active transcription factor CREB|cAMP-response element-binding protein-1|cyclic adenosine 3',5'-monophosphate response element-binding protein CREB|transactivator protein"
2672,4,"23466061,26160036,25043047,28329683,",GFI1,GFI-1|GFI1A|SCN2|ZNF163,MIM:600871|HGNC:HGNC:4237|Ensembl:ENSG00000162676|Vega:OTTHUMG00000010897,1,1p22.1,growth factor independent 1 transcriptional repressor,protein-coding,zinc finger protein Gfi-1|growth factor independence-1|growth factor independent 1 transcription repressor|growth factor independent protein 1|zinc finger protein 163
91937,1,"21896488,",TIMD4,SMUCKLER|TIM4,MIM:610096|HGNC:HGNC:25132|Ensembl:ENSG00000145850|Vega:OTTHUMG00000130244,5,5q33.3,T-cell immunoglobulin and mucin domain containing 4,protein-coding,T-cell immunoglobulin and mucin domain-containing protein 4|T-cell immunoglobulin mucin receptor 4|T-cell membrane protein 4|TIM-4|TIMD-4
10253,2,"21278789,19147787,",SPRY2,IGAN3|hSPRY2,MIM:602466|HGNC:HGNC:11270|Ensembl:ENSG00000136158|Vega:OTTHUMG00000017140,13,13q31.1,sprouty RTK signaling antagonist 2,protein-coding,protein sprouty homolog 2
22914,1,"27183590,",KLRK1,CD314|D12S2489E|KLR|NKG2-D|NKG2D,MIM:611817|HGNC:HGNC:18788|Ensembl:ENSG00000213809|Vega:OTTHUMG00000168574,12,12p13.2,killer cell lectin like receptor K1,protein-coding,"NKG2-D type II integral membrane protein|NK cell receptor D|NKG2-D-activating NK receptor|killer cell lectin-like receptor subfamily K, member 1"
10499,1,"21735116,",NCOA2,GRIP1|KAT13C|NCoA-2|SRC2|TIF2|bHLHe75,MIM:601993|HGNC:HGNC:7669|Ensembl:ENSG00000140396|Vega:OTTHUMG00000164671,8,8q13.3,nuclear receptor coactivator 2,protein-coding,nuclear receptor coactivator 2|class E basic helix-loop-helix protein 75|glucocorticoid receptor-interacting protein-1|p160 steroid receptor coactivator 2|transcriptional intermediary factor 2
1464,3,"19152070,30213051,25503117,",CSPG4,HMW-MAA|MCSP|MCSPG|MEL-CSPG|MSK16|NG2,MIM:601172|HGNC:HGNC:2466|Ensembl:ENSG00000173546|Vega:OTTHUMG00000142836,15,15q24.2,chondroitin sulfate proteoglycan 4,protein-coding,chondroitin sulfate proteoglycan 4|chondroitin sulfate proteoglycan 4 (melanoma-associated)|chondroitin sulfate proteoglycan NG2|melanoma chondroitin sulfate proteoglycan|melanoma-associated chondroitin sulfate proteoglycan
5210,1,"22056879,",PFKFB4,-,MIM:605320|HGNC:HGNC:8875|Ensembl:ENSG00000114268|Vega:OTTHUMG00000133528,3,3p21.31,"6-phosphofructo-2-kinase/fructose-2,6-biphosphatase 4",protein-coding,"6-phosphofructo-2-kinase/fructose-2,6-bisphosphatase 4|6PF-2-K/Fru-2,6-P2ase 4|6PF-2-K/Fru-2,6-P2ase testis-type isozyme|PFK/FBPase 4|bifunctional enzyme with kinase and biphosphatase activities"
4851,17,"16449526,17585052,16298817,20827750,16838279,27566587,12807718,22490851,19339697,21730286,22117044,18359760,21527531,16870249,23852537,19771395,30297829,",NOTCH1,AOS5|AOVD1|TAN1|hN1,MIM:190198|HGNC:HGNC:7881|Ensembl:ENSG00000148400|Vega:OTTHUMG00000020935,9,9q34.3,notch 1,protein-coding,"neurogenic locus notch homolog protein 1|Notch homolog 1, translocation-associated|translocation-associated notch protein TAN-1"
3440,1,"25837663,",IFNA2,IFN-alphaA|IFNA|IFNA2B|INFA2,MIM:147562|HGNC:HGNC:5423|Ensembl:ENSG00000188379|Vega:OTTHUMG00000019674,9,9p21.3,interferon alpha 2,protein-coding,interferon alpha-2|IFN-alpha-2|alpha-2a interferon|interferon alpha 2a|interferon alpha 2b|interferon alpha A|leIF A
3778,1,"17701422,",KCNMA1,BKTM|KCa1.1|MaxiK|SAKCA|SLO|SLO-ALPHA|SLO1|bA205K10.1|hSlo|mSLO1,MIM:600150|HGNC:HGNC:6284|Ensembl:ENSG00000156113|Vega:OTTHUMG00000018543,10,10q22.3,potassium calcium-activated channel subfamily M alpha 1,protein-coding,"calcium-activated potassium channel subunit alpha-1|uncharacterized protein|BK channel alpha subunit|BKCA alpha subunit|big potassium channel alpha subunit|calcium-activated potassium channel, subfamily M subunit alpha-1|k(VCA)alpha|maxi-K channel HSLO|potassium channel, calcium activated large conductance subfamily M alpha, member 1|potassium large conductance calcium-activated channel, subfamily M, alpha member 1|slo homolog|slowpoke homolog|stretch-activated Kca channel"
3090,3,"14656076,14688019,12539045,",HIC1,ZBTB29|ZNF901|hic-1,MIM:603825|HGNC:HGNC:4909|Ensembl:ENSG00000177374|Vega:OTTHUMG00000177635,17,17p13.3,HIC ZBTB transcriptional repressor 1,protein-coding,hypermethylated in cancer 1 protein|hypermethylated in cancer 1|zinc finger and BTB domain-containing protein 29
5747,4,"17332925,22188814,12651906,21590492,",PTK2,FADK|FAK|FAK1|FRNK|PPP1R71|p125FAK|pp125FAK,MIM:600758|HGNC:HGNC:9611|Ensembl:ENSG00000169398|Vega:OTTHUMG00000067438,8,8q24.3,protein tyrosine kinase 2,protein-coding,focal adhesion kinase 1|FADK 1|FAK-related non-kinase polypeptide|PTK2 protein tyrosine kinase 2|focal adhesion kinase isoform FAK-Del33|focal adhesion kinase-related nonkinase|protein phosphatase 1 regulatory subunit 71
2323,1,"21505426,",FLT3LG,FL|FLT3L,MIM:600007|HGNC:HGNC:3766|Ensembl:ENSG00000090554|Vega:OTTHUMG00000186490,19,19q13.33,fms related tyrosine kinase 3 ligand,protein-coding,fms-related tyrosine kinase 3 ligand|flt3 ligand
3235,1,"21600039,",HOXD9,HOX4|HOX4C|Hox-4.3|Hox-5.2,MIM:142982|HGNC:HGNC:5140|Ensembl:ENSG00000128709|Vega:OTTHUMG00000132516,2,2q31.1,homeobox D9,protein-coding,"homeobox protein Hox-D9|Hox-4.3, mouse, homolog of|homeo box D9|homeobox protein Hox-4C|homeobox protein Hox-5.2"
54739,1,"28122345,",XAF1,BIRC4BP|HSXIAPAF1|XIAPAF1,MIM:606717|HGNC:HGNC:30932|Ensembl:ENSG00000132530|Vega:OTTHUMG00000177908,17,17p13.1,XIAP associated factor 1,protein-coding,XIAP-associated factor 1|BIRC4-binding protein
7545,1,"20199689,",ZIC1,CRS6|ZIC|ZNF201,MIM:600470|HGNC:HGNC:12872|Ensembl:ENSG00000152977|Vega:OTTHUMG00000159456,3,3q24,Zic family member 1,protein-coding,"zinc finger protein ZIC 1|Zic family member 1 (odd-paired homolog, Drosophila)|Zinc finger protein of the cerebellum 1|zinc finger protein 201"
1051,2,"21343335,21471847,",CEBPB,C/EBP-beta|IL6DBP|NF-IL6|TCF5,MIM:189965|HGNC:HGNC:1834|Ensembl:ENSG00000172216|Vega:OTTHUMG00000032715,20,20q13.13,CCAAT/enhancer binding protein beta,protein-coding,"CCAAT/enhancer-binding protein beta|CCAAT/enhancer binding protein (C/EBP), beta|interleukin 6-dependent DNA-binding protein|nuclear factor NF-IL6|nuclear factor of interleukin 6|transcription factor 5|transcription factor C/EBP beta"
10935,1,"23157748,",PRDX3,AOP-1|AOP1|HBC189|MER5|PRO1748|SP-22|prx-III,MIM:604769|HGNC:HGNC:9354|Ensembl:ENSG00000165672|Vega:OTTHUMG00000019146,10,10q26.11,peroxiredoxin 3,protein-coding,"thioredoxin-dependent peroxide reductase, mitochondrial|antioxidant protein 1|peroxiredoxin III|protein MER5 homolog"
51741,3,"17823927,24585490,18365142,",WWOX,D16S432E|EIEE28|FOR|FRA16D|HHCMA56|PRO0128|SCAR12|SDR41C1|WOX1,MIM:605131|HGNC:HGNC:12799|Ensembl:ENSG00000186153|Vega:OTTHUMG00000176851,16,16q23.1-q23.2,WW domain containing oxidoreductase,protein-coding,WW domain-containing oxidoreductase|WW domain-containing protein WWOX|fragile site FRA16D oxidoreductase|short chain dehydrogenase/reductase family 41C member 1
3569,11,"28288823,21057561,28859336,25966666,19445568,27902467,11448119,28381401,21684758,26381542,20306684,",IL6,BSF-2|BSF2|CDF|HGF|HSF|IFN-beta-2|IFNB2|IL-6,MIM:147620|HGNC:HGNC:6018|Ensembl:ENSG00000136244|Vega:OTTHUMG00000023178,7,7p15.3,interleukin 6,protein-coding,interleukin-6|B-cell differentiation factor|B-cell stimulatory factor 2|CTL differentiation factor|hybridoma growth factor|interferon beta-2|interleukin BSF-2
23405,4,"21937200,24840646,29330195,21882293,",DICER1,DCR1|Dicer|Dicer1e|HERNA|K12H4.8-LIKE|MNG1|RMSE2,MIM:606241|HGNC:HGNC:17098|Ensembl:ENSG00000100697|Vega:OTTHUMG00000166134,14,14q32.13,"dicer 1, ribonuclease III",protein-coding,"endoribonuclease Dicer|Dicer1, Dcr-1 homolog|dicer 1, double-stranded RNA-specific endoribonuclease|dicer 1, ribonuclease type III|helicase MOI|helicase with RNAse motif"
4802,1,"27495011,",NFYC,CBF-C|CBFC|H1TF2A|HAP5|HSM|NF-YC,MIM:605344|HGNC:HGNC:7806|Ensembl:ENSG00000066136|Vega:OTTHUMG00000007729,1,1p34.2,nuclear transcription factor Y subunit gamma,protein-coding,"nuclear transcription factor Y subunit gamma|CAAT box DNA-binding protein subunit C|CCAAT binding factor subunit C|CCAAT transcription binding factor subunit gamma|histone H1 transcription factor large subunit 2A|nuclear transcription factor Y subunit C|nuclear transcription factor Y, gamma|transactivator HSM-1|transactivator HSM-1/2|transcription factor NF-Y, C subunit"
7703,1,"20717685,",PCGF2,MEL-18|RNF110|ZNF144,MIM:600346|HGNC:HGNC:12929|Ensembl:ENSG00000277258|Vega:OTTHUMG00000188501,17,17q12,polycomb group ring finger 2,protein-coding,polycomb group RING finger protein 2|DNA-binding protein Mel-18|ring finger protein 110|zinc finger protein 144
2914,1,"16899734,",GRM4,GPRC1D|MGLUR4|mGlu4,MIM:604100|HGNC:HGNC:4596|Ensembl:ENSG00000124493|Vega:OTTHUMG00000014538,6,6p21.31,glutamate metabotropic receptor 4,protein-coding,"metabotropic glutamate receptor 4|glutamate receptor, metabotropic 4"
4615,13,"22944768,26747248,28496180,25819228,23955458,29703722,27329639,27189828,25501023,25723115,30253331,25347427,25978699,",MYD88,MYD88D,MIM:602170|HGNC:HGNC:7562|Ensembl:ENSG00000172936|Vega:OTTHUMG00000131083,3,3p22.2,myeloid differentiation primary response 88,protein-coding,myeloid differentiation primary response protein MyD88|mutant myeloid differentiation primary response 88|myeloid differentiation primary response gene (88)
100506658,1,"21334421,",OCLN,BLCPMG|PPP1R115|PTORCH1,MIM:602876|HGNC:HGNC:8104|Ensembl:ENSG00000197822|Vega:OTTHUMG00000099356,5,5q13.2,occludin,protein-coding,"occludin|phosphatase 1, regulatory subunit 115|tight junction protein occludin"
4780,6,"30942197,29441509,25304134,23076395,30755497,25841304,",NFE2L2,HEBP1|NRF2,MIM:600492|HGNC:HGNC:7782|Ensembl:ENSG00000116044|Vega:OTTHUMG00000133620,2,2q31.2,"nuclear factor, erythroid 2 like 2",protein-coding,nuclear factor erythroid 2-related factor 2|nuclear factor erythroid-derived 2-like 2
8676,1,"26176172,",STX11,FHL4|HLH4|HPLH4,MIM:605014|HGNC:HGNC:11429|Ensembl:ENSG00000135604|Vega:OTTHUMG00000015739,6,6q24.2,syntaxin 11,protein-coding,syntaxin-11
478,1,"21498719,",ATP1A3,AHC2|ATP1A1|CAPOS|DYT12|RDP,MIM:182350|HGNC:HGNC:801|Ensembl:ENSG00000105409|Vega:OTTHUMG00000137384,19,19q13.2,ATPase Na+/K+ transporting subunit alpha 3,protein-coding,"sodium/potassium-transporting ATPase subunit alpha-3|ATPase, Na+/K+ transporting, alpha 3 polypeptide|Na(+)/K(+) ATPase alpha(III) subunit|Na(+)/K(+) ATPase alpha-3 subunit|Na+, K+ activated adenosine triphosphatase alpha subunit|Na+/K+ ATPase 3|sodium pump subunit alpha-3|sodium-potassium ATPase catalytic subunit alpha-3|sodium-potassium-ATPase, alpha 3 polypeptide|sodium/potassium-transporting ATPase alpha-3 chain"
51816,1,"28453746,",ADA2,ADGF|CECR1|IDGFL|PAN|SNEDS,MIM:607575|HGNC:HGNC:1839|Ensembl:ENSG00000093072|Vega:OTTHUMG00000030726,22,22q11.1,adenosine deaminase 2,protein-coding,"adenosine deaminase 2|adenosine deaminase CECR1|cat eye syndrome chromosome region, candidate 1|cat eye syndrome critical region protein 1"
836,2,"17143787,17606719,",CASP3,CPP32|CPP32B|SCA-1,MIM:600636|HGNC:HGNC:1504|Ensembl:ENSG00000164305|Vega:OTTHUMG00000133681,4,4q35.1,caspase 3,protein-coding,"caspase-3|CASP-3|CPP-32|PARP cleavage protease|SREBP cleavage activity 1|apopain|caspase 3, apoptosis-related cysteine peptidase|caspase 3, apoptosis-related cysteine protease|cysteine protease CPP32|procaspase3|protein Yama"
4052,1,"22632886,",LTBP1,-,MIM:150390|HGNC:HGNC:6714|Ensembl:ENSG00000049323|Vega:OTTHUMG00000152118,2,2p22.3,latent transforming growth factor beta binding protein 1,protein-coding,latent-transforming growth factor beta-binding protein 1|LTBP-1|TGF-beta1-BP-1|transforming growth factor beta-1-binding protein 1
11093,1,"14644076,",ADAMTS13,ADAM-TS13|ADAMTS-13|C9orf8|VWFCP|vWF-CP,MIM:604134|HGNC:HGNC:1366|Ensembl:ENSG00000160323|Vega:OTTHUMG00000020876,9,9q34.2,ADAM metallopeptidase with thrombospondin type 1 motif 13,protein-coding,"A disintegrin and metalloproteinase with thrombospondin motifs 13|a disintegrin-like and metalloprotease (reprolysin type) with thrombospondin type 1 motif, 13|vWF-cleaving protease|von Willebrand factor-cleaving protease"
7403,2,"23184418,30006524,",KDM6A,KABUK2|UTX|bA386N14.2,MIM:300128|HGNC:HGNC:12637|Ensembl:ENSG00000147050|Vega:OTTHUMG00000021402,X,Xp11.3,lysine demethylase 6A,protein-coding,lysine-specific demethylase 6A|bA386N14.2 (ubiquitously transcribed X chromosome tetratricopeptide repeat protein (UTX))|histone demethylase UTX|lysine (K)-specific demethylase 6A|ubiquitously transcribed tetratricopeptide repeat protein X-linked|ubiquitously-transcribed TPR gene on the X chromosome
3068,1,"22037800,",HDGF,HMG1L2,MIM:600339|HGNC:HGNC:4856|Ensembl:ENSG00000143321|Vega:OTTHUMG00000041295,1,1q23.1,heparin binding growth factor,protein-coding,hepatoma-derived growth factor|hepatoma derived growth factor|high mobility group protein 1-like 2
3934,1,"21184133,",LCN2,24p3|MSFI|NGAL|p25,MIM:600181|HGNC:HGNC:6526|Ensembl:ENSG00000148346|Vega:OTTHUMG00000020734,9,9q34.11,lipocalin 2,protein-coding,neutrophil gelatinase-associated lipocalin|25 kDa alpha-2-microglobulin-related subunit of MMP-9|migration-stimulating factor inhibitor|oncogene 24p3|siderocalin LCN2
4763,9,"12387455,28515046,23244495,14695164,26908603,20600672,21931722,27659822,26190195,",NF1,NFNS|VRNF|WSS,MIM:613113|HGNC:HGNC:7765|Ensembl:ENSG00000196712|Vega:OTTHUMG00000132871,17,17q11.2,neurofibromin 1,protein-coding,neurofibromin|neurofibromatosis 1|neurofibromatosis-related protein NF-1|truncated neurofibromin 1
22933,1,"12963026,",SIRT2,SIR2|SIR2L|SIR2L2,MIM:604480|HGNC:HGNC:10886|Ensembl:ENSG00000068903,19,19q13.2,sirtuin 2,protein-coding,NAD-dependent protein deacetylase sirtuin-2|NAD-dependent deacetylase sirtuin-2|SIR2-like protein 2|regulatory protein SIR2 homolog 2|silent information regulator 2|sir2-related protein type 2|sirtuin type 2
54880,1,"28262675,",BCOR,ANOP2|MAA2|MCOPS2,MIM:300485|HGNC:HGNC:20893|Ensembl:ENSG00000183337|Vega:OTTHUMG00000024100,X,Xp11.4,BCL6 corepressor,protein-coding,BCL-6 corepressor|BCL-6 interacting corepressor
912,1,"25115738,",CD1D,CD1A|R3|R3G1,MIM:188410|HGNC:HGNC:1637|Ensembl:ENSG00000158473|Vega:OTTHUMG00000022436,1,1q23.1,CD1d molecule,protein-coding,"antigen-presenting glycoprotein CD1d|CD1D antigen, d polypeptide|HMC class I antigen-like glycoprotein CD1D|T-cell surface glycoprotein CD1d|differentiation antigen CD1-alpha-3|thymocyte antigen CD1D"
1432,1,"17616668,",MAPK14,CSBP|CSBP1|CSBP2|CSPB1|EXIP|Mxi2|PRKM14|PRKM15|RK|SAPK2A|p38|p38ALPHA,MIM:600289|HGNC:HGNC:6876|Ensembl:ENSG00000112062|Vega:OTTHUMG00000159806,6,6p21.31,mitogen-activated protein kinase 14,protein-coding,mitogen-activated protein kinase 14|CSAID-binding protein|Csaids binding protein|MAP kinase 14|MAP kinase Mxi2|MAP kinase p38 alpha|MAX-interacting protein 2|cytokine suppressive anti-inflammatory drug binding protein|mitogen-activated protein kinase p38 alpha|p38 MAP kinase|p38 mitogen activated protein kinase|p38alpha Exip|stress-activated protein kinase 2A
8678,5,"20473282,19375507,19556884,30842153,27466513,",BECN1,ATG6|VPS30|beclin1,MIM:604378|HGNC:HGNC:1034|Ensembl:ENSG00000126581|Vega:OTTHUMG00000180653,17,17q21.31,beclin 1,protein-coding,"beclin-1|ATG6 autophagy related 6 homolog|beclin 1 (coiled-coil, moesin-like BCL2-interacting protein)|beclin 1, autophagy related|coiled-coil myosin-like BCL2-interacting protein|testis secretory sperm-binding protein Li 215e"
599,1,"28855351,",BCL2L2,BCL-W|BCL2-L-2|BCLW|PPP1R51,MIM:601931|HGNC:HGNC:995|Ensembl:ENSG00000129473|Vega:OTTHUMG00000028738,14,14q11.2,BCL2 like 2,protein-coding,"bcl-2-like protein 2|apoptosis regulator BCL-W|protein phosphatase 1, regulatory subunit 51"
79586,1,"28627702,",CHPF,CHSY2|CSS2,MIM:610405|HGNC:HGNC:24291|Ensembl:ENSG00000123989|Vega:OTTHUMG00000058929,2,2q35,chondroitin polymerizing factor,protein-coding,chondroitin sulfate synthase 2|N-acetylgalactosaminyl-proteoglycan 3-beta-glucuronosyltransferase II|N-acetylgalactosaminyltransferase 2|chondroitin glucuronyltransferase 2|glucuronosyl-N-acetylgalactosaminyl-proteoglycan 4-beta-N-acetylgalactosaminyltransferase II
8930,1,"11836615,",MBD4,MED1,MIM:603574|HGNC:HGNC:6919|Ensembl:ENSG00000129071|Vega:OTTHUMG00000159463,3,3q21.3,"methyl-CpG binding domain 4, DNA glycosylase",protein-coding,"methyl-CpG-binding domain protein 4|3,N(4)-ethenocytosine glycosylase|G/5-fluorouracil mismatch glycosylase with biphasic kinetics|G/T mismatch glycosylase|G/U mismatch glycosylase|methyl-CpG binding domain protein 4|methyl-CpG-binding endonuclease 1|methyl-CpG-binding protein MBD4|mismatch-specific DNA N-glycosylase|putative methyl-CpG binding protein"
6598,6,"20930055,22752724,22038540,20118769,19582488,15101046,",SMARCB1,BAF47|CSS3|INI1|MRD15|PPP1R144|RDT|RTPS1|SNF5|SNF5L1|SWNTS1|Sfh1p|Snr1|hSNFS,MIM:601607|HGNC:HGNC:11103|Ensembl:ENSG00000099956|Vega:OTTHUMG00000150737,22,22q11.23|22q11,"SWI/SNF related, matrix associated, actin dependent regulator of chromatin, subfamily b, member 1",protein-coding,"SWI/SNF-related matrix-associated actin-dependent regulator of chromatin subfamily B member 1|BRG1-associated factor 47|SNF5 homolog|SWI/SNF-related matrix-associated protein|hSNF5|integrase interactor 1 protein|malignant rhabdoid tumor suppressor|protein phosphatase 1, regulatory subunit 144|sucrose nonfermenting, yeast, homolog-like 1"
10746,1,"29662197,",MAP3K2,MEKK2|MEKK2B,MIM:609487|HGNC:HGNC:6854|Ensembl:ENSG00000169967|Vega:OTTHUMG00000153397,2,2q14.3,mitogen-activated protein kinase kinase kinase 2,protein-coding,mitogen-activated protein kinase kinase kinase 2|MAP/ERK kinase kinase 2|MAPK/ERK kinase kinase 2|MEK kinase 2|MEKK 2
1235,2,"12514792,22926920,",CCR6,BN-1|C-C CKR-6|CC-CKR-6|CCR-6|CD196|CKR-L3|CKRL3|CMKBR6|DCR2|DRY6|GPR29|GPRCY4|STRL22,MIM:601835|HGNC:HGNC:1607|Ensembl:ENSG00000112486|Vega:OTTHUMG00000016015,6,6q27,C-C motif chemokine receptor 6,protein-coding,"C-C chemokine receptor type 6|G protein-coupled receptor 29|LARC receptor|chemokine (C-C motif) receptor 6|chemokine (C-C) receptor 6|chemokine receptor-like 3|seven-transmembrane receptor, lymphocyte, 22"
3814,1,"21169415,",KISS1,HH13|KiSS-1,MIM:603286|HGNC:HGNC:6341|Ensembl:ENSG00000170498|Vega:OTTHUMG00000036060,1,1q32.1,KiSS-1 metastasis-suppressor,protein-coding,metastasis-suppressor KiSS-1|kisspeptin-1|malignant melanoma metastasis-suppressor|metastin|prepro-kisspeptin
7448,1,"27871448,",VTN,V75|VN|VNT,MIM:193190|HGNC:HGNC:12724|Ensembl:ENSG00000109072|Vega:OTTHUMG00000132500,17,17q11.2,vitronectin,protein-coding,vitronectin|S-protein|complement S-protein|epibolin|serum spreading factor|somatomedin B
8742,1,"26300004,",TNFSF12,APO3L|DR3LG|TNLG4A|TWEAK,MIM:602695|HGNC:HGNC:11927|Ensembl:ENSG00000239697|Vega:OTTHUMG00000108148,17,17p13.1,TNF superfamily member 12,protein-coding,"tumor necrosis factor ligand superfamily member 12|APO3 ligand|APO3/DR3 ligand|TNF-related WEAK inducer of apoptosis|tumor necrosis factor (ligand) superfamily, member 12|tumor necrosis factor ligand 4A|tumor necrosis factor superfamily member 12"
4790,8,"18580810,20433747,22984526,26612043,15940251,17991734,28232371,16123212,",NFKB1,CVID12|EBP-1|KBF1|NF-kB1|NF-kappa-B|NF-kappaB|NFKB-p105|NFKB-p50|NFkappaB|p105|p50,MIM:164011|HGNC:HGNC:7794|Ensembl:ENSG00000109320|Vega:OTTHUMG00000161080,4,4q24,nuclear factor kappa B subunit 1,protein-coding,nuclear factor NF-kappa-B p105 subunit|DNA-binding factor KBF1|NF-kappabeta|nuclear factor NF-kappa-B p50 subunit|nuclear factor kappa-B DNA binding subunit|nuclear factor of kappa light polypeptide gene enhancer in B-cells 1
8739,1,"19641496,",HRK,DP5|HARAKIRI,MIM:603447|HGNC:HGNC:5185|Ensembl:ENSG00000135116|Vega:OTTHUMG00000169328,12,12q24.22,"harakiri, BCL2 interacting protein",protein-coding,"activator of apoptosis harakiri|BH3-interacting domain-containing protein 3|activator of apoptosis Hrk|death protein 5|harakiri, BCL2 interacting protein (contains only BH3 domain)|neuronal death protein DP5"
9353,4,"12881718,25333347,20008733,16636676,",SLIT2,SLIL3|Slit-2,MIM:603746|HGNC:HGNC:11086|Ensembl:ENSG00000145147|Vega:OTTHUMG00000128551,4,4p15.31,slit guidance ligand 2,protein-coding,slit homolog 2 protein
4968,1,"15126346,",OGG1,HMMH|HOGG1|MUTM|OGH1,MIM:601982|HGNC:HGNC:8125|Ensembl:ENSG00000114026|Vega:OTTHUMG00000097091,3,3p25.3,8-oxoguanine DNA glycosylase,protein-coding,N-glycosylase/DNA lyase|8-hydroxyguanine DNA glycosylase|AP lyase|DNA-apurinic or apyrimidinic site lyase|OGG1 type 1f
9830,1,"29867201,",TRIM14,-,MIM:606556|HGNC:HGNC:16283|Ensembl:ENSG00000106785|Vega:OTTHUMG00000020339,9,9q22.33,tripartite motif containing 14,protein-coding,tripartite motif-containing protein 14|tripartite motif protein TRIM14
9361,1,"27764809,",LONP1,CODASS|LON|LONP|LonHS|PIM1|PRSS15|hLON,MIM:605490|HGNC:HGNC:9479|Ensembl:ENSG00000196365|Vega:OTTHUMG00000180504,19,19p13.3,"lon peptidase 1, mitochondrial",protein-coding,"lon protease homolog, mitochondrial|hLON ATP-dependent protease|lon protease-like protein|mitochondrial ATP-dependent protease Lon|mitochondrial lon protease-like protein|serine protease 15"
343,1,"24055034,",AQP8,AQP-8,MIM:603750|HGNC:HGNC:642|Ensembl:ENSG00000103375|Vega:OTTHUMG00000097013,16,16p12.1,aquaporin 8,protein-coding,aquaporin-8
7709,2,"26766587,20551174,",ZBTB17,MIZ-1|ZNF151|ZNF60|pHZ-67,MIM:604084|HGNC:HGNC:12936|Ensembl:ENSG00000116809|Vega:OTTHUMG00000009377,1,1p36.13,zinc finger and BTB domain containing 17,protein-coding,zinc finger and BTB domain-containing protein 17|Myc-interacting Zn finger protein-1|zinc finger protein 151 (pHZ-67)|zinc finger protein 60
3910,1,"16146715,",LAMA4,CMD1JJ|LAMA3|LAMA4*-1,MIM:600133|HGNC:HGNC:6484|Ensembl:ENSG00000112769|Vega:OTTHUMG00000015386,6,6q21,laminin subunit alpha 4,protein-coding,"laminin subunit alpha-4|laminin alpha 4 chain|laminin, alpha 4"
55966,4,"16410724,21439246,24483339,24807315,",AJAP1,MOT8|SHREW-1|SHREW1,MIM:610972|HGNC:HGNC:30801|Ensembl:ENSG00000196581|Vega:OTTHUMG00000000645,1,1p36.32,adherens junctions associated protein 1,protein-coding,adherens junction-associated protein 1|membrane protein shrew-1|transmembrane protein SHREW1
857,3,"19716156,18282163,16850311,",CAV1,BSCL3|CGL3|LCCNS|MSTP085|PPH3|VIP21,MIM:601047|HGNC:HGNC:1527|Ensembl:ENSG00000105974|Vega:OTTHUMG00000023413,7,7q31.2,caveolin 1,protein-coding,"caveolin-1|caveolin 1, caveolae protein, 22kDa|cell growth-inhibiting protein 32"
4919,1,"20597086,",ROR1,NTRKR1|dJ537F10.1,MIM:602336|HGNC:HGNC:10256|Ensembl:ENSG00000185483|Vega:OTTHUMG00000009022,1,1p31.3,receptor tyrosine kinase like orphan receptor 1,protein-coding,"inactive tyrosine-protein kinase transmembrane receptor ROR1|neurotrophic tyrosine kinase, receptor-related 1"
6659,2,"26096696,18577562,",SOX4,EVI16,MIM:184430|HGNC:HGNC:11200|Ensembl:ENSG00000124766|Vega:OTTHUMG00000016101,6,6p22.3,SRY-box 4,protein-coding,transcription factor SOX-4|SRY (sex determining region Y)-box 4|SRY-related HMG-box gene 4|ecotropic viral integration site 16
79923,5,"28345785,23708493,20581802,21573506,23801022,",NANOG,-,MIM:607937|HGNC:HGNC:20857|Ensembl:ENSG00000111704|Vega:OTTHUMG00000166019,12,12p13.31,Nanog homeobox,protein-coding,homeobox protein NANOG|homeobox transcription factor Nanog|homeobox transcription factor Nanog-delta 48
4192,1,"21233844,",MDK,ARAP|MK|NEGF2,MIM:162096|HGNC:HGNC:6972|Ensembl:ENSG00000110492|Vega:OTTHUMG00000150315,11,11p11.2,midkine (neurite growth-promoting factor 2),protein-coding,midkine|amphiregulin-associated protein|midgestation and kidney protein|neurite outgrowth-promoting factor 2|retinoic acid inducible factor
51684,10,"22508808,19833601,30554998,29186568,15077159,12068298,21188540,22958902,27234298,28596197,",SUFU,PRO1280|SUFUH|SUFUXL,MIM:607035|HGNC:HGNC:16466|Ensembl:ENSG00000107882|Vega:OTTHUMG00000018966,10,10q24.32,SUFU negative regulator of hedgehog signaling,protein-coding,suppressor of fused homolog
3576,3,"28288823,26674732,28859336,",CXCL8,GCP-1|GCP1|IL8|LECT|LUCT|LYNAP|MDNCF|MONAP|NAF|NAP-1|NAP1,MIM:146930|HGNC:HGNC:6025|Ensembl:ENSG00000169429|Vega:OTTHUMG00000151316,4,4q13.3,C-X-C motif chemokine ligand 8,protein-coding,"interleukin-8|T-cell chemotactic factor|alveolar macrophage chemotactic factor I|beta endothelial cell-derived neutrophil activating peptide|beta-thromboglobulin-like protein|chemokine (C-X-C motif) ligand 8|emoctakin|granulocyte chemotactic protein 1|interleukin 8|lung giant cell carcinoma-derived chemotactic protein|lymphocyte derived neutrophil activating peptide|monocyte-derived neutrophil chemotactic factor|monocyte-derived neutrophil-activating peptide|neutrophil-activating peptide 1|small inducible cytokine subfamily B, member 8|tumor necrosis factor-induced gene 1"
81,1,"20156433,",ACTN4,ACTININ-4|FSGS|FSGS1,MIM:604638|HGNC:HGNC:166|Ensembl:ENSG00000130402|Vega:OTTHUMG00000137382,19,19q13.2,actinin alpha 4,protein-coding,alpha-actinin-4|focal segmental glomerulosclerosis 1|non-muscle alpha-actinin 4
8714,1,"19937796,",ABCC3,ABC31|EST90757|MLP2|MOAT-D|MRP3|cMOAT2,MIM:604323|HGNC:HGNC:54|Ensembl:ENSG00000108846|Vega:OTTHUMG00000162245,17,17q21.33,ATP binding cassette subfamily C member 3,protein-coding,"canalicular multispecific organic anion transporter 2|ATP-binding cassette sub-family C member 3|ATP-binding cassette, sub-family C (CFTR/MRP), member 3|canicular multispecific organic anion transporter|multi-specific organic anion transporter D|multidrug resistance associated protein|multidrug resistance-associated protein 3"
8061,2,"18172271,15831677,",FOSL1,FRA|FRA1|fra-1,MIM:136515|HGNC:HGNC:13718|Ensembl:ENSG00000175592|Vega:OTTHUMG00000166715,11,11q13.1,"FOS like 1, AP-1 transcription factor subunit",protein-coding,"fos-related antigen 1|FOS like 1, AP-1 trancription factor subunit|FOS-like antigen-1"
60672,1,"15867349,",MIIP,IIP45,MIM:608772|HGNC:HGNC:25715|Ensembl:ENSG00000116691|Vega:OTTHUMG00000002439,1,1p36.22,migration and invasion inhibitory protein,protein-coding,migration and invasion-inhibitory protein|IGFBP2-binding protein|invasion-inhibitory protein 45
86,1,"31303610,",ACTL6A,ACTL6|ARPN-BETA|Arp4|BAF53A|INO80K,MIM:604958|HGNC:HGNC:24124|Ensembl:ENSG00000136518|Vega:OTTHUMG00000157782,3,3q26.33,actin like 6A,protein-coding,actin-like protein 6A|53 kDa BRG1-associated factor A|BAF complex 53 kDa subunit|BAF53|BRG1-associated factor 53A|INO80 complex subunit K|actin-related protein 4|actin-related protein Baf53a|arpNbeta|hArpN beta
9860,1,"22484910,",LRIG2,LIG-2|LIG2|UFS2,MIM:608869|HGNC:HGNC:20889|Ensembl:ENSG00000198799|Vega:OTTHUMG00000012133,1,1p13.2,leucine rich repeats and immunoglobulin like domains 2,protein-coding,leucine-rich repeats and immunoglobulin-like domains protein 2
245711,1,"22447439,",SPDYA,RINGO3|RINGOA|SPDY1|SPY1,MIM:614029|HGNC:HGNC:30613|Ensembl:ENSG00000163806|Vega:OTTHUMG00000074041,2,2p23.2,speedy/RINGO cell cycle regulator family member A,protein-coding,speedy protein A|RINGO A|hSpy/Ringo A|rapid inducer of G2/M progression in oocytes A|speedy homolog A|speedy-1
2170,1,"24493698,",FABP3,FABP11|H-FABP|M-FABP|MDGI|O-FABP,MIM:134651|HGNC:HGNC:3557|Ensembl:ENSG00000121769|Vega:OTTHUMG00000003797,1,1p35.2,fatty acid binding protein 3,protein-coding,"fatty acid-binding protein, heart|fatty acid binding protein 11|fatty acid binding protein 3, muscle and heart|heart-type fatty acid-binding protein|mammary-derived growth inhibitor|muscle fatty acid-binding protein"
64919,1,"18558082,",BCL11B,ATL1|ATL1-alpha|ATL1-beta|ATL1-delta|ATL1-gamma|CTIP-2|CTIP2|IMD49|RIT1|ZNF856B|hRIT1-alpha,MIM:606558|HGNC:HGNC:13222|Ensembl:ENSG00000127152|Vega:OTTHUMG00000028967,14,14q32.2,B-cell CLL/lymphoma 11B,protein-coding,B-cell lymphoma/leukemia 11B|B-cell CLL/lymphoma 11B (zinc finger protein)|B-cell CLL/lymphoma 11B/T-cell receptor delta constant region fusion protein|B-cell lymphoma/leukaemia 11B|BCL-11B|BCL11B/TRDC fusion|COUP-TF-interacting protein 2|hRit1|radiation-induced tumor suppressor gene 1 protein|zinc finger protein hRit1 alpha
2335,1,"18474427,",FN1,CIG|ED-B|FINC|FN|FNZ|GFND|GFND2|LETS|MSF,MIM:135600|HGNC:HGNC:3778|Ensembl:ENSG00000115414|Vega:OTTHUMG00000133054,2,2q35,fibronectin 1,protein-coding,fibronectin|cold-insoluble globulin|migration-stimulating factor
2921,1,"28018222,",CXCL3,CINC-2b|GRO3|GROg|MIP-2b|MIP2B|SCYB3,MIM:139111|HGNC:HGNC:4604|Ensembl:ENSG00000163734|Vega:OTTHUMG00000160861,4,4q13.3,C-X-C motif chemokine ligand 3,protein-coding,C-X-C motif chemokine 3|GRO-gamma|GRO-gamma(1-73)|GRO3 oncogene|MGSA gamma|MIP2-beta|chemokine (C-X-C motif) ligand 3|growth-regulated protein gamma|macrophage inflammatory protein 2-beta|melanoma growth stimulatory activity gamma
5076,1,"22552444,",PAX2,FSGS7|PAPRS,MIM:167409|HGNC:HGNC:8616|Ensembl:ENSG00000075891|Vega:OTTHUMG00000018913,10,10q24.31,paired box 2,protein-coding,paired box protein Pax-2|paired box homeotic gene 2
23039,1,"25694352,",XPO7,EXP7|RANBP16,MIM:606140|HGNC:HGNC:14108|Ensembl:ENSG00000130227|Vega:OTTHUMG00000163789,8,8p21.3,exportin 7,protein-coding,exportin-7|RAN binding protein 16
6304,1,"22864778,",SATB1,-,MIM:602075|HGNC:HGNC:10541|Ensembl:ENSG00000182568|Vega:OTTHUMG00000129890,3,3p24.3,SATB homeobox 1,protein-coding,DNA-binding protein SATB1|special AT-rich sequence binding protein 1 (binds to nuclear matrix/scaffold-associating DNA)
123920,1,"25931111,",CMTM3,BNAS2|CKLFSF3,MIM:607886|HGNC:HGNC:19174|Ensembl:ENSG00000140931|Vega:OTTHUMG00000137503,16,16q22.1,CKLF like MARVEL transmembrane domain containing 3,protein-coding,CKLF-like MARVEL transmembrane domain-containing protein 3|chemokine-like factor superfamily member 3
23495,1,"19207947,",TNFRSF13B,CD267|CVID|CVID2|IGAD2|RYZN|TACI|TNFRSF14B,MIM:604907|HGNC:HGNC:18153|Ensembl:ENSG00000240505|Vega:OTTHUMG00000059262,17,17p11.2,TNF receptor superfamily member 13B,protein-coding,tumor necrosis factor receptor superfamily member 13B|transmembrane activator and CAML interactor|tumor necrosis factor receptor 13B
84236,1,"23883433,",RHBDD1,RHBDL4|RRP4,MIM:617515|HGNC:HGNC:23081|Ensembl:ENSG00000144468|Vega:OTTHUMG00000133178,2,2q36.3,rhomboid domain containing 1,protein-coding,rhomboid-related protein 4|rhomboid domain-containing protein 1|rhomboid-like protein 4
885,1,"18423848,",CCK,-,MIM:118440|HGNC:HGNC:1569|Ensembl:ENSG00000187094|Vega:OTTHUMG00000131796,3,3p22.1,cholecystokinin,protein-coding,cholecystokinin|cholecystokinin triacontatriapeptide|prepro-cholecystokinin
5010,1,"20546350,",CLDN11,OSP|OTM,MIM:601326|HGNC:HGNC:8514|Ensembl:ENSG00000013297|Vega:OTTHUMG00000158940,3,3q26.2,claudin 11,protein-coding,claudin-11|oligodendrocyte transmembrane protein|oligodendrocyte-specific protein
64839,1,"27234298,",FBXL17,FBXO13|Fbl17|Fbx13,MIM:609083|HGNC:HGNC:13615|Ensembl:ENSG00000145743,5,5q21.3,F-box and leucine rich repeat protein 17,protein-coding,F-box/LRR-repeat protein 17|F-box only protein 13
5133,10,"24926091,29143824,28388955,28681455,24162385,20087161,18594468,21989349,29396294,28535114,",PDCD1,CD279|PD-1|PD1|SLEB2|hPD-1|hPD-l|hSLE1,MIM:600244|HGNC:HGNC:8760|Ensembl:ENSG00000188389|Vega:OTTHUMG00000151342,2,2q37.3,programmed cell death 1,protein-coding,programmed cell death protein 1|programmed cell death 1 protein|protein PD-1|systemic lupus erythematosus susceptibility 2
80380,3,"25025450,29122656,24497532,",PDCD1LG2,B7DC|Btdc|CD273|PD-L2|PDCD1L2|PDL2|bA574F11.2,MIM:605723|HGNC:HGNC:18731|Ensembl:ENSG00000197646|Vega:OTTHUMG00000019504,9,9p24.1,programmed cell death 1 ligand 2,protein-coding,programmed cell death 1 ligand 2|B7 dendritic cell molecule|B7-DC|PD-1-ligand 2|PDCD1 ligand 2|butyrophilin B7-DC|programmed death ligand 2
760,1,"20398423,",CA2,CA-II|CAC|CAII|Car2|HEL-76|HEL-S-282,MIM:611492|HGNC:HGNC:1373|Ensembl:ENSG00000104267|Vega:OTTHUMG00000164944,8,8q21.2,carbonic anhydrase 2,protein-coding,carbonic anhydrase 2|carbonate dehydratase II|carbonic anhydrase B|carbonic anhydrase C|carbonic anhydrase II|carbonic dehydratase|epididymis luminal protein 76|epididymis secretory protein Li 282
3783,1,"23345219,",KCNN4,DHS2|IK|IK1|IKCA1|KCA4|KCa3.1|SK4|hIKCa1|hKCa4|hSK4,MIM:602754|HGNC:HGNC:6293|Ensembl:ENSG00000104783|Vega:OTTHUMG00000182779,19,19q13.31,potassium calcium-activated channel subfamily N member 4,protein-coding,"intermediate conductance calcium-activated potassium channel protein 4|SKCa 4|SKCa4|potassium channel, calcium activated intermediate/small conductance subfamily N alpha, member 4|potassium intermediate/small conductance calcium-activated channel, subfamily N, member 4|putative Gardos channel|putative erythrocyte intermediate conductance calcium-activated potassium Gardos channel|small conductance calcium-activated potassium channel 4"
268,1,"21168856,",AMH,MIF|MIS,MIM:600957|HGNC:HGNC:464|Ensembl:ENSG00000104899|Vega:OTTHUMG00000180415,19,19p13.3,anti-Mullerian hormone,protein-coding,muellerian-inhibiting factor|Mullerian inhibiting factor|Mullerian inhibiting substance|anti-Muellerian hormone|muellerian-inhibiting substance
8815,1,"19567673,",BANF1,BAF|BCRP1|D14S1460|NGPS,MIM:603811|HGNC:HGNC:17397|Ensembl:ENSG00000175334|Vega:OTTHUMG00000166749,11,11q13.1,barrier to autointegration factor 1,protein-coding,barrier-to-autointegration factor|breakpoint cluster region protein 1
29108,1,"24469054,",PYCARD,ASC|CARD5|TMS|TMS-1|TMS1,MIM:606838|HGNC:HGNC:16608|Ensembl:ENSG00000103490|Vega:OTTHUMG00000176753,16,16p11.2,PYD and CARD domain containing,protein-coding,apoptosis-associated speck-like protein containing a CARD|caspase recruitment domain-containing protein 5|target of methylation-induced silencing 1
2872,1,"25193863,",MKNK2,GPRK7|MNK2,MIM:605069|HGNC:HGNC:7111|Ensembl:ENSG00000099875|Vega:OTTHUMG00000180020,19,19p13.3,MAP kinase interacting serine/threonine kinase 2,protein-coding,MAP kinase-interacting serine/threonine-protein kinase 2|G protein-coupled receptor kinase 7|MAP kinase signal-integrating kinase 2|MAPK signal-integrating kinase 2
596,33,"15716988,16949642,26621338,18426731,26565895,18327814,25284491,22804688,18940474,21560251,26482649,25103070,20032416,22194861,17652637,26658664,29902576,19597184,18538438,24679006,27543313,16761743,25016705,11877266,24048795,26717387,24496723,18568776,22309998,12217802,17852408,22002575,21640157,",BCL2,Bcl-2|PPP1R50,MIM:151430|HGNC:HGNC:990|Ensembl:ENSG00000171791|Vega:OTTHUMG00000132791,18,18q21.33,"BCL2, apoptosis regulator",protein-coding,"apoptosis regulator Bcl-2|B-cell CLL/lymphoma 2|protein phosphatase 1, regulatory subunit 50"
3702,2,"19535334,20439541,",ITK,EMT|LPFS1|LYK|PSCTK2,MIM:186973|HGNC:HGNC:6171|Ensembl:ENSG00000113263|Vega:OTTHUMG00000130245,5,5q33.3,IL2 inducible T-cell kinase,protein-coding,tyrosine-protein kinase ITK/TSK|IL-2-inducible T-cell kinase|T-cell-specific kinase|homolog of mouse T-cell itk/tsk|interleukin-2-inducible T-cell kinase|kinase EMT|tyrosine-protein kinase LYK
6515,1,"23995067,",SLC2A3,GLUT3,MIM:138170|HGNC:HGNC:11007|Ensembl:ENSG00000059804|Vega:OTTHUMG00000133685,12,12p13.31,solute carrier family 2 member 3,protein-coding,"solute carrier family 2, facilitated glucose transporter member 3|GLUT-3|glucose transporter type 3, brain|solute carrier family 2 (facilitated glucose transporter), member 3"
6755,3,"19401364,19318729,24182563,",SSTR5,SS-5-R,MIM:182455|HGNC:HGNC:11334|Ensembl:ENSG00000162009|Vega:OTTHUMG00000047842,16,16p13.3,somatostatin receptor 5,protein-coding,somatostatin receptor type 5|somatostatin receptor subtype 5
5141,3,"27267386,19642024,19047098,",PDE4A,DPDE2|PDE4|PDE46,MIM:600126|HGNC:HGNC:8780|Ensembl:ENSG00000065989|Vega:OTTHUMG00000180411,19,19p13.2,phosphodiesterase 4A,protein-coding,"cAMP-specific 3',5'-cyclic phosphodiesterase 4A|phosphodiesterase 4A, cAMP-specific (dunce|phosphodiesterase E2 dunce homolog, Drosophila|phosphodiesterase isozyme 4"
6237,1,"25192052,",RRAS,-,MIM:165090|HGNC:HGNC:10447|Ensembl:ENSG00000126458|Vega:OTTHUMG00000183247,19,19q13.33,related RAS viral (r-ras) oncogene homolog,protein-coding,ras-related protein R-Ras|oncogene RRAS|p23|ras family small GTP binding protein R-Ras
23152,5,"26545048,22869205,22588899,15981098,21817013,",CIC,-,MIM:612082|HGNC:HGNC:14214|Ensembl:ENSG00000079432|Vega:OTTHUMG00000182794,19,19q13.2,capicua transcriptional repressor,protein-coding,protein capicua homolog
6916,1,"15067173,",TBXAS1,BDPLT14|CYP5|CYP5A1|GHOSAL|THAS|TS|TXAS|TXS,MIM:274180|HGNC:HGNC:11609|Ensembl:ENSG00000059377|Vega:OTTHUMG00000157302,7,7q34,thromboxane A synthase 1,protein-coding,"thromboxane-A synthase|TXA synthase|cytochrome P450 5A1|cytochrome P450, family 5, subfamily A, polypeptide 1|platelet, cytochrome P450, subfamily V|thromboxane A synthase 1 (platelet)"
56616,1,"16949641,",DIABLO,DFNA64|SMAC,MIM:605219|HGNC:HGNC:21528|Ensembl:ENSG00000184047|Vega:OTTHUMG00000157014,12,12q24.31,diablo IAP-binding mitochondrial protein,protein-coding,"diablo homolog, mitochondrial|diablo-like protein|direct IAP-binding protein with low pI|second mitochondria-derived activator of caspase"
10362,1,"17961134,",HMG20B,BRAF25|BRAF35|HMGX2|HMGXB2|PP7706|SMARCE1r|SOXL|pp8857,MIM:605535|HGNC:HGNC:5002|Ensembl:ENSG00000064961|Vega:OTTHUMG00000150437,19,19p13.3,high mobility group 20B,protein-coding,"SWI/SNF-related matrix-associated actin-dependent regulator of chromatin subfamily E member 1-related|BRCA2-associated factor 35|HMG box domain containing 2|HMG box-containing protein 20B|HMG domain-containing protein 2|HMG domain-containing protein HMGX2|SMARCE1-related protein|SWI/SNF-related matrix-associated actin-dependent regulator of chromatin subfamily E, member 1-related|Sox-like transcriptional factor|structural DNA-binding protein BRAF35"
639,5,"27924626,21411757,28468592,22580854,16424392,",PRDM1,BLIMP1|PRDI-BF1,MIM:603423|HGNC:HGNC:9346|Ensembl:ENSG00000057657|Vega:OTTHUMG00000015299,6,6q21,PR/SET domain 1,protein-coding,"PR domain zinc finger protein 1|B-lymphocyte-induced maturation protein 1|BLIMP-1|PR domain 1|PR domain containing 1, with ZNF domain|PRDI-binding factor-1|beta-interferon gene positive-regulatory domain I binding factor"
7486,1,"18670736,",WRN,RECQ3|RECQL2|RECQL3,MIM:604611|HGNC:HGNC:12791|Ensembl:ENSG00000165392|Vega:OTTHUMG00000163894,8,8p12,Werner syndrome RecQ like helicase,protein-coding,"Werner syndrome ATP-dependent helicase|DNA helicase, RecQ-like type 3|Werner syndrome, RecQ helicase-like|exonuclease WRN|recQ protein-like 2"
989,1,"23383034,",SEPTIN7,CDC10|CDC3|NBLA02942|SEPT7A,MIM:603151|HGNC:HGNC:1717|Ensembl:ENSG00000122545|Vega:OTTHUMG00000155063,7,7p14.2,septin 7,protein-coding,"septin-7|CDC10 (cell division cycle 10, S. cerevisiae, homolog)|CDC10 protein homolog|septin 7 variant 4"
4804,8,"17971243,23371454,17696644,29930101,19066726,16826429,20549701,24519935,",NGFR,CD271|Gp80-LNGFR|TNFRSF16|p75(NTR)|p75NTR,MIM:162010|HGNC:HGNC:7809|Ensembl:ENSG00000064300|Vega:OTTHUMG00000161495,17,17q21.33,nerve growth factor receptor,protein-coding,"tumor necrosis factor receptor superfamily member 16|NGF receptor|TNFR superfamily, member 16|low affinity neurotrophin receptor p75NTR|low-affinity nerve growth factor receptor|p75 ICD"
9636,1,"20035788,",ISG15,G1P2|IFI15|IMD38|IP17|UCRP|hUCRP,MIM:147571|HGNC:HGNC:4053|Ensembl:ENSG00000187608|Vega:OTTHUMG00000040777,1,1p36.33,ISG15 ubiquitin-like modifier,protein-coding,"ubiquitin-like protein ISG15|interferon, alpha-inducible protein (clone IFI-15K)|interferon-induced 17-kDa/15-kDa protein|interferon-stimulated protein, 15 kDa|ubiquitin cross-reactive protein"
1956,40,"18949739,25939761,22984561,24986561,19922469,23857604,20305620,22472960,24170555,25618114,19657395,22623992,19391220,18359760,21245103,21455841,16609018,21839716,15269346,25996283,26686534,23617883,17390041,22264301,20962551,20497343,25808866,17328268,19903856,17285230,21960689,17907599,17236582,17616668,23877363,21059755,26808114,18240930,18829483,21590492,",EGFR,ERBB|ERBB1|HER1|NISBD2|PIG61|mENA,MIM:131550|HGNC:HGNC:3236|Ensembl:ENSG00000146648|Vega:OTTHUMG00000023661,7,7p11.2,epidermal growth factor receptor,protein-coding,epidermal growth factor receptor|avian erythroblastic leukemia viral (v-erb-b) oncogene homolog|cell growth inhibiting protein 40|cell proliferation-inducing protein 61|epidermal growth factor receptor tyrosine kinase domain|erb-b2 receptor tyrosine kinase 1|proto-oncogene c-ErbB-1|receptor tyrosine-protein kinase erbB-1
238,20,"28338501,22726922,17922009,21233844,12213716,29327716,26379151,27974674,23716548,27179218,12555065,17690253,18451166,19305144,21471522,29150811,30523493,22810114,19717436,24894770,",ALK,CD246|NBLST3,MIM:105590|HGNC:HGNC:427|Ensembl:ENSG00000171094|Vega:OTTHUMG00000152034,2,2p23.2-p23.1,ALK receptor tyrosine kinase,protein-coding,ALK tyrosine kinase receptor|CD246 antigen|anaplastic lymphoma receptor tyrosine kinase|mutant anaplastic lymphoma kinase
2778,1,"25150496,",GNAS,AHO|C20orf45|GNAS1|GPSA|GSA|GSP|NESP|POH|SCG6|SgVI,MIM:139320|HGNC:HGNC:4392|Ensembl:ENSG00000087460|Vega:OTTHUMG00000033069,20,20q13.32,GNAS complex locus,protein-coding,"protein ALEX|protein GNAS|protein SCG6 (secretogranin VI)|G protein subunit alpha S|adenylate cyclase-stimulating G alpha protein|alternative gene product encoded by XL-exon|extra large alphas protein|guanine nucleotide binding protein (G protein), alpha stimulating activity polypeptide 1|guanine nucleotide regulatory protein|guanine nucleotide-binding protein G(s) subunit alpha isoforms XLas|neuroendocrine secretory protein|secretogranin VI"
7248,2,"15624760,15072102,",TSC1,LAM|TSC,MIM:605284|HGNC:HGNC:12362|Ensembl:ENSG00000165699|Vega:OTTHUMG00000020844,9,9q34.13,TSC complex subunit 1,protein-coding,hamartin|tuberous sclerosis 1 protein|tumor suppressor
54361,1,"24200887,",WNT4,SERKAL|WNT-4,MIM:603490|HGNC:HGNC:12783|Ensembl:ENSG00000162552|Vega:OTTHUMG00000002894,1,1p36.12,Wnt family member 4,protein-coding,"protein Wnt-4|wingless-type MMTV integration site family, member 4"
3604,3,"22901750,24746207,24606203,",TNFRSF9,4-1BB|CD137|CDw137|ILA,MIM:602250|HGNC:HGNC:11924|Ensembl:ENSG00000049249|Vega:OTTHUMG00000001223,1,1p36.23,TNF receptor superfamily member 9,protein-coding,"tumor necrosis factor receptor superfamily member 9|4-1BB ligand receptor|CD137 antigen|T cell antigen ILA|T-cell antigen 4-1BB homolog|homolog of mouse 4-1BB|induced by lymphocyte activation (ILA)|interleukin-activated receptor, homolog of mouse Ly63|receptor protein 4-1BB"
4792,1,"27052952,",NFKBIA,IKBA|MAD-3|NFKBI,MIM:164008|HGNC:HGNC:7797|Ensembl:ENSG00000100906|Vega:OTTHUMG00000140220,14,14q13.2,NFKB inhibitor alpha,protein-coding,"NF-kappa-B inhibitor alpha|I-kappa-B-alpha|IkappaBalpha|ikB-alpha|major histocompatibility complex enhancer-binding protein MAD3|nuclear factor of kappa light chain gene enhancer in B-cells|nuclear factor of kappa light polypeptide gene enhancer in B-cells inhibitor, alpha"
9271,1,"21138738,",PIWIL1,CT80.1|HIWI|MIWI|PIWI,MIM:605571|HGNC:HGNC:9007|Ensembl:ENSG00000125207|Vega:OTTHUMG00000168382,12,12q24.33,piwi like RNA-mediated gene silencing 1,protein-coding,piwi-like protein 1|piwi homolog
3099,1,"21726646,",HK2,HKII|HXK2,MIM:601125|HGNC:HGNC:4923|Ensembl:ENSG00000159399|Vega:OTTHUMG00000129972,2,2p12,hexokinase 2,protein-coding,"hexokinase-2|HK II|hexokinase type II|hexokinase-2, muscle|muscle form hexokinase"
6751,2,"19318729,23455179,",SSTR1,SRIF-2|SS-1-R|SS1-R|SS1R,MIM:182451|HGNC:HGNC:11330|Ensembl:ENSG00000139874|Vega:OTTHUMG00000140249,14,14q21.1,somatostatin receptor 1,protein-coding,somatostatin receptor type 1
7305,1,"27556418,",TYROBP,DAP12|KARAP|PLOSL,MIM:604142|HGNC:HGNC:12449|Ensembl:ENSG00000011600|Vega:OTTHUMG00000181739,19,19q13.12,TYRO protein tyrosine kinase binding protein,protein-coding,TYRO protein tyrosine kinase-binding protein|DNAX-activation protein 12|KAR-associated protein|killer-activating receptor-associated protein
200845,1,"21472142,",KCTD6,KCASH3,HGNC:HGNC:22235|Ensembl:ENSG00000168301|Vega:OTTHUMG00000159161,3,3p14.3,potassium channel tetramerization domain containing 6,protein-coding,BTB/POZ domain-containing protein KCTD6|potassium channel tetramerisation domain containing 6
4843,2,"20034558,22438824,",NOS2,HEP-NOS|INOS|NOS|NOS2A,MIM:163730|HGNC:HGNC:7873|Ensembl:ENSG00000007171|Vega:OTTHUMG00000132445,17,17q11.2,nitric oxide synthase 2,protein-coding,"nitric oxide synthase, inducible|NOS, type II|hepatocyte NOS|inducible NO synthase|inducible NOS|nitric oxide synthase 2, inducible|nitric oxide synthase 2A (inducible, hepatocytes)|nitric oxide synthase, macrophage|peptidyl-cysteine S-nitrosylase NOS2"
643,1,"30087107,",CXCR5,BLR1|CD185|MDR15,MIM:601613|HGNC:HGNC:1060|Ensembl:ENSG00000160683|Vega:OTTHUMG00000166345,11,11q23.3,C-X-C motif chemokine receptor 5,protein-coding,"C-X-C chemokine receptor type 5|Burkitt lymphoma receptor 1, GTP binding protein (chemokine (C-X-C motif) receptor 5)|Burkitt lymphoma receptor 1, GTP-binding protein|CXC-R5|CXCR-5|MDR-15|chemokine (C-X-C motif) receptor 5|monocyte-derived receptor 15"
5817,2,"29878245,15279713,",PVR,CD155|HVED|NECL5|Necl-5|PVS|TAGE4,MIM:173850|HGNC:HGNC:9705|Ensembl:ENSG00000073008|Vega:OTTHUMG00000151527,19,19q13.31,poliovirus receptor,protein-coding,poliovirus receptor|nectin-like protein 5
3600,1,"28550091,",IL15,IL-15,MIM:600554|HGNC:HGNC:5977|Ensembl:ENSG00000164136|Vega:OTTHUMG00000133418,4,4q31.21,interleukin 15,protein-coding,interleukin-15
6528,1,"23678037,",SLC5A5,NIS|TDH1,MIM:601843|HGNC:HGNC:11040|Ensembl:ENSG00000105641|Vega:OTTHUMG00000183447,19,19p13.11,solute carrier family 5 member 5,protein-coding,"sodium/iodide cotransporter|Na(+)/I(-) cotransporter|Na(+)/I(-) symporter|solute carrier family 5 (sodium iodide symporter), member 5|solute carrier family 5 (sodium/iodide cotransporter), member 5"
6586,1,"24158112,",SLIT3,MEGF5|SLIL2|SLIT1|Slit-3|slit2,MIM:603745|HGNC:HGNC:11087|Ensembl:ENSG00000184347|Vega:OTTHUMG00000130409,5,5q34-q35.1,slit guidance ligand 3,protein-coding,slit homolog 3 protein|multiple EGF-like domains protein 5|multiple epidermal growth factor-like domains protein 5|slit homolog 3
3661,1,"17393359,",IRF3,IIAE7,MIM:603734|HGNC:HGNC:6118|Ensembl:ENSG00000126456|Vega:OTTHUMG00000183287,19,19q13.33,interferon regulatory factor 3,protein-coding,interferon regulatory factor 3
5732,1,"20382140,",PTGER2,EP2,MIM:176804|HGNC:HGNC:9594|Ensembl:ENSG00000125384|Vega:OTTHUMG00000140300,14,14q22.1,prostaglandin E receptor 2,protein-coding,"prostaglandin E2 receptor EP2 subtype|PGE receptor EP2 subtype|PGE2 receptor EP2 subtype|prostaglandin E receptor 2 (subtype EP2), 53kD|prostaglandin E receptor 2 (subtype EP2), 53kDa|prostanoid EP2 receptor"
146713,1,"23371454,",RBFOX3,FOX-3|FOX3|HRNBP3|NEUN,MIM:616999|HGNC:HGNC:27097|Ensembl:ENSG00000167281|Vega:OTTHUMG00000150183,17,17q25.3,"RNA binding protein, fox-1 homolog 3",protein-coding,RNA binding protein fox-1 homolog 3|fox-1 homolog C|hexaribonucleotide binding protein 3|neuN antigen|neuronal nuclei antigen
7474,4,"23278988,21205070,26511503,28627699,",WNT5A,hWNT5A,MIM:164975|HGNC:HGNC:12784|Ensembl:ENSG00000114251|Vega:OTTHUMG00000158361,3,3p14.3,Wnt family member 5A,protein-coding,"protein Wnt-5a|WNT-5A protein|wingless-type MMTV integration site family, member 5A"
6760,1,"20660338,",SS18,SSXT|SYT,MIM:600192|HGNC:HGNC:11340|Ensembl:ENSG00000141380|Vega:OTTHUMG00000179425,18,18q11.2,"SS18, nBAF chromatin remodeling complex subunit",protein-coding,"protein SSXT|synovial sarcoma translocated to X chromosome protein|synovial sarcoma translocation, chromosome 18|synovial sarcoma, translocated to X chromosome"
25925,1,"23907569,",ZNF521,EHZF|Evi3,MIM:610974|HGNC:HGNC:24605|Ensembl:ENSG00000198795|Vega:OTTHUMG00000179511,18,18q11.2,zinc finger protein 521,protein-coding,zinc finger protein 521|LYST-interacting protein 3|early hematopoietic zinc finger protein
6608,8,"23334667,23288923,28082415,29789719,23348505,20842126,26345456,25173582,",SMO,CRJS|FZD11|Gx|SMOH,MIM:601500|HGNC:HGNC:11119|Ensembl:ENSG00000128602|Vega:OTTHUMG00000158421,7,7q32.1,"smoothened, frizzled class receptor",protein-coding,"smoothened homolog|frizzled family member 11|protein Gx|seven transmembrane helix receptor|smoothened, frizzled family receptor|smoothened, seven transmembrane spanning receptor"
1192,1,"22578365,",CLIC1,CL1C1|G6|NCC27,MIM:602872|HGNC:HGNC:2062|Ensembl:ENSG00000213719|Vega:OTTHUMG00000031103,6,6p21.33,chloride intracellular channel 1,protein-coding,chloride intracellular channel protein 1|RNCC protein|chloride channel ABP|hRNCC|nuclear chloride ion channel 27|nuclear chloride ion channel protein|p64CLCP|regulatory nuclear chloride ion channel protein
7291,4,"26036627,16229805,23029385,26163539,",TWIST1,ACS3|BPES2|BPES3|CRS|CRS1|CSO|SCS|TWIST|bHLHa38,MIM:601622|HGNC:HGNC:12428|Ensembl:ENSG00000122691|Vega:OTTHUMG00000090821,7,7p21.1,twist family bHLH transcription factor 1,protein-coding,twist-related protein 1|B-HLH DNA binding protein|H-twist|TWIST homolog of drosophila|class A basic helix-loop-helix protein 38|twist basic helix-loop-helix transcription factor 1|twist homolog 1
4233,11,"22750473,22188814,22738909,15516982,27748748,24632607,26823824,22447520,25862637,22672415,18059365,",MET,AUTS9|DFNB97|HGFR|RCCP2|c-Met,MIM:164860|HGNC:HGNC:7029|Ensembl:ENSG00000105976|Vega:OTTHUMG00000023299,7,7q31.2,"MET proto-oncogene, receptor tyrosine kinase",protein-coding,hepatocyte growth factor receptor|HGF receptor|HGF/SF receptor|SF receptor|proto-oncogene c-Met|scatter factor receptor|tyrosine-protein kinase Met
2149,2,"26616854,24620969,",F2R,CF2R|HTR|PAR-1|PAR1|TR,MIM:187930|HGNC:HGNC:3537|Ensembl:ENSG00000181104|Vega:OTTHUMG00000131299,5,5q13.3,coagulation factor II thrombin receptor,protein-coding,proteinase-activated receptor 1|protease-activated receptor 1
1620,1,"15643521,",BRINP1,DBC1|DBCCR1|FAM5A,MIM:602865|HGNC:HGNC:2687|Ensembl:ENSG00000078725|Vega:OTTHUMG00000021020,9,9q33.1,BMP/retinoic acid inducible neural specific 1,protein-coding,BMP/retinoic acid-inducible neural-specific protein 1|bA574M5.1 (deleted in bladder cancer chromosome region candidate 1 (IB3089A))|bone morphogenetic protein/retinoic acid inducible neural-specific 1|bone morphogenic protein/retinoic acid inducible neural-specific 1|deleted in bladder cancer 1|deleted in bladder cancer chromosome region candidate 1|deleted in bladder cancer protein 1
51155,1,"19145478,",JPT1,ARM2|HN1|HN1A,HGNC:HGNC:14569|Ensembl:ENSG00000189159|Vega:OTTHUMG00000154521,17,17q25.1,Jupiter microtubule associated homolog 1,protein-coding,jupiter microtubule associated homolog 1|androgen-regulated protein 2|hematological and neurological expressed 1 protein
4215,1,"29662197,",MAP3K3,MAPKKK3|MEKK3,MIM:602539|HGNC:HGNC:6855|Ensembl:ENSG00000198909|Vega:OTTHUMG00000178905,17,17q23.3,mitogen-activated protein kinase kinase kinase 3,protein-coding,mitogen-activated protein kinase kinase kinase 3|MAP/ERK kinase kinase 3|MAPK/ERK kinase kinase 3|MEK kinase 3|MEKK 3
7170,1,"24913705,",TPM3,CAPM1|CFTD|HEL-189|HEL-S-82p|NEM1|OK/SW-cl.5|TM-5|TM3|TM30|TM30nm|TM5|TPMsk3|TRK|hscp30,MIM:191030|HGNC:HGNC:12012|Ensembl:ENSG00000143549|Vega:OTTHUMG00000035853,1,1q21.3,tropomyosin 3,protein-coding,"tropomyosin alpha-3 chain|alpha-tropomyosin, slow skeletal|cytoskeletal tropomyosin TM30|epididymis luminal protein 189|epididymis secretory sperm binding protein Li 82p|heat-stable cytoskeletal protein 30 kDa|tropomyosin gamma|tropomyosin-5"
90993,1,"29531016,",CREB3L1,OASIS,MIM:616215|HGNC:HGNC:18856|Ensembl:ENSG00000157613|Vega:OTTHUMG00000166423,11,11p11.2,cAMP responsive element binding protein 3 like 1,protein-coding,cyclic AMP-responsive element-binding protein 3-like protein 1|BBF-2 homolog|cAMP-responsive element-binding protein 3-like protein 1|old astrocyte specifically-induced substance
93185,1,"19107234,",IGSF8,CD316|CD81P3|EWI-2|EWI2|KCT-4|LIR-D1|PGRL,MIM:606644|HGNC:HGNC:17813|Ensembl:ENSG00000162729|Vega:OTTHUMG00000024075,1,1q23.2,immunoglobulin superfamily member 8,protein-coding,immunoglobulin superfamily member 8|CD81 partner 3|glu-Trp-Ile EWI motif-containing protein 2|keratinocytes-associated transmembrane protein 4|prostaglandin regulatory-like protein
4691,1,"23599269,",NCL,C23|Nsr1,MIM:164035|HGNC:HGNC:7667|Ensembl:ENSG00000115053|Vega:OTTHUMG00000153866,2,2q37.1,nucleolin,protein-coding,nucleolin
64083,2,"25218347,21499727,",GOLPH3,GOPP1|GPP34|MIDAS|Vps74,MIM:612207|HGNC:HGNC:15452|Ensembl:ENSG00000113384|Vega:OTTHUMG00000090679,5,5p13.3,golgi phosphoprotein 3,protein-coding,"Golgi phosphoprotein 3|coat protein GPP34|coat-protein|golgi peripheral membrane protein 1, 34 kDa|golgi protein|golgi-associated protein|mitochondrial DNA absence factor"
6927,2,"12707037,24858819,",HNF1A,HNF-1A|HNF1|IDDM20|LFB1|MODY3|TCF-1|TCF1,MIM:142410|HGNC:HGNC:11621|Ensembl:ENSG00000135100|Vega:OTTHUMG00000151015,12,12q24.31,HNF1 homeobox A,protein-coding,"hepatocyte nuclear factor 1-alpha|HNF-1-alpha|albumin proximal factor|hepatic nuclear factor 1|interferon production regulator factor|liver-specific transcription factor LF-B1|transcription factor 1, hepatic"
9421,2,"27297109,24623737,",HAND1,Hxt|Thing1|bHLHa27|eHand,MIM:602406|HGNC:HGNC:4807|Ensembl:ENSG00000113196|Vega:OTTHUMG00000130193,5,5q33.2,heart and neural crest derivatives expressed 1,protein-coding,"heart- and neural crest derivatives-expressed protein 1|class A basic helix-loop-helix protein 27|extraembryonic tissues, heart, autonomic nervous system and neural crest derivatives-expressed protein 1"
4616,1,"21810943,",GADD45B,GADD45BETA|MYD118,MIM:604948|HGNC:HGNC:4096|Ensembl:ENSG00000099860|Vega:OTTHUMG00000180434,19,19p13.3,growth arrest and DNA damage inducible beta,protein-coding,growth arrest and DNA damage-inducible protein GADD45 beta|myeloid differentiation primary response protein MyD118|negative growth regulatory protein MyD118
55210,1,"18639545,",ATAD3A,HAYOS,MIM:612316|HGNC:HGNC:25567|Ensembl:ENSG00000197785|Vega:OTTHUMG00000000575,1,1p36.33,"ATPase family, AAA domain containing 3A",protein-coding,ATPase family AAA domain-containing protein 3A
482,2,"19371356,12887597,",ATP1B2,AMOG,MIM:182331|HGNC:HGNC:805|Ensembl:ENSG00000129244|Vega:OTTHUMG00000178018,17,17p13.1,ATPase Na+/K+ transporting subunit beta 2,protein-coding,"sodium/potassium-transporting ATPase subunit beta-2|ATPase, Na+/K+ transporting, beta 2 polypeptide|Na, K-ATPase beta-2 polypeptide|adhesion molecule in glia|adhesion molecule on glia|sodium pump subunit beta-2|sodium-potassium ATPase subunit beta 2 (non-catalytic)|sodium/potassium-dependent ATPase beta-2 subunit|sodium/potassium-dependent ATPase subunit beta-2|sodium/potassium-transporting ATPase beta-2 chain"
53616,1,"16385342,",ADAM22,ADAM 22|MDC2,MIM:603709|HGNC:HGNC:201|Ensembl:ENSG00000008277|Vega:OTTHUMG00000137417,7,7q21.12,ADAM metallopeptidase domain 22,protein-coding,"disintegrin and metalloproteinase domain-containing protein 22|a disintegrin and metalloproteinase domain 22|metalloproteinase-disintegrin ADAM22-3|metalloproteinase-like, disintegrin-like, and cysteine-rich protein 2"
339122,1,"28075478,",RAB43,RAB11B|RAB41,HGNC:HGNC:19983|Ensembl:ENSG00000172780|Vega:OTTHUMG00000137364,3,3q21.3,"RAB43, member RAS oncogene family",protein-coding,ras-related protein Rab-43|ras-related protein Rab-41
10320,1,"11839096,",IKZF1,CVID13|Hs.54452|IK1|IKAROS|LYF1|LyF-1|PPP1R92|PRO0758|ZNFN1A1,MIM:603023|HGNC:HGNC:13176|Ensembl:ENSG00000185811|Vega:OTTHUMG00000155907,7,7p12.2,IKAROS family zinc finger 1,protein-coding,"DNA-binding protein Ikaros|CLL-associated antigen KW-6|ikaros family zinc finger protein 1|lymphoid transcription factor LyF-1|protein phosphatase 1, regulatory subunit 92|zinc finger protein, subfamily 1A, 1 (Ikaros)"
57154,1,"28321604,",SMURF1,-,MIM:605568|HGNC:HGNC:16807|Ensembl:ENSG00000198742|Vega:OTTHUMG00000150272,7,7q22.1,SMAD specific E3 ubiquitin protein ligase 1,protein-coding,E3 ubiquitin-protein ligase SMURF1|E3 ubiquitin ligase SMURF1|HECT-type E3 ubiquitin transferase SMURF1|Smad ubiquitination regulatory factor 1|Smad-specific E3 ubiquitin ligase 1|hSMURF1
4282,3,"12445161,21360573,26980763,",MIF,GIF|GLIF|MMIF,MIM:153620|HGNC:HGNC:7097|Ensembl:ENSG00000240972|Vega:OTTHUMG00000150773,22,22q11.23,macrophage migration inhibitory factor (glycosylation-inhibiting factor),protein-coding,macrophage migration inhibitory factor|L-dopachrome isomerase|L-dopachrome tautomerase|phenylpyruvate tautomerase
6623,1,"12783249,",SNCG,BCSG1|SR,MIM:602998|HGNC:HGNC:11141|Ensembl:ENSG00000173267|Vega:OTTHUMG00000018656,10,10q23.2,synuclein gamma,protein-coding,"gamma-synuclein|breast cancer-specific gene 1 protein|persyn|synoretin|synuclein, gamma (breast cancer-specific protein 1)"
70,1,"27081897,",ACTC1,ACTC|ASD5|CMD1R|CMH11|LVNC4,MIM:102540|HGNC:HGNC:143|Ensembl:ENSG00000159251|Vega:OTTHUMG00000129675,15,15q14,"actin, alpha, cardiac muscle 1",protein-coding,"actin, alpha cardiac muscle 1"
57695,1,"28483947,",USP37,-,HGNC:HGNC:20063|Ensembl:ENSG00000135913|Vega:OTTHUMG00000133113,2,2q35,ubiquitin specific peptidase 37,protein-coding,ubiquitin carboxyl-terminal hydrolase 37|deubiquitinating enzyme 37|tmp_locus_50|ubiquitin specific protease 37|ubiquitin thioesterase 37|ubiquitin thiolesterase 37|ubiquitin-specific-processing protease 37
25875,1,"12061725,",LETMD1,1110019O13Rik|HCCR|HCCR-1|HCCR-2|HCCR1|HCCR2|HCRR-2,HGNC:HGNC:24241|Ensembl:ENSG00000050426|Vega:OTTHUMG00000169538,12,12q13.12,LETM1 domain containing 1,protein-coding,LETM1 domain-containing protein 1|cervical cancer 1 proto-oncogene protein p40|cervical cancer proto-oncogene 2 protein|regulator of TP53
8877,3,"24903384,17316399,18980995,",SPHK1,SPHK,MIM:603730|HGNC:HGNC:11240|Ensembl:ENSG00000176170|Vega:OTTHUMG00000180177,17,17q25.1,sphingosine kinase 1,protein-coding,sphingosine kinase 1|SK 1|SPK 1
161291,1,"20685720,",TMEM30B,CDC50B,MIM:611029|HGNC:HGNC:27254|Ensembl:ENSG00000182107|Vega:OTTHUMG00000171426,14,14q23.1,transmembrane protein 30B,protein-coding,cell cycle control protein 50B|P4-ATPase flippase complex beta subunit TMEM30B
1009,1,"21722156,",CDH11,CAD11|CDHOB|OB|OSF-4,MIM:600023|HGNC:HGNC:1750|Ensembl:ENSG00000140937|Vega:OTTHUMG00000137494,16,16q21,cadherin 11,protein-coding,"cadherin-11|cadherin 11, type 2, OB-cadherin (osteoblast)"
5175,3,"19306055,24905841,18821037,",PECAM1,CD31|CD31/EndoCAM|GPIIA'|PECA1|PECAM-1|endoCAM,MIM:173445|HGNC:HGNC:8823|Ensembl:ENSG00000261371|Vega:OTTHUMG00000175829,17,17q23.3,platelet and endothelial cell adhesion molecule 1,protein-coding,platelet endothelial cell adhesion molecule|CD31 antigen|platelet endothelial cell adhesion molecule-1
141,1,"21697277,",ADPRH,ARH1,MIM:603081|HGNC:HGNC:269|Ensembl:ENSG00000144843|Vega:OTTHUMG00000159420,3,3q13.33,ADP-ribosylarginine hydrolase,protein-coding,ADP-ribosylarginine hydrolase|ADP-ribose-L-arginine cleaving enzyme|[Protein ADP-ribosylarginine] hydrolase
8317,1,"30392930,",CDC7,CDC7L1|HsCDC7|Hsk1|huCDC7,MIM:603311|HGNC:HGNC:1745|Ensembl:ENSG00000097046|Vega:OTTHUMG00000047810,1,1p22.1,cell division cycle 7,protein-coding,"cell division cycle 7-related protein kinase|CDC7 (cell division cycle 7, S. cerevisiae, homolog)-like 1|CDC7-related kinase|cell division cycle 7 homolog|cell division cycle 7-like protein 1"
30845,1,"24306026,",EHD3,PAST3,MIM:605891|HGNC:HGNC:3244|Ensembl:ENSG00000013016|Vega:OTTHUMG00000099365,2,2p23.1,EH domain containing 3,protein-coding,EH domain-containing protein 3|PAST homolog 3
159296,1,"27297662,",NKX2-3,CSX3|NK2.3|NKX2.3|NKX2C|NKX4-3,MIM:606727|HGNC:HGNC:7836|Ensembl:ENSG00000119919|Vega:OTTHUMG00000018887,10,10q24.2,NK2 homeobox 3,protein-coding,"homeobox protein Nkx-2.3|NK2 transcription factor related, locus 3|homeobox protein NK-2 homolog C"
5618,1,"24391856,",PRLR,HPRL|MFAB|hPRLrI,MIM:176761|HGNC:HGNC:9446|Ensembl:ENSG00000113494|Vega:OTTHUMG00000090789,5,5p13.2,prolactin receptor,protein-coding,prolactin receptor|hPRL receptor|secreted prolactin binding protein
10612,1,"19250537,",TRIM3,BERP|HAC1|RNF22|RNF97,MIM:605493|HGNC:HGNC:10064|Ensembl:ENSG00000110171|Vega:OTTHUMG00000133405,11,11p15.4,tripartite motif containing 3,protein-coding,tripartite motif-containing protein 3|RING finger protein 97|brain expressed ring finger|brain-expressed RING finger protein|ring finger protein 22|tripartite motif protein TRIM3
7490,6,"15696971,22242671,25773860,24374862,24607494,15894924,",WT1,AWT1|EWS-WT1|GUD|NPHS4|WAGR|WIT-2|WT33,MIM:607102|HGNC:HGNC:12796|Ensembl:ENSG00000184937|Vega:OTTHUMG00000039556,11,11p13,Wilms tumor 1,protein-coding,Wilms tumor protein|Wilms tumor protein isoform Ex4a(+)
3717,4,"19704259,29168692,18829483,23991929,",JAK2,JTK10|THCYT3,MIM:147796|HGNC:HGNC:6192|Ensembl:ENSG00000096968|Vega:OTTHUMG00000019490,9,9p24.1,Janus kinase 2,protein-coding,tyrosine-protein kinase JAK2|JAK-2|Janus kinase 2 (a protein tyrosine kinase)
83463,1,"22808009,",MXD3,BHLHC13|MAD3|MYX,MIM:609450|HGNC:HGNC:14008|Ensembl:ENSG00000213347|Vega:OTTHUMG00000130854,5,5q35.3,MAX dimerization protein 3,protein-coding,max dimerization protein 3|Max-associated protein 3|Max-interacting transcriptional repressor MAD3|class C basic helix-loop-helix protein 13|max dimerizer 3
6387,5,"15223017,26782381,12485835,25433721,25085362,",CXCL12,IRH|PBSF|SCYB12|SDF1|TLSF|TPAR1,MIM:600835|HGNC:HGNC:10672|Ensembl:ENSG00000107562|Vega:OTTHUMG00000018054,10,10q11.21,C-X-C motif chemokine ligand 12,protein-coding,stromal cell-derived factor 1|chemokine (C-X-C motif) ligand 12|intercrine reduced in hepatomas|pre-B cell growth-stimulating factor
8792,1,"22787434,",TNFRSF11A,CD265|FEO|LOH18CR1|ODFR|OFE|OPTB7|OSTS|PDB2|RANK|TRANCER,MIM:603499|HGNC:HGNC:11908|Ensembl:ENSG00000141655|Vega:OTTHUMG00000132779,18,18q21.33,TNF receptor superfamily member 11a,protein-coding,"tumor necrosis factor receptor superfamily member 11A|Paget disease of bone 2|loss of heterozygosity, 18, chromosomal region 1|osteoclast differentiation factor receptor|receptor activator of NF-KB|receptor activator of nuclear factor-kappa B|tumor necrosis factor receptor superfamily, member 11a, NFKB activator"
7296,1,"25592259,",TXNRD1,GRIM-12|TR|TR1|TRXR1|TXNR,MIM:601112|HGNC:HGNC:12437|Ensembl:ENSG00000198431|Vega:OTTHUMG00000166481,12,12q23.3,thioredoxin reductase 1,protein-coding,"thioredoxin reductase 1, cytoplasmic|KM-102-derived reductase-like factor|gene associated with retinoic and IFN-induced mortality 12 protein|gene associated with retinoic and interferon-induced mortality 12 protein|oxidoreductase|testis tissue sperm-binding protein Li 46a|thioredoxin reductase GRIM-12|thioredoxin reductase TR1"
9894,1,"27329594,",TELO2,CLK2|TEL2|YHFS,MIM:611140|HGNC:HGNC:29099|Ensembl:ENSG00000100726|Vega:OTTHUMG00000044471,16,16p13.3,telomere maintenance 2,protein-coding,"telomere length regulation protein TEL2 homolog|TEL2, telomere maintenance 2, homolog|protein clk-2 homolog"
6868,1,"19515085,",ADAM17,ADAM18|CD156B|CSVP|NISBD|NISBD1|TACE,MIM:603639|HGNC:HGNC:195|Ensembl:ENSG00000151694|Vega:OTTHUMG00000090425,2,2p25.1,ADAM metallopeptidase domain 17,protein-coding,"disintegrin and metalloproteinase domain-containing protein 17|ADAM metallopeptidase domain 18|TNF-alpha convertase|TNF-alpha converting enzyme|snake venom-like protease|tumor necrosis factor, alpha, converting enzyme"
23598,1,"27494852,",PATZ1,MAZR|PATZ|RIAZ|ZBTB19|ZNF278|ZSG|dJ400N23,MIM:605165|HGNC:HGNC:13071|Ensembl:ENSG00000100105|Vega:OTTHUMG00000151254,22,22q12.2,POZ/BTB and AT hook containing zinc finger 1,protein-coding,"POZ-, AT hook-, and zinc finger-containing protein 1|BTB-POZ domain zinc finger transcription factor|MAZ-related factor|POZ-AT hook-zinc finger protein|protein kinase A RI subunit alpha-associated protein|zinc finger and BTB domain-containing protein 19|zinc finger protein 278|zinc finger sarcoma gene protein"
6364,1,"22926920,",CCL20,CKb4|Exodus|LARC|MIP-3-alpha|MIP-3a|MIP3A|SCYA20|ST38,MIM:601960|HGNC:HGNC:10619|Ensembl:ENSG00000115009|Vega:OTTHUMG00000133189,2,2q36.3,C-C motif chemokine ligand 20,protein-coding,"C-C motif chemokine 20|CC chemokine LARC|beta chemokine exodus-1|chemokine (C-C motif) ligand 20|liver and activation-regulated chemokine|macrophage inflammatory protein 3 alpha|small inducible cytokine subfamily A (Cys-Cys), member 20|small-inducible cytokine A20"
259266,3,"20694558,26450969,18636190,",ASPM,ASP|Calmbp1|MCPH5,MIM:605481|HGNC:HGNC:19048|Ensembl:ENSG00000066279|Vega:OTTHUMG00000036277,1,1q31.3,abnormal spindle microtubule assembly,protein-coding,"abnormal spindle-like microcephaly-associated protein|asp (abnormal spindle) homolog, microcephaly associated"
3164,2,"28249906,26840408,",NR4A1,GFRP1|HMR|N10|NAK-1|NGFIB|NP10|NUR77|TR3,MIM:139139|HGNC:HGNC:7980|Ensembl:ENSG00000123358|Vega:OTTHUMG00000150393,12,12q13.13,nuclear receptor subfamily 4 group A member 1,protein-coding,nuclear receptor subfamily 4 group A member 1|ST-59|TR3 orphan receptor|early response protein NAK1|growth factor-inducible nuclear protein N10|hormone receptor|nerve growth factor IB nuclear receptor variant 1|nuclear hormone receptor NUR/77|orphan nuclear receptor HMR|orphan nuclear receptor TR3|steroid receptor TR3|testicular receptor 3
116986,1,"16150119,",AGAP2,CENTG1|GGAP2|PIKE,MIM:605476|HGNC:HGNC:16921|Ensembl:ENSG00000135439|Vega:OTTHUMG00000170285,12,12q14.1,"ArfGAP with GTPase domain, ankyrin repeat and PH domain 2",protein-coding,"arf-GAP with GTPase, ANK repeat and PH domain-containing protein 2|Arf GAP with GTP-binding protein-like, ANK repeat and PH domains 2|GTP-binding and GTPase activating protein 2|centaurin, gamma 1|cnt-g1|phosphatidylinositol 3-kinase enhancer|phosphoinositide 3-kinase enhancer"
4221,2,"22915754,19407509,",MEN1,MEAI|SCG2,MIM:613733|HGNC:HGNC:7010|Ensembl:ENSG00000133895|Vega:OTTHUMG00000045366,11,11q13.1,menin 1,protein-coding,menin
23654,1,"24158112,",PLXNB2,MM1|Nbla00445|PLEXB2|dJ402G11.3,MIM:604293|HGNC:HGNC:9104|Ensembl:ENSG00000196576|Vega:OTTHUMG00000150219,22,22q13.33,plexin B2,protein-coding,plexin-B2
972,3,"25175718,20443131,20416035,",CD74,DHLAG|HLADG|II|Ia-GAMMA,MIM:142790|HGNC:HGNC:1697|Ensembl:ENSG00000019582|Vega:OTTHUMG00000163559,5,5q33.1,CD74 molecule,protein-coding,"HLA class II histocompatibility antigen gamma chain|CD74 antigen (invariant polypeptide of major histocompatibility complex, class II antigen-associated)|CD74 molecule, major histocompatibility complex, class II invariant chain|HLA-DR antigens-associated invariant chain|HLA-DR-gamma|Ia-associated invariant chain|MHC HLA-DR gamma chain|gamma chain of class II antigens|p33"
2526,5,"19487286,19185848,24086629,22411914,21931765,",FUT4,CD15|ELFT|FCT3A|FUC-TIV|FUTIV|LeX|SSEA-1,MIM:104230|HGNC:HGNC:4015|Ensembl:ENSG00000196371|Vega:OTTHUMG00000167795,11,11q21,fucosyltransferase 4,protein-coding,"alpha-(1,3)-fucosyltransferase 4|ELAM ligand fucosyltransferase|ELAM-1 ligand fucosyltransferase|Lewis X|alpha (1,3) fucosyltransferase, myeloid-specific|fucT-IV|fucosyltransferase IV|galactoside 3-L-fucosyltransferase|stage-specific embryonic antigen 1"
5595,8,"28216156,19619936,27282353,22465663,25816226,17016429,27256374,23455179,",MAPK3,ERK-1|ERK1|ERT2|HS44KDAP|HUMKER1A|P44ERK1|P44MAPK|PRKM3|p44-ERK1|p44-MAPK,MIM:601795|HGNC:HGNC:6877|Ensembl:ENSG00000102882|Vega:OTTHUMG00000132149,16,16p11.2,mitogen-activated protein kinase 3,protein-coding,mitogen-activated protein kinase 3|MAP kinase isoform p44|MAPK 1|extracellular signal-regulated kinase 1|extracellular signal-related kinase 1|insulin-stimulated MAP2 kinase|microtubule-associated protein 2 kinase
3106,1,"19487887,",HLA-B,AS|B-4901|HLAB,MIM:142830|HGNC:HGNC:4932|Ensembl:ENSG00000234745|Vega:OTTHUMG00000031153,6,6p21.33,"major histocompatibility complex, class I, B",protein-coding,"major histocompatibility complex, class I, B|HLA class I antigen HLA-B|HLA class I histocompatibility antigen, B alpha chain|MHC HLA-B cell surface glycoprotein|MHC HLA-B transmembrane glycoprotein|MHC class 1 antigen|MHC class I antigen HLA-B alpha chain|MHC class I antigen HLA-B heavy chain|MHC class I antigen SHCHA|MHC class I molecule|leukocyte antigen class I-B"
7175,1,"18663750,",TPR,-,MIM:189940|HGNC:HGNC:12017|Ensembl:ENSG00000047410|Vega:OTTHUMG00000035580,1,1q31.1,"translocated promoter region, nuclear basket protein",protein-coding,nucleoprotein TPR|NPC-associated intranuclear protein|megator|nuclear pore complex-associated protein TPR|translocated promoter region (to activated MET oncogene)|translocated promoter region protein|tumor potentiating region
257144,3,"18264083,21988858,15677569,",GCSAM,GCAT2|GCET2|HGAL,MIM:607792|HGNC:HGNC:20253|Ensembl:ENSG00000174500|Vega:OTTHUMG00000159231,3,3q13.2,germinal center associated signaling and motility,protein-coding,germinal center-associated signaling and motility protein|germinal center B-cell-expressed transcript 2 protein|germinal center expressed transcript 2|germinal center-associated lymphoma protein|human germinal center-associated lymphoma
2487,1,"20208569,",FRZB,FRE|FRITZ|FRP-3|FRZB-1|FRZB-PEN|FRZB1|FZRB|OS1|SFRP3|SRFP3|hFIZ,MIM:605083|HGNC:HGNC:3959|Ensembl:ENSG00000162998|Vega:OTTHUMG00000132597,2,2q32.1,frizzled-related protein,protein-coding,secreted frizzled-related protein 3|frezzled|frizzled homolog-related|frizzled-related protein 1|sFRP-3
541466,1,"20133697,",CT45A1,CT45|CT45-1|CT45.1,MIM:300648|HGNC:HGNC:33267|Ensembl:ENSG00000268940|Vega:OTTHUMG00000188602,X,Xq26.3,cancer/testis antigen family 45 member A1,protein-coding,cancer/testis antigen family 45 member A1|cancer/testis antigen 45-1|cancer/testis antigen 45A1|cancer/testis antigen CT45-1
6469,29,"16951180,22130025,26192445,30483764,21059263,19965762,16707575,20218977,22037313,26286140,21646478,23596255,29551561,28031228,25241898,24076665,15249678,28389227,18829539,24867209,29378965,19952108,25693592,18691547,22052462,18787206,26319366,24954133,23951168,",SHH,HHG1|HLP3|HPE3|MCOPCB5|SMMCI|TPT|TPTPS,MIM:600725|HGNC:HGNC:10848|Ensembl:ENSG00000164690|Vega:OTTHUMG00000151349,7,7q36.3,sonic hedgehog,protein-coding,sonic hedgehog protein|sonic hedgehog homolog
8140,1,"20091333,",SLC7A5,4F2LC|CD98|D16S469E|E16|LAT1|MPE16,MIM:600182|HGNC:HGNC:11063|Ensembl:ENSG00000103257|Vega:OTTHUMG00000137658,16,16q24.2,solute carrier family 7 member 5,protein-coding,"large neutral amino acids transporter small subunit 1|4F2 light chain|CD98 light chain|L-type amino acid transporter 1|integral membrane protein E16|sodium-independent neutral amino acid transporter LAT1|solute carrier family 7 (amino acid transporter light chain, L system), member 5|solute carrier family 7 (cationic amino acid transporter, y+ system), member 5"
80310,1,"25333347,",PDGFD,IEGF|MSTP036|SCDGF-B|SCDGFB,MIM:609673|HGNC:HGNC:30620|Ensembl:ENSG00000170962|Vega:OTTHUMG00000165953,11,11q22.3,platelet derived growth factor D,protein-coding,platelet-derived growth factor D|PDGF-D|iris-expressed growth factor|spinal cord-derived growth factor B
356,4,"29187439,17545588,20889682,24094130,",FASLG,ALPS1B|APT1LG1|APTL|CD178|CD95-L|CD95L|FASL|TNFSF6|TNLG1A,MIM:134638|HGNC:HGNC:11936|Ensembl:ENSG00000117560|Vega:OTTHUMG00000034841,1,1q24.3,Fas ligand,protein-coding,"tumor necrosis factor ligand superfamily member 6|CD95 ligand|Fas ligand (TNF superfamily, member 6)|apoptosis (APO-1) antigen ligand 1|apoptosis antigen ligand|fas antigen ligand|mutant tumor necrosis factor family member 6|tumor necrosis factor ligand 1A"
3420,1,"19498431,",IDH3B,RP46,MIM:604526|HGNC:HGNC:5385|Ensembl:ENSG00000101365|Vega:OTTHUMG00000031699,20,20p13,isocitrate dehydrogenase 3 (NAD(+)) beta,protein-coding,"isocitrate dehydrogenase [NAD] subunit beta, mitochondrial|NAD(+)-specific ICDH subunit beta|isocitrate dehydrogenase 3 (NAD+) beta|isocitric dehydrogenase subunit beta"
326340,1,"21206179,",ZAR1,Z3CXXC6,MIM:607520|HGNC:HGNC:20436|Ensembl:ENSG00000182223|Vega:OTTHUMG00000102093,4,4p11,zygote arrest 1,protein-coding,"zygote arrest protein 1|oocyte-specific maternal effect factor|zinc finger, 3CxxC-type 6"
55122,1,"26036627,",AKIRIN2,C6orf166|FBI1|dJ486L4.2,MIM:615165|HGNC:HGNC:21407|Ensembl:ENSG00000135334|Vega:OTTHUMG00000015180,6,6q15,akirin 2,protein-coding,akirin-2|fourteen-three-three beta interactant 1
3897,3,"18676824,30251576,23399902,",L1CAM,CAML1|CD171|HSAS|HSAS1|MASA|MIC5|N-CAM-L1|N-CAML1|NCAM-L1|S10|SPG1,MIM:308840|HGNC:HGNC:6470|Ensembl:ENSG00000198910|Vega:OTTHUMG00000024221,X,Xq28,L1 cell adhesion molecule,protein-coding,neural cell adhesion molecule L1|antigen identified by monoclonal antibody R1
3567,1,"18395252,",IL5,EDF|IL-5|TRF,MIM:147850|HGNC:HGNC:6016|Ensembl:ENSG00000113525|Vega:OTTHUMG00000059496,5,5q31.1,interleukin 5,protein-coding,"interleukin-5|B-cell differentiation factor I|T-cell replacing factor|colony-stimulating factor, eosinophil|eosinophil differentiation factor"
79673,1,"27556418,",ZNF329,-,HGNC:HGNC:14209|Ensembl:ENSG00000181894|Vega:OTTHUMG00000183453,19,19q13.43,zinc finger protein 329,protein-coding,zinc finger protein 329
